demand,fleet_size,charger_capacity,target,runs,periods,requests_mean,requests_ci_low,requests_ci_high,dispatched_mean,dispatched_ci_low,dispatched_ci_high,completion_rate_mean,completion_rate_ci_low,completion_rate_ci_high,late_service_ratio_mean,late_service_ratio_ci_low,late_service_ratio_ci_high,final_queue_mean,final_queue_ci_low,final_queue_ci_high,late_queue_slope_mean,late_queue_slope_ci_low,late_queue_slope_ci_high,late_mean_wait_minutes_mean,late_mean_wait_minutes_ci_low,late_mean_wait_minutes_ci_high,late_p95_wait_mean_mean,late_p95_wait_mean_ci_low,late_p95_wait_mean_ci_high,final_oldest_queue_age_mean,final_oldest_queue_age_ci_low,final_oldest_queue_age_ci_high,destination_completion_gap_mean,destination_completion_gap_ci_low,destination_completion_gap_ci_high,late_budget_mean_mean,late_budget_mean_ci_low,late_budget_mean_ci_high,late_budget_sd_mean,late_budget_sd_ci_low,late_budget_sd_ci_high,late_budget_saturation_share_mean,late_budget_saturation_share_ci_low,late_budget_saturation_share_ci_high,late_exposure_mean_mean,late_exposure_mean_ci_low,late_exposure_mean_ci_high,gate_pass_mean,gate_pass_ci_low,gate_pass_ci_high,runtime_ms_mean,runtime_ms_ci_low,runtime_ms_ci_high,configuration_gate_pass
30,3,3,16,30,120,5615.633333333333,5589.728229874245,5641.538436792422,5613.066666666667,5587.2858753903065,5638.847457943027,0.9995436819658375,0.9994150721717224,0.9996722917599526,0.9996958275290386,0.9990197899364044,1.0003718651216729,2.566666666666667,1.8346075437899874,3.2987257895433464,0.006304347826086959,-0.016944121492161214,0.029552817144335136,6.465274510953817,5.597861041374655,7.332687980532979,22.073192747421313,20.308804096991096,23.83758139785153,14.533333333333333,9.789016957949858,19.277649708716808,0.0007531070136149213,0.0006004147647343267,0.0009057992624955159,29.595917756135528,27.557354070516187,31.63448144175487,1.1606306567956517,0.9836057520216256,1.3376555615696777,0.004166666666666667,-0.00038286911867110515,0.008716202452004438,15.978876387039243,15.81333774446794,16.144415029610546,0.4,0.22169534015024192,0.5783046598497581,29.042743066666667,25.884513795507207,32.20097233782612,0
30,3,3,16.1,30,120,5615.633333333333,5589.728229874245,5641.538436792422,5613.266666666666,5587.337463679091,5639.1958696542415,0.9995783740733831,0.9994813434485429,0.9996754046982234,0.9997245631612226,0.9990493212626942,1.000399805059751,2.3666666666666667,1.822883466684932,2.9104498666484013,-0.00010144927536231696,-0.018577345019503404,0.018374446468778772,6.059411345179346,5.683229835009878,6.435592855348815,21.227507013052048,20.404502838593427,22.05051118751067,13.166666666666666,10.187378726847406,16.145954606485926,0.0007438157751450513,0.0005932069774212074,0.0008944245728688952,32.148716556476,30.33013501130838,33.96729810164363,1.141652895729977,0.9631680999102904,1.3201376915496636,0.020833333333333332,-0.00016182362204802264,0.04182849028871469,15.995464947981462,15.829534520262289,16.161395375700636,0.5,0.31801856858648914,0.6819814314135109,25.006588933333312,24.33866025706857,25.674517609598052,0
30,3,3,16.2,30,120,5615.633333333333,5589.728229874245,5641.538436792422,5613.266666666666,5587.337463679091,5639.1958696542415,0.9995783740733831,0.9994813434485429,0.9996754046982234,0.9996957031323626,0.9990295160380479,1.0003618902266773,2.3666666666666667,1.822883466684932,2.9104498666484013,0.0008695652173913048,-0.017774636156697134,0.019513766591479745,6.0307183979951855,5.665059369911423,6.396377426078948,21.126468576301455,20.314981077054867,21.937956075548044,13.166666666666666,10.187378726847406,16.145954606485926,0.0007438157751450513,0.0005932069774212074,0.0008944245728688952,34.352772892027254,32.805026600480964,35.90051918357354,1.0958546274091157,0.9404557951646876,1.2512534596535438,0.05416666666666667,0.016578783269371823,0.09175455006396152,16.009276235802034,15.851762018220786,16.166790453383282,0.4,0.22169534015024192,0.5783046598497581,24.73816119999997,23.755732167951187,25.72059023204875,0
30,3,3,16.3,30,120,5615.633333333333,5589.728229874245,5641.538436792422,5613.266666666666,5587.337463679091,5639.1958696542415,0.9995783740733831,0.9994813434485429,0.9996754046982234,0.9997245631612226,0.9990493212626942,1.000399805059751,2.3666666666666667,1.822883466684932,2.9104498666484013,0.0017391304347826096,-0.016669113916486712,0.020147374786051934,6.018611406946966,5.6551153384801855,6.382107475413746,21.076197447473415,20.26659155018994,21.88580334475689,13.166666666666666,10.187378726847406,16.145954606485926,0.0007438157751450513,0.0005932069774212074,0.0008944245728688952,35.9976784133083,34.75583163502854,37.23952519158806,1.0116264582294199,0.8340100939739641,1.1892428224848757,0.08611111111111111,0.03800582711617673,0.1342163951060455,16.04797599438566,15.891426104111003,16.204525884660317,0.5,0.31801856858648914,0.6819814314135109,24.49996799999999,23.649030037635704,25.350905962364273,0
30,3,3,16.4,30,120,5615.633333333333,5589.728229874245,5641.538436792422,5613.266666666666,5587.337463679091,5639.1958696542415,0.9995783740733831,0.9994813434485429,0.9996754046982234,0.9997245631612226,0.9990493212626942,1.000399805059751,2.3666666666666667,1.822883466684932,2.9104498666484013,0.0013768115942028964,-0.017139087057860436,0.01989271024626623,6.005028921258029,5.646677950435024,6.363379892081034,21.077479914019484,20.273113350074823,21.881846477964146,13.166666666666666,10.187378726847406,16.145954606485926,0.0007438157751450513,0.0005932069774212074,0.0008944245728688952,37.15506001765323,36.248386464007055,38.0617335712994,0.9689397096433796,0.7916188418511763,1.146260577435583,0.1222222222222222,0.06106668629711621,0.1833777581473282,16.065940836021305,15.915352312267249,16.21652935977536,0.4,0.22169534015024192,0.5783046598497581,24.021590199999977,23.5228924554909,24.520287944509054,0
30,3,3,16.5,30,120,5615.633333333333,5589.728229874245,5641.538436792422,5613.266666666666,5587.337463679091,5639.1958696542415,0.9995783740733831,0.9994813434485429,0.9996754046982234,0.9997245631612226,0.9990493212626942,1.000399805059751,2.3666666666666667,1.822883466684932,2.9104498666484013,-0.00005797101449275532,-0.01825463408703953,0.01813869205805402,6.011366456142402,5.652211707159307,6.370521205125496,21.084007960737065,20.29003076019303,21.8779851612811,13.166666666666666,10.187378726847406,16.145954606485926,0.0007438157751450513,0.0005932069774212074,0.0008944245728688952,38.05253695993104,37.41886862600101,38.68620529386107,0.8927740814074671,0.7346797041583923,1.0508684586565418,0.1694444444444444,0.09995649179026256,0.23893239709862624,16.099106796677773,15.942724471626486,16.255489121729063,0.4,0.22169534015024192,0.5783046598497581,24.53935140000006,23.804184608783054,25.27451819121707,0
30,3,3,16.6,30,120,5615.633333333333,5589.728229874245,5641.538436792422,5613.266666666666,5587.337463679091,5639.1958696542415,0.9995783740733831,0.9994813434485429,0.9996754046982234,0.9997245631612226,0.9990493212626942,1.000399805059751,2.3666666666666667,1.822883466684932,2.9104498666484013,0.001811594202898553,-0.016663235298103013,0.020286423703900117,6.0135172131585835,5.652553782564265,6.374480643752902,21.058322220338905,20.249581840258305,21.867062600419505,13.166666666666666,10.187378726847406,16.145954606485926,0.0007438157751450513,0.0005932069774212074,0.0008944245728688952,38.671511470884774,38.27407830584262,39.068944635926925,0.8015413901981524,0.6664786698884747,0.9366041105078301,0.21666666666666662,0.14835065166658265,0.28498268166675056,16.11983539069126,15.964438426860497,16.275232354522025,0.3,0.13321126309423445,0.4667887369057655,24.87067503333334,23.671019281665476,26.070330785001207,0
30,3,3,16.7,30,120,5615.633333333333,5589.728229874245,5641.538436792422,5613.266666666666,5587.337463679091,5639.1958696542415,0.9995783740733831,0.9994813434485429,0.9996754046982234,0.9997245631612226,0.9990493212626942,1.000399805059751,2.3666666666666667,1.822883466684932,2.9104498666484013,0.0013478260869565237,-0.017100475111731885,0.019796127285644935,6.015863986225145,5.6560878211071755,6.375640151343114,21.074533098814122,20.269696032311117,21.879370165317127,13.166666666666666,10.187378726847406,16.145954606485926,0.0007438157751450513,0.0005932069774212074,0.0008944245728688952,38.966830579416545,38.67944818619429,39.2542129726388,0.7527959814482783,0.6264729148059226,0.879119048090634,0.2805555555555556,0.20730804685482096,0.35380306425629027,16.139182384793216,15.981078664816684,16.297286104769746,0.2,0.054414854869191315,0.34558514513080874,24.03733466666666,23.645844508486505,24.428824824846814,0
30,3,3,16.8,30,120,5615.633333333333,5589.728229874245,5641.538436792422,5613.266666666666,5587.337463679091,5639.1958696542415,0.9995783740733831,0.9994813434485429,0.9996754046982234,0.9997245631612226,0.9990493212626942,1.000399805059751,2.3666666666666667,1.822883466684932,2.9104498666484013,0.0008840579710144933,-0.017538758121580587,0.01930687406360957,6.016880320344621,5.6546040422482005,6.379156598441041,21.063718428643142,20.254416133570718,21.873020723715566,13.166666666666666,10.187378726847406,16.145954606485926,0.0007438157751450513,0.0005932069774212074,0.0008944245728688952,39.14219871347185,38.89735384294719,39.38704358399651,0.7035157046675303,0.5822457888077218,0.8247856205273388,0.30833333333333335,0.2359632400909369,0.3807034265757298,16.157147708063654,15.996195205804113,16.318100210323195,0.13333333333333333,0.009609750681461485,0.2570569159852052,24.22292350000028,23.53001682024292,24.91583017975764,0
30,3,3,16.9,30,120,5615.633333333333,5589.728229874245,5641.538436792422,5613.266666666666,5587.337463679091,5639.1958696542415,0.9995783740733831,0.9994813434485429,0.9996754046982234,0.9997245631612226,0.9990493212626942,1.000399805059751,2.3666666666666667,1.822883466684932,2.9104498666484013,0.0012463768115942026,-0.01733916031501497,0.019831913938203372,6.009857191280004,5.648288886946192,6.371425495613815,21.071762467190858,20.261824535259386,21.88170039912233,13.166666666666666,10.187378726847406,16.145954606485926,0.0007438157751450513,0.0005932069774212074,0.0008944245728688952,39.27950314751208,39.070435381802604,39.48857091322156,0.6419684910812519,0.5298793089812104,0.7540576731812934,0.3388888888888889,0.2693127348630654,0.4084650429147124,16.16682103073838,16.004442020286223,16.329200041190536,0.23333333333333334,0.0793942997725115,0.3872723668941552,23.8698360333335,23.506143477292316,24.233528589374682,0
30,3,3,17,30,120,5615.633333333333,5589.728229874245,5641.538436792422,5613.266666666666,5587.337463679091,5639.1958696542415,0.9995783740733831,0.9994813434485429,0.9996754046982234,0.9997245631612226,0.9990493212626942,1.000399805059751,2.3666666666666667,1.822883466684932,2.9104498666484013,0.0007826086956521749,-0.01765311206913846,0.01921832946044281,6.009647988270112,5.64925842642453,6.370037550115694,21.075390963806413,20.26457804066388,21.886203886948945,13.166666666666666,10.187378726847406,16.145954606485926,0.0007438157751450513,0.0005932069774212074,0.0008944245728688952,39.388123013974095,39.204367538348755,39.571878489599435,0.5897013410610585,0.4831577665796515,0.6962449155424656,0.3625,0.2944369352801762,0.43056306471982375,16.175112745811354,16.012245007104113,16.337980484518596,0.26666666666666666,0.10571623285055717,0.4276171004827761,24.671147333333284,23.685036085176726,25.65725858148984,0
30,4,4,16,30,120,5615.633333333333,5589.728229874245,5641.538436792422,5613.466666666666,5587.7066424121385,5639.226690921194,0.9996150553134356,0.9994839071337387,0.9997462034931326,0.9996758539601671,0.9990365555734619,1.0003151523468723,2.1666666666666665,1.420271601121796,2.913061732211537,0.011768115942028985,-0.01268083658040714,0.03621706846446511,1.8017672191138716,1.311245743131481,2.2922886950962624,10.180839836224823,8.40851883057246,11.953160841877187,10.7,6.043598093737647,15.356401906262352,0.0007065859391559422,0.0005444706303283472,0.0008687012479835372,29.563299326686252,27.518871271718417,31.607727381654087,1.1649882810835104,0.9820799963943768,1.347896565772644,0.006944444444444444,-0.0018838029648739103,0.0157726918537628,15.98716032755164,15.824119812841428,16.150200842261853,0.4,0.22169534015024192,0.5783046598497581,21.530576400000065,20.66161243274071,22.39954036725942,0
30,4,4,16.1,30,120,5615.633333333333,5589.728229874245,5641.538436792422,5613.733333333334,5587.7746859050385,5639.691980761629,0.9996613114568297,0.9995670811559182,0.9997555417577412,0.9997045895923511,0.9990660136109113,1.0003431655737909,1.9,1.37382499305741,2.42617500694259,0.0033478260869565235,-0.012170065423497805,0.018865717597410854,1.523159174278659,1.4351776776466048,1.6111406709107132,9.143261056059437,8.803667945853618,9.482854166265255,8.666666666666666,6.535419698376332,10.797913634957,0.0006972947006860723,0.0005374981297173978,0.0008570912716547468,32.12513535195445,30.308047641559394,33.942223062349505,1.143747386986616,0.9641044273844103,1.3233903465888215,0.01944444444444444,-0.0011761526642008746,0.04006504155308976,15.999603468304313,15.837929760556973,16.161277176051655,0.5333333333333333,0.3517567554389178,0.7149099112277488,21.13485696666685,20.494737244315136,21.774976689018562,0
30,4,4,16.2,30,120,5615.633333333333,5589.728229874245,5641.538436792422,5613.733333333334,5587.7746859050385,5639.691980761629,0.9996613114568297,0.9995670811559182,0.9997555417577412,0.9997045895923511,0.9990660136109113,1.0003431655737909,1.9,1.37382499305741,2.42617500694259,0.003695652173913045,-0.011773838589238875,0.019165142937064967,1.5217022109530993,1.4328086316948219,1.6105957902113768,9.134171377372523,8.785398264717138,9.482944490027908,8.666666666666666,6.535419698376332,10.797913634957,0.0006972947006860723,0.0005374981297173978,0.0008570912716547468,34.331994858542174,32.78112139516667,35.88286832191768,1.1049111553331958,0.9384374453177923,1.2713848653485995,0.05277777777777778,0.0166917328376485,0.08886382271790705,16.017567674024082,15.8620492968328,16.173086051215364,0.43333333333333335,0.2529767686580881,0.6136898980085785,21.464512466666868,20.434652407363167,22.49437252597057,0
30,4,4,16.3,30,120,5615.633333333333,5589.728229874245,5641.538436792422,5613.733333333334,5587.7746859050385,5639.691980761629,0.9996613114568297,0.9995670811559182,0.9997555417577412,0.9997045895923511,0.9990660136109113,1.0003431655737909,1.9,1.37382499305741,2.42617500694259,0.003637681159420292,-0.011786457414439892,0.019061819733280475,1.5229066142653755,1.4352204169516611,1.61059281157909,9.14005843339055,8.793273856552482,9.486843010228618,8.666666666666666,6.535419698376332,10.797913634957,0.0006972947006860723,0.0005374981297173978,0.0008570912716547468,36.000189144699895,34.75759652820904,37.24278176119075,1.0267930243543044,0.8474311019534408,1.206154946755168,0.08888888888888889,0.04145763640470959,0.1363201413730682,16.053496842193837,15.9054596490109,16.201534035376774,0.4666666666666667,0.28509008877225117,0.6482432445610822,20.690276333333106,20.32156918416336,21.058983482502853,0
30,4,4,16.4,30,120,5615.633333333333,5589.728229874245,5641.538436792422,5613.733333333334,5587.7746859050385,5639.691980761629,0.9996613114568297,0.9995670811559182,0.9997555417577412,0.9997045895923511,0.9990660136109113,1.0003431655737909,1.9,1.37382499305741,2.42617500694259,0.003927536231884059,-0.011599514867800607,0.019454587331568726,1.5194239971277124,1.4311125857631293,1.6077354084922955,9.130899178803732,8.78956752281732,9.472230834790144,8.666666666666666,6.535419698376332,10.797913634957,0.0006972947006860723,0.0005374981297173978,0.0008570912716547468,37.1247331765001,36.21655086423142,38.03291548876878,1.0024467841487286,0.8259926697854305,1.1789008985120266,0.11944444444444445,0.061138116084845685,0.17775077280404322,16.075607411964665,15.928714485304585,16.222500338624744,0.3333333333333333,0.1617595943966292,0.5049070722700374,20.871351466666418,20.302615834243632,21.440087099089205,0
30,4,4,16.5,30,120,5615.633333333333,5589.728229874245,5641.538436792422,5613.733333333334,5587.7746859050385,5639.691980761629,0.9996613114568297,0.9995670811559182,0.9997555417577412,0.9997045895923511,0.9990660136109113,1.0003431655737909,1.9,1.37382499305741,2.42617500694259,0.004086956521739131,-0.011379234317047692,0.019553147360525953,1.5190823743168453,1.4309568667628805,1.6072078818708102,9.131464204550168,8.789428603231286,9.47349980586905,8.666666666666666,6.535419698376332,10.797913634957,0.0006972947006860723,0.0005374981297173978,0.0008570912716547468,38.035843679734754,37.409406656970404,38.6622807024991,0.9285426451560119,0.773490918007979,1.0835943723040449,0.1708333333333333,0.1041125530923601,0.2375541135743065,16.1046273648106,15.950899811102738,16.258354918518464,0.3333333333333333,0.16175959439662924,0.5049070722700374,20.30527646666651,20.06808487043855,20.542468062894468,0
30,4,4,16.6,30,120,5615.633333333333,5589.728229874245,5641.538436792422,5613.733333333334,5587.7746859050385,5639.691980761629,0.9996613114568297,0.9995670811559182,0.9997555417577412,0.9997045895923511,0.9990660136109113,1.0003431655737909,1.9,1.37382499305741,2.42617500694259,0.003898550724637683,-0.011598958781483211,0.019396060230758575,1.5191937956248054,1.4308952696605357,1.607492321589075,9.128324497537394,8.786396309677267,9.47025268539752,8.666666666666666,6.535419698376332,10.797913634957,0.0006972947006860723,0.0005374981297173978,0.0008570912716547468,38.65762842161243,38.25802060120826,39.0572362420166,0.8208829904809709,0.6894765553328321,0.9522894256291097,0.21944444444444441,0.15334895383997077,0.28553993504891806,16.128119933360104,15.97718542375364,16.279054442966565,0.3333333333333333,0.1617595943966292,0.5049070722700374,20.927136100000038,20.490981515928187,21.363290684071888,0
30,4,4,16.7,30,120,5615.633333333333,5589.728229874245,5641.538436792422,5613.733333333334,5587.7746859050385,5639.691980761629,0.9996613114568297,0.9995670811559182,0.9997555417577412,0.9997045895923511,0.9990660136109113,1.0003431655737909,1.9,1.37382499305741,2.42617500694259,0.003898550724637683,-0.011598958781483211,0.019396060230758575,1.5197769619727326,1.4316099090366583,1.607944014908807,9.13206017359691,8.79002741367068,9.47409293352314,8.666666666666666,6.535419698376332,10.797913634957,0.0006972947006860723,0.0005374981297173978,0.0008570912716547468,38.94993733388724,38.662995066619125,39.23687960115536,0.7757670231778985,0.6519509363445797,0.8995831100112173,0.2819444444444444,0.21204400971905957,0.3518448791698292,16.148848757779273,15.993828671262714,16.303868844295835,0.2,0.054414854869191315,0.34558514513080874,20.40281676666679,20.00911860696529,20.796514926368285,0
30,4,4,16.8,30,120,5615.633333333333,5589.728229874245,5641.538436792422,5613.733333333334,5587.7746859050385,5639.691980761629,0.9996613114568297,0.9995670811559182,0.9997555417577412,0.9997045895923511,0.9990660136109113,1.0003431655737909,1.9,1.37382499305741,2.42617500694259,0.0037536231884057977,-0.011772567749287678,0.019279814126099273,1.521556042177513,1.4333272478544343,1.6097848365005916,9.139897028028201,8.797067823302509,9.482726232753894,8.666666666666666,6.535419698376332,10.797913634957,0.0006972947006860723,0.0005374981297173978,0.0008570912716547468,39.12526233681269,38.8831638827431,39.36736079088228,0.7238907932782265,0.6040407582886099,0.843740828267843,0.3027777777777778,0.23395493834997547,0.37160061720558013,16.155758694051926,15.999238005107113,16.31227938299674,0.23333333333333334,0.0793942997725115,0.3872723668941552,20.836163966666813,20.356147043464656,21.31618088986897,0
30,4,4,16.9,30,120,5615.633333333333,5589.728229874245,5641.538436792422,5613.733333333334,5587.7746859050385,5639.691980761629,0.9996613114568297,0.9995670811559182,0.9997555417577412,0.9997045895923511,0.9990660136109113,1.0003431655737909,1.9,1.37382499305741,2.42617500694259,0.0037391304347826108,-0.011785185005346236,0.019263445874911456,1.520935868437685,1.432956547054455,1.608915189820915,9.135630871216843,8.792933194838925,9.478328547594762,8.666666666666666,6.535419698376332,10.797913634957,0.0006972947006860723,0.0005374981297173978,0.0008570912716547468,39.26174841143348,39.0550968438009,39.468399979066064,0.6690469688297205,0.5558208075559115,0.7822731301035295,0.33055555555555555,0.2651596723435268,0.3959514387675843,16.170959847941752,16.013491111522676,16.32842858436083,0.16666666666666666,0.031025716238891415,0.30230761709444187,20.67472500000064,20.274252583924543,21.07519741607674,0
30,4,4,17,30,120,5615.633333333333,5589.728229874245,5641.538436792422,5613.733333333334,5587.7746859050385,5639.691980761629,0.9996613114568297,0.9995670811559182,0.9997555417577412,0.9997045895923511,0.9990660136109113,1.0003431655737909,1.9,1.37382499305741,2.42617500694259,0.0037391304347826108,-0.011785185005346236,0.019263445874911456,1.5211163537219419,1.4330474474666495,1.6091852599772343,9.134374988411734,8.790802026493036,9.477947950330432,8.666666666666666,6.535419698376332,10.797913634957,0.0006972947006860723,0.0005374981297173978,0.0008570912716547468,39.37753010241748,39.20137525460749,39.55368495022747,0.614295741492473,0.5055069851062833,0.7230844978786627,0.35694444444444445,0.29099409336119847,0.42289479552769044,16.182015431271875,16.022426366937026,16.341604495606724,0.16666666666666666,0.031025716238891415,0.30230761709444187,20.449368033332696,20.075558961773318,20.823177104892075,0
