budget,method,method_id,cases,periods,requests_mean,requests_ci_low,requests_ci_high,dispatched_mean,dispatched_ci_low,dispatched_ci_high,completion_rate_mean,completion_rate_ci_low,completion_rate_ci_high,first24_completion_rate_mean,first24_completion_rate_ci_low,first24_completion_rate_ci_high,late24_service_ratio_mean,late24_service_ratio_ci_low,late24_service_ratio_ci_high,final_queue_mean,final_queue_ci_low,final_queue_ci_high,mean_wait_minutes_mean,mean_wait_minutes_ci_low,mean_wait_minutes_ci_high,late_mean_wait_minutes_mean,late_mean_wait_minutes_ci_low,late_mean_wait_minutes_ci_high,late_p95_wait_mean_mean,late_p95_wait_mean_ci_low,late_p95_wait_mean_ci_high,final_oldest_queue_age_mean,final_oldest_queue_age_ci_low,final_oldest_queue_age_ci_high,north_completion_rate_mean,north_completion_rate_ci_low,north_completion_rate_ci_high,central_completion_rate_mean,central_completion_rate_ci_low,central_completion_rate_ci_high,south_completion_rate_mean,south_completion_rate_ci_low,south_completion_rate_ci_high,north_route_share_mean,north_route_share_ci_low,north_route_share_ci_high,central_route_share_mean,central_route_share_ci_low,central_route_share_ci_high,south_route_share_mean,south_route_share_ci_low,south_route_share_ci_high,runtime_ms_mean,runtime_ms_ci_low,runtime_ms_ci_high
14,Greedy FIFO,greedy,30,120,14975.866666666667,14935.292753039002,15016.440580294331,4677.5,4674.7702785287975,4680.2297214712025,0.3123533989367706,0.31147614492568154,0.3132306529478597,0.34981123890782245,0.34756354309076326,0.35205893472488164,0.30402633577967575,0.3014733288657264,0.3065793426936251,10298.366666666667,10257.55362505108,10339.179708282254,18596.573430075852,18544.91183205656,18648.235028095143,34499.15330282818,34424.46042764775,34573.84617800861,34622.642776882254,34548.882555981305,34696.4029977832,38553.4,38470.00697645762,38636.793023542385,0.31092115140532706,0.3080999870139077,0.31374231579674644,0.3129803962905914,0.3117870657322442,0.3141737268489386,0.3119335392876658,0.3086625855441084,0.3152044930312232,0.3332330827067668,0.3331236201916309,0.33334254522190276,0.3335338345864661,0.33331490955619425,0.333752759616738,0.3332330827067668,0.3331236201916309,0.33334254522190276,107.3117194,96.6869071615171,117.9365316384829
14,Rolling 10 fair,rolling10_fair,30,120,14975.866666666667,14935.292753039002,15016.440580294331,4680,4680,4680,0.3125201414560219,0.311671334100536,0.31336894881150784,0.34981123890782245,0.34756354309076326,0.35205893472488164,0.304292917140307,0.3018637254826638,0.30672210879795014,10295.866666666667,10255.292753039002,10336.440580294331,18600.292118584624,18550.361631254375,18650.222605914874,34497.436388698865,34426.496079572426,34568.376697825304,34616.09949568148,34544.95550371598,34687.243487646985,38544.9,38463.253069989514,38626.54693001049,0.3110631265112682,0.3082477583974481,0.3138784946250883,0.3131512597223469,0.311967841376502,0.3143346780681918,0.31211256382654734,0.30888228987107685,0.3153428377820178,0.3333333333333333,0.3333333333333333,0.3333333333333333,0.3333333333333333,0.3333333333333333,0.3333333333333333,0.3333333333333333,0.3333333333333333,0.3333333333333333,267.23797219999983,258.77340323818805,275.7025411618116
14,Rolling 3 fair,rolling3_fair,30,120,14975.866666666667,14935.292753039002,15016.440580294331,4680,4680,4680,0.3125201414560219,0.311671334100536,0.31336894881150784,0.34981123890782245,0.34756354309076326,0.35205893472488164,0.304292917140307,0.3018637254826638,0.30672210879795014,10295.866666666667,10255.292753039002,10336.440580294331,18600.292118584624,18550.361631254375,18650.222605914874,34497.436388698865,34426.496079572426,34568.376697825304,34616.09949568148,34544.95550371598,34687.243487646985,38544.9,38463.253069989514,38626.54693001049,0.3110631265112682,0.3082477583974481,0.3138784946250883,0.3131512597223469,0.311967841376502,0.3143346780681918,0.31211256382654734,0.30888228987107685,0.3153428377820178,0.3333333333333333,0.3333333333333333,0.3333333333333333,0.3333333333333333,0.3333333333333333,0.3333333333333333,0.3333333333333333,0.3333333333333333,0.3333333333333333,205.7567166333333,187.6602829325978,223.8531503340688
14,Rolling 30 throughput,rolling30_throughput,30,120,14975.866666666667,14935.292753039002,15016.440580294331,4680,4680,4680,0.3125201414560219,0.311671334100536,0.31336894881150784,0.34981123890782245,0.34756354309076326,0.35205893472488164,0.304292917140307,0.3018637254826638,0.30672210879795014,10295.866666666667,10255.292753039002,10336.440580294331,18598.984672078164,18549.05819935326,18648.911144803067,34496.466137340954,34425.55358264043,34567.37869204148,34673.81079182019,34603.085858371225,34744.53572526916,38615.73333333333,38533.83220334669,38697.63446331997,0.31287286669044906,0.3100464382374331,0.315699295143465,0.3119289615587621,0.3107536583158628,0.31310426480166137,0.31395646478206646,0.3107644250495851,0.3171485045145478,0.3333333333333333,0.3333333333333333,0.3333333333333333,0.3333333333333333,0.3333333333333333,0.3333333333333333,0.3333333333333333,0.3333333333333333,0.3333333333333333,414.1628833666667,411.56541742838186,416.7603493049515
14.05,Greedy FIFO,greedy,30,120,14975.866666666667,14935.292753039002,15016.440580294331,2760,2760,2760,0.18430675008944888,0.18380617139262387,0.1848073287862739,0.20629893576615166,0.20497337156634754,0.20762449996595578,0.17945479728787334,0.1780221970795197,0.18088739749622698,12215.866666666667,12175.292753039002,12256.440580294331,22192.21280819208,22149.170423493437,22235.25519289072,40905.335513259866,40841.25478489687,40969.416241622865,40970.43979651371,40906.369368753454,41034.51022427397,45776.3,45712.95581091997,45839.644189080034,0.1832055906440635,0.1808745927011769,0.1855365885869501,0.18441418083369496,0.18355433512650768,0.18527402654088224,0.18510523872055212,0.18276355195832145,0.1874469254827828,0.31304347826086953,0.3113458096337872,0.31474114688795185,0.6086956521739135,0.6086956521739134,0.6086956521739136,0.07826086956521738,0.07656320093813505,0.07995853819229971,143.36343336666675,130.5545687874982,156.1722979458353
14.05,Rolling 10 fair,rolling10_fair,30,120,14975.866666666667,14935.292753039002,15016.440580294331,4680,4680,4680,0.3125201414560219,0.311671334100536,0.31336894881150784,0.34981123890782245,0.34756354309076326,0.35205893472488164,0.304292917140307,0.3018637254826638,0.30672210879795014,10295.866666666667,10255.292753039002,10336.440580294331,18600.292118584624,18550.361631254375,18650.222605914874,34497.436388698865,34426.496079572426,34568.376697825304,34616.09949568148,34544.95550371598,34687.243487646985,38544.9,38463.253069989514,38626.54693001049,0.3110631265112682,0.3082477583974481,0.3138784946250883,0.3131512597223469,0.311967841376502,0.3143346780681918,0.31211256382654734,0.30888228987107685,0.3153428377820178,0.3333333333333333,0.3333333333333333,0.3333333333333333,0.3333333333333333,0.3333333333333333,0.3333333333333333,0.3333333333333333,0.3333333333333333,0.3333333333333333,264.8038277999995,258.9295801971599,270.6780754028391
14.05,Rolling 3 fair,rolling3_fair,30,120,14975.866666666667,14935.292753039002,15016.440580294331,4680,4680,4680,0.3125201414560219,0.311671334100536,0.31336894881150784,0.34981123890782245,0.34756354309076326,0.35205893472488164,0.304292917140307,0.3018637254826638,0.30672210879795014,10295.866666666667,10255.292753039002,10336.440580294331,18600.292118584624,18550.361631254375,18650.222605914874,34497.436388698865,34426.496079572426,34568.376697825304,34616.09949568148,34544.95550371598,34687.243487646985,38544.9,38463.253069989514,38626.54693001049,0.3110631265112682,0.3082477583974481,0.3138784946250883,0.3131512597223469,0.311967841376502,0.3143346780681918,0.31211256382654734,0.30888228987107685,0.3153428377820178,0.3333333333333333,0.3333333333333333,0.3333333333333333,0.3333333333333333,0.3333333333333333,0.3333333333333333,0.3333333333333333,0.3333333333333333,0.3333333333333333,199.04134996666568,180.53804565954823,217.54465427378312
14.05,Rolling 30 throughput,rolling30_throughput,30,120,14975.866666666667,14935.292753039002,15016.440580294331,4680,4680,4680,0.3125201414560219,0.311671334100536,0.31336894881150784,0.34981123890782245,0.34756354309076326,0.35205893472488164,0.304292917140307,0.3018637254826638,0.30672210879795014,10295.866666666667,10255.292753039002,10336.440580294331,18598.984672078164,18549.05819935326,18648.911144803067,34496.466137340954,34425.55358264043,34567.37869204148,34673.81079182019,34603.085858371225,34744.53572526916,38615.73333333333,38533.83220334669,38697.63446331997,0.31287286669044906,0.3100464382374331,0.315699295143465,0.3119289615587621,0.3107536583158628,0.31310426480166137,0.31395646478206646,0.3107644250495851,0.3171485045145478,0.3333333333333333,0.3333333333333333,0.3333333333333333,0.3333333333333333,0.3333333333333333,0.3333333333333333,0.3333333333333333,0.3333333333333333,0.3333333333333333,395.28657776666637,391.08035932412133,399.4927962092114
14.1,Greedy FIFO,greedy,30,120,14975.866666666667,14935.292753039002,15016.440580294331,3960,3960,3960,0.2644401196935571,0.263721898085069,0.26515834130204513,0.29599412522969576,0.29409222876910723,0.2978960216902843,0.2574786221956444,0.25542315233148477,0.259534092059804,11015.866666666667,10975.292753039002,11056.440580294331,19940.235559403773,19892.795301679325,19987.67581712822,36909.651256964404,36843.29120700549,36976.01130692332,37008.02948579228,36941.46828016258,37074.590691421974,41246.5,41178.51562441165,41314.48437558835,0.2624781820660786,0.25975594928012335,0.26520041485203383,0.2649906615899645,0.26397521951821973,0.26600610366170924,0.26477942687515127,0.26195804294215996,0.2676008108081426,0.4165235690235691,0.41601698926904745,0.4170301487780907,0.424242424242424,0.42424242424242387,0.4242424242424241,0.1592340067340067,0.15872742697948505,0.15974058648852835,99.0717486000011,94.87572740980843,103.26776979019377
14.1,Rolling 10 fair,rolling10_fair,30,120,14975.866666666667,14935.292753039002,15016.440580294331,4919.966666666666,4919.901333333333,4920.031999999999,0.32854457673793613,0.3276528537700827,0.3294362997057896,0.3677373868804487,0.3653835277851336,0.3700912459757638,0.31989768212186115,0.3173439165330568,0.3224514477106655,10055.9,10015.33537964832,10096.464620351679,18154.943177394445,18104.49875373293,18205.38760105596,33696.85687223545,33623.18661593412,33770.52712853677,33819.12804645636,33745.311312182595,33892.944780730126,37644.333333333336,37565.05766915522,37723.60899751145,0.3275935529952457,0.32473720924751126,0.3304498967429801,0.3289945849026469,0.3278369924664727,0.3301521773388211,0.3281777978934404,0.3249047416143854,0.3314508541724955,0.3414657285422215,0.34146119328239444,0.3414702638020486,0.3170753193606341,0.31707110804793753,0.31707953067333067,0.3414589520971446,0.34145020552462096,0.34146769866966825,211.9645138666645,206.74835708940182,217.1806706439272
14.1,Rolling 3 fair,rolling3_fair,30,120,14975.866666666667,14935.292753039002,15016.440580294331,4919.966666666666,4919.901333333333,4920.031999999999,0.32854457673793613,0.3276528537700827,0.3294362997057896,0.3677373868804487,0.3653835277851336,0.3700912459757638,0.31989768212186115,0.3173439165330568,0.3224514477106655,10055.9,10015.33537964832,10096.464620351679,18154.943177394445,18104.49875373293,18205.38760105596,33696.85687223545,33623.18661593412,33770.52712853677,33819.12804645636,33745.311312182595,33892.944780730126,37644.333333333336,37565.05766915522,37723.60899751145,0.3275935529952457,0.32473720924751126,0.3304498967429801,0.3289945849026469,0.3278369924664727,0.3301521773388211,0.3281777978934404,0.3249047416143854,0.3314508541724955,0.3414657285422215,0.34146119328239444,0.3414702638020486,0.3170753193606341,0.31707110804793753,0.31707953067333067,0.3414589520971446,0.34145020552462096,0.34146769866966825,134.82914440000215,128.74544198606617,140.91284681393813
14.1,Rolling 30 throughput,rolling30_throughput,30,120,14975.866666666667,14935.292753039002,15016.440580294331,4919.966666666666,4919.901333333333,4920.031999999999,0.32854457673793613,0.3276528537700827,0.3294362997057896,0.3677373868804487,0.3653835277851336,0.3700912459757638,0.31989768212186115,0.3173439165330568,0.3224514477106655,10055.9,10015.33537964832,10096.464620351679,18153.60981362139,18103.169051241406,18204.050576001377,33695.68252521245,33622.05244769015,33769.312602734746,33867.16373327692,33793.52778149259,33940.79968506125,37712.566666666666,37631.09740918731,37794.035924146025,0.3293286138067538,0.32647618102591336,0.3321810465875943,0.327788002264395,0.3266254432107552,0.32895056131803474,0.3300562535102806,0.3267941648209884,0.33331834219957285,0.3414589520971446,0.34145020552462096,0.34146769866966825,0.3170753193606341,0.31707110804793753,0.31707953067333067,0.3414657285422215,0.34146119328239444,0.3414702638020486,399.5893624666661,394.70514492637466,404.47358000695755
14.15,Greedy FIFO,greedy,30,120,14975.866666666667,14935.292753039002,15016.440580294331,5039.933333333333,5039.8026666666665,5040.064,0.33655567505943934,0.33564278059689817,0.3374685695219805,0.37669401590672064,0.37429140121621174,0.37909663059722953,0.3277000646126384,0.32508401205825344,0.33031611716702336,9935.933333333332,9895.377903137422,9976.488763529243,17931.367555235625,17880.79520466023,17981.93990581102,33295.30629649598,33220.4695076614,33370.143085330565,33418.969109762904,33343.98727119661,33493.9509483292,37190.76666666667,37108.235185187434,37273.29814814591,0.3357172169665878,0.33296438591495015,0.33847004801822544,0.3368809940935768,0.3356580071578206,0.338103981029333,0.33644300340052863,0.33311664769607174,0.3397693591049855,0.3333377442547748,0.3333290988487495,0.3333463896608001,0.3333377442547748,0.3333290988487495,0.3333463896608001,0.33332451149045034,0.3333072206783997,0.333341802302501,90.56843750000068,84.93805073184487,96.1988242681565
14.15,Rolling 10 fair,rolling10_fair,30,120,14975.866666666667,14935.292753039002,15016.440580294331,5039.933333333333,5039.8026666666665,5040.064,0.33655567505943934,0.33564278059689817,0.3374685695219805,0.37669401590672064,0.37429140121621174,0.37909663059722953,0.3277000646126384,0.32508401205825344,0.33031611716702336,9935.933333333332,9895.377903137422,9976.488763529243,17932.352546806876,17881.783712379405,17982.921381234348,33296.30662725184,33221.4723047001,33371.14094980358,33418.13502467525,33343.145556914635,33493.12449243586,37190.76666666667,37108.235185187434,37273.29814814591,0.3357172169665878,0.33296438591495015,0.33847004801822544,0.3368809940935768,0.3356580071578206,0.338103981029333,0.33644300340052863,0.33311664769607174,0.3397693591049855,0.3333377442547748,0.3333290988487495,0.3333463896608001,0.33333112787261254,0.3333268051695999,0.3333354505756252,0.33333112787261254,0.3333268051695999,0.3333354505756252,212.1050932000008,209.4163899887124,214.79379641128918
14.15,Rolling 3 fair,rolling3_fair,30,120,14975.866666666667,14935.292753039002,15016.440580294331,5039.933333333333,5039.8026666666665,5040.064,0.33655567505943934,0.33564278059689817,0.3374685695219805,0.37669401590672064,0.37429140121621174,0.37909663059722953,0.3277000646126384,0.32508401205825344,0.33031611716702336,9935.933333333332,9895.377903137422,9976.488763529243,17932.352546806876,17881.783712379405,17982.921381234348,33296.30662725184,33221.4723047001,33371.14094980358,33418.13502467525,33343.145556914635,33493.12449243586,37190.76666666667,37108.235185187434,37273.29814814591,0.3357172169665878,0.33296438591495015,0.33847004801822544,0.3368809940935768,0.3356580071578206,0.338103981029333,0.33644300340052863,0.33311664769607174,0.3397693591049855,0.3333377442547748,0.3333290988487495,0.3333463896608001,0.33333112787261254,0.3333268051695999,0.3333354505756252,0.33333112787261254,0.3333268051695999,0.3333354505756252,139.21444293333383,132.3686590949829,146.06022677168477
14.15,Rolling 30 throughput,rolling30_throughput,30,120,14975.866666666667,14935.292753039002,15016.440580294331,5039.933333333333,5039.8026666666665,5040.064,0.33655567505943934,0.33564278059689817,0.3374685695219805,0.37669401590672064,0.37429140121621174,0.37909663059722953,0.3277000646126384,0.32508401205825344,0.33031611716702336,9935.933333333332,9895.377903137422,9976.488763529243,17930.925286428137,17880.35339878871,17981.497174067565,33295.02824527698,33220.174883069136,33369.88160748483,33472.10223974285,33396.84746202133,33547.357017464376,37265.26666666667,37184.046663243396,37346.486670089944,0.3376508687665167,0.33486661030679277,0.3404351272262406,0.33561468639670267,0.33437479887744315,0.3368545739159622,0.3382990834252874,0.33490793386911943,0.3416902329814554,0.33333112787261254,0.3333268051695999,0.3333354505756252,0.3333377442547748,0.3333290988487495,0.3333463896608001,0.33333112787261254,0.3333268051695999,0.3333354505756252,397.71918743333276,395.34309045573445,400.0952844109311
18,Greedy FIFO,greedy,30,120,14975.866666666667,14935.292753039002,15016.440580294331,5476.9,5475.520937716558,5478.279062283441,0.3657353493467695,0.3647391122417776,0.3667315864517614,0.40917216437405385,0.4065350576872067,0.411809271060901,0.3560727987423535,0.35318169233955204,0.3589639051451549,9498.966666666667,9458.388318485795,9539.54501484754,17124.31736558573,17072.704428545167,17175.930302626297,31834.2477006434,31753.952472046065,31914.54292924073,31970.212513273793,31889.96853591521,32050.456490632376,35538.46666666667,35447.465870555796,35629.46746277754,0.365797451453385,0.3631067375978261,0.3684881653089439,0.36585896630347925,0.3645294146704321,0.3671885179365264,0.3653291218225492,0.3619388678556348,0.36871937578946357,0.3723945421321059,0.3722886585514963,0.37250042571271547,0.37247365755349654,0.3723799963596303,0.37256731874736276,0.25513180031439764,0.2549368627156384,0.25532673791315685,86.59994723333512,81.12386080667832,92.07603365999191
18,Rolling 10 fair,rolling10_fair,30,120,14975.866666666667,14935.292753039002,15016.440580294331,5498.866666666667,5497.515475814009,5500.217857519325,0.3672019014908124,0.36621822524624775,0.368185577735377,0.41056608136898487,0.40794479169626685,0.4131873710417029,0.3576132054068562,0.35468581868977184,0.3605405921239406,9477,9436.667944011868,9517.332055988132,17090.77381047139,17038.81627590438,17142.7313450384,31761.980414759808,31682.616588800956,31841.34424071866,31897.39799379293,31817.797455319553,31976.998532266305,35459.13333333333,35368.12540462009,35550.14126204657,0.3673422819732908,0.3645866586811054,0.37009790526547615,0.36730242450594314,0.36597086501661785,0.3686339839952684,0.3667861962950487,0.3634233597381878,0.37014903285190964,0.33109868949788096,0.33079882306850816,0.33139855592725376,0.33795423544213926,0.33758586519989914,0.3383226056843794,0.33094707505997983,0.3306461568155589,0.33124799330440075,221.358119466668,216.26924780217306,226.44699113116295
18,Rolling 3 fair,rolling3_fair,30,120,14975.866666666667,14935.292753039002,15016.440580294331,5498.866666666667,5497.515475814009,5500.217857519325,0.3672019014908124,0.36621822524624775,0.368185577735377,0.41056608136898487,0.40794479169626685,0.4131873710417029,0.3576132054068562,0.35468581868977184,0.3605405921239406,9477,9436.667944011868,9517.332055988132,17090.77381047139,17038.81627590438,17142.7313450384,31761.980414759808,31682.616588800956,31841.34424071866,31897.39799379293,31817.797455319553,31976.998532266305,35459.13333333333,35368.12540462009,35550.14126204657,0.3673422819732908,0.3645866586811054,0.37009790526547615,0.36730242450594314,0.36597086501661785,0.3686339839952684,0.3667861962950487,0.3634233597381878,0.37014903285190964,0.33109868949788096,0.33079882306850816,0.33139855592725376,0.33795423544213926,0.33758586519989914,0.3383226056843794,0.33094707505997983,0.3306461568155589,0.33124799330440075,135.6718834000004,127.77275926612577,143.57100753387505
18,Rolling 30 throughput,rolling30_throughput,30,120,14975.866666666667,14935.292753039002,15016.440580294331,5518.8,5518.355230034918,5519.244769965082,0.36853320572193043,0.3675397848350241,0.3695266266088368,0.41214936898818805,0.4094972717915102,0.4148014661848659,0.35890959457574667,0.3560443941590394,0.36177479499245396,9457.066666666668,9416.607272523064,9497.52606081027,17048.51402045689,16996.233781639854,17100.794259273924,31693.623173668737,31613.505897083884,31773.74045025359,31889.627881653476,31808.985332277294,31970.270431029658,35451.333333333336,35360.31280990645,35542.35385676022,0.3701706016386794,0.36738509599157354,0.3729561072857852,0.36746960455749544,0.366185920836181,0.3687532882788099,0.3701165492228477,0.3667140808045591,0.3735190176411363,0.32610953985522606,0.32609017193302015,0.326128907777432,0.34776883861744456,0.34775005196357867,0.34778762527131046,0.32612162152732954,0.3261023402704015,0.32614090278425756,419.2982375000002,417.07410107868367,421.5223739213167
