demand,fleet_size,charger_capacity,target,damping,runs,periods,requests_mean,requests_ci_low,requests_ci_high,dispatched_mean,dispatched_ci_low,dispatched_ci_high,completion_rate_mean,completion_rate_ci_low,completion_rate_ci_high,late_service_ratio_mean,late_service_ratio_ci_low,late_service_ratio_ci_high,final_queue_mean,final_queue_ci_low,final_queue_ci_high,late_queue_slope_mean,late_queue_slope_ci_low,late_queue_slope_ci_high,late_mean_wait_minutes_mean,late_mean_wait_minutes_ci_low,late_mean_wait_minutes_ci_high,late_p95_wait_mean_mean,late_p95_wait_mean_ci_low,late_p95_wait_mean_ci_high,final_oldest_queue_age_mean,final_oldest_queue_age_ci_low,final_oldest_queue_age_ci_high,destination_completion_gap_mean,destination_completion_gap_ci_low,destination_completion_gap_ci_high,late_budget_mean_mean,late_budget_mean_ci_low,late_budget_mean_ci_high,late_budget_sd_mean,late_budget_sd_ci_low,late_budget_sd_ci_high,late_budget_saturation_share_mean,late_budget_saturation_share_ci_low,late_budget_saturation_share_ci_high,late_exposure_mean_mean,late_exposure_mean_ci_low,late_exposure_mean_ci_high,gate_pass_mean,gate_pass_ci_low,gate_pass_ci_high,runtime_ms_mean,runtime_ms_ci_low,runtime_ms_ci_high,configuration_gate_pass
30,4,4,16.2,0.2,30,120,5636.666666666667,5600.96361858103,5672.369714752304,5634.666666666667,5599.105882773295,5670.227450560039,0.9996462691291595,0.9995507727502522,0.9997417655080669,0.9994941098065873,0.9988238573480809,1.0001643622650935,2,1.4520374205242232,2.5479625794757768,0.008188405797101448,-0.006045768363243945,0.022422579957446842,1.7085029628825863,1.5719415023813248,1.8450644233838478,9.547253997314673,8.934172697950373,10.160335296678973,12.333333333333334,8.288775834176636,16.37789083249003,0.0007800118067331829,0.0005791059035232376,0.0009809177099431284,25.99579629295122,24.71765956172239,27.27393302418005,0.4954949994870489,0.4204268106162611,0.5705631883578367,0,0,0,16.169674090354032,15.992444785375712,16.34690339533235,0.9333333333333333,0.8425450443861255,1.0241216222805412,25.082813866666655,22.387794701487874,27.777833031845436,0
30,4,4,16.2,0.25,30,120,5636.666666666667,5600.96361858103,5672.369714752304,5634.633333333333,5599.095634186816,5670.1710324798505,0.9996405496141744,0.9995379374430537,0.999743161785295,0.9994672497474951,0.9987682863087449,1.0001662131862454,2.033333333333333,1.4428354461319717,2.6238312205346945,0.008159420289855071,-0.0056767369229468664,0.02199557750265701,1.7002403847891705,1.564135521062905,1.836345248515436,9.5401435453751,8.886896559320627,10.193390531429573,12.6,8.104309660109593,17.095690339890407,0.0007894226857092771,0.0005821013086952755,0.0009967440627232788,27.520031324712807,25.92938133305023,29.110681316375384,0.611892224915737,0.5219555948436584,0.7018288549878157,0,0,0,16.169667341018535,15.994192596589611,16.34514208544746,0.9333333333333333,0.8425450443861255,1.0241216222805412,21.725406966666657,20.896293363809175,22.55452056952414,0
30,4,4,16.2,0.3,30,120,5636.666666666667,5600.96361858103,5672.369714752304,5634.566666666667,5599.07482126058,5670.058512072753,0.9996291105842041,0.9995103559027674,0.9997478652656409,0.999413529629311,0.9986494600132244,1.0001775992453974,2.1,1.4135978190426635,2.786402180957337,0.008826086956521739,-0.005124670053882081,0.02277684396692556,1.6998911950026045,1.5634461317203938,1.8363362582848153,9.547876822056688,8.896335612869262,10.199418031244115,13.1,7.723400775732785,18.476599224267215,0.0007696960355478474,0.0005740582705847534,0.0009653338005109414,29.031000690826236,27.121384512449264,30.940616869203208,0.7350379761341214,0.6246786150194976,0.8453973372487451,0,0,0,16.173799070554395,15.997206515730566,16.350391625378226,0.8333333333333334,0.6976923829055581,0.9689742837611086,21.640420899999974,20.86453635953428,22.416305440465667,0
30,4,4,16.2,0.4,30,120,5636.666666666667,5600.96361858103,5672.369714752304,5634.566666666667,5599.07482126058,5670.058512072753,0.9996291105842041,0.9995103559027674,0.9997478652656409,0.999413529629311,0.9986494600132244,1.0001775992453974,2.1,1.4135978190426635,2.786402180957337,0.008202898550724634,-0.005328443119069732,0.021734240220519,1.6912261548362728,1.5578562829780451,1.8245960266945005,9.497382401265671,8.895928805674693,10.09883599685665,13.1,7.723400775732785,18.476599224267215,0.0007696960355478474,0.0005740582705847534,0.0009653338005109414,31.426804160075733,29.187667163788337,33.665941156363125,0.9450261175692977,0.7963196588121491,1.0937325763264463,0.03888888888888889,0.001962870091873521,0.07581490768590426,16.20420097664431,16.03145746508712,16.3769444882015,0.6666666666666666,0.4950929277299625,0.8382404056033708,20.92979863333335,20.366093082013148,21.49350418465355,0
30,4,4,16.2,0.5,30,120,5636.666666666667,5600.96361858103,5672.369714752304,5634.466666666666,5599.0428094296585,5669.890523903674,0.9996119520392487,0.9994658430224869,0.9997580610560105,0.9993329494520344,0.9984564480638918,1.000209450840177,2.2,1.3521409789710148,3.0478590210289855,0.00991304347826087,-0.004195335181542831,0.02402142213806457,1.6900288988125476,1.5569496869544712,1.823108110670624,9.482101050410648,8.88369975550619,10.080502345315107,14.1,6.884503177825897,21.315496822174104,0.0007499693853864101,0.0005587732483358016,0.0009411655224370187,32.471402926020204,30.278779160130956,34.664026691909456,1.1758255298010512,0.989210581654244,1.3624404779478583,0.04305555555555555,0.0034161783451612596,0.08269493276594983,16.20418015345609,16.03665965798573,16.37170064892645,0.4,0.22169534015024192,0.5783046598497581,20.850022133333354,20.42730400266894,21.27274026399777,0
30,4,4,16.3,0.2,30,120,5636.666666666667,5600.96361858103,5672.369714752304,5634.766666666666,5599.1359994838485,5670.397333849484,0.9996634276741149,0.9995834370693983,0.9997434182788314,0.9995746899838637,0.9989708997693539,1.0001784801983735,1.9,1.445896462259425,2.354103537740575,0.0036231884057971015,-0.009361324424692978,0.01660770123628718,1.6604344033674965,1.541845683514552,1.779023123220441,9.280486296920065,8.846653783786236,9.714318810053895,10.866666666666667,8.645333333333333,13.088000000000001,0.0007526840620141306,0.0005613336093138622,0.000944034514714399,27.245427623456937,25.97200313333931,28.518852113574564,0.5041416411458078,0.4268013479076781,0.5814819343839376,0,0,0,16.172459053518097,15.993112997239551,16.35180510979664,0.9666666666666667,0.9013333333333333,1.032,20.709595866666586,20.336565863888826,21.082625869444346,1
30,4,4,16.3,0.25,30,120,5636.666666666667,5600.96361858103,5672.369714752304,5634.766666666666,5599.1359994838485,5670.397333849484,0.9996634276741149,0.9995834370693983,0.9997434182788314,0.9995746899838637,0.9989708997693539,1.0001784801983735,1.9,1.445896462259425,2.354103537740575,0.003318840579710144,-0.009741637736742208,0.016379318896162495,1.657624359811243,1.5393296990049268,1.7759190206175592,9.264017095576552,8.83479709112443,9.693237100028673,10.866666666666667,8.645333333333333,13.088000000000001,0.0007526840620141306,0.0005613336093138622,0.000944034514714399,29.076471968891266,27.483990181923012,30.66895375585952,0.6317767917440982,0.5333395434361219,0.7302140400520745,0,0,0,16.17245861160184,15.9927714165921,16.352145806611578,0.8666666666666667,0.7429430840147948,0.9903902493185386,20.587620700000084,20.205330536277213,20.969910863722955,0
30,4,4,16.3,0.3,30,120,5636.666666666667,5600.96361858103,5672.369714752304,5634.8,5599.145829389383,5670.454170610617,0.9996691471891,0.9995917252600818,0.9997465691181183,0.9996015500429558,0.9990121234879754,1.0001909765979362,1.8666666666666667,1.4285652945385525,2.304768038794781,0.0029855072463768123,-0.01018730750132463,0.016158321994078257,1.6571232509572487,1.5387000928481946,1.7755464090663027,9.261831199240524,8.832953063045604,9.690709335435443,10.766666666666667,8.58555343549249,12.947779897840846,0.0007526840620141306,0.0005613336093138622,0.000944034514714399,30.885096433086392,28.991088681437304,32.77910418473548,0.7562330809412937,0.6411657347383659,0.8713004271442215,0.004166666666666667,-0.0018358604724801495,0.010169193805813482,16.176611065714194,15.997885775738867,16.35533635568952,0.8,0.6544148548691914,0.9455851451308087,21.219611066666616,20.58873612853761,21.85048600479562,0
30,4,4,16.3,0.4,30,120,5636.666666666667,5600.96361858103,5672.369714752304,5634.8,5599.145829389383,5670.454170610617,0.9996691471891,0.9995917252600818,0.9997465691181183,0.9996015500429558,0.9990121234879754,1.0001909765979362,1.8666666666666667,1.4285652945385525,2.304768038794781,0.002391304347826086,-0.01085771086636071,0.01564031956201288,1.6543809889544483,1.5360045630142056,1.772757414894691,9.264704894085721,8.834023297392292,9.69538649077915,10.766666666666667,8.58555343549249,12.947779897840846,0.0007526840620141306,0.0005613336093138622,0.000944034514714399,33.299298611942085,31.306536500123805,35.292060723760365,0.9167814718126375,0.7607256970212125,1.0728372466040623,0.05138888888888889,0.005610765866346713,0.09716701191143107,16.22359601515086,16.05232817682634,16.394863853475382,0.6666666666666666,0.4950929277299625,0.8382404056033708,20.976111199999952,20.429502719053133,21.52271968094677,0
30,4,4,16.3,0.5,30,120,5636.666666666667,5600.96361858103,5672.369714752304,5634.8,5599.145829389383,5670.454170610617,0.9996691471891,0.9995917252600818,0.9997465691181183,0.9996015500429558,0.9990121234879754,1.0001909765979362,1.8666666666666667,1.4285652945385525,2.304768038794781,0.0026666666666666653,-0.010627380326255719,0.015960713659589048,1.6533991661520189,1.53579821454128,1.7710001177627577,9.269303065887307,8.835473617915401,9.703132513859213,10.766666666666667,8.58555343549249,12.947779897840846,0.0007526840620141306,0.0005613336093138622,0.000944034514714399,34.2747042064462,32.48250054186411,36.06690787102829,1.159517590513829,0.9687681854305106,1.3502669955971476,0.0625,0.01588113079967253,0.10911886920032747,16.227741574065092,16.05571710444183,16.399766043688356,0.36666666666666664,0.19127499768580342,0.5420583356475299,20.724568166666632,20.34860211684433,21.100534216488935,0
30,4,4,16.4,0.2,30,120,5636.666666666667,5600.96361858103,5672.369714752304,5634.8,5599.145829389383,5670.454170610617,0.9996691471891,0.9995917252600818,0.9997465691181183,0.9996015500429558,0.9990121234879754,1.0001909765979362,1.8666666666666667,1.4285652945385525,2.304768038794781,0.002391304347826086,-0.01085771086636071,0.01564031956201288,1.6540910049099666,1.5358803771002707,1.7723016327196626,9.256875700336707,8.826199690919397,9.687551709754016,10.766666666666667,8.58555343549249,12.947779897840846,0.0007526840620141306,0.0005613336093138622,0.000944034514714399,28.498716088548633,27.226628882126345,29.77080329497092,0.5260225216955585,0.4452861226548279,0.6067589207362891,0,0,0,16.171083439586898,15.990032070503943,16.352134808669852,0.9666666666666667,0.9013333333333333,1.032,20.77534303333353,20.33822696099061,21.21245910567645,1
30,4,4,16.4,0.25,30,120,5636.666666666667,5600.96361858103,5672.369714752304,5634.8,5599.145829389383,5670.454170610617,0.9996691471891,0.9995917252600818,0.9997465691181183,0.9996015500429558,0.9990121234879754,1.0001909765979362,1.8666666666666667,1.4285652945385525,2.304768038794781,0.002391304347826086,-0.01085771086636071,0.01564031956201288,1.6537255803560635,1.5356010036030914,1.7718501571090357,9.25578479597119,8.825997445793814,9.685572146148566,10.766666666666667,8.58555343549249,12.947779897840846,0.0007526840620141306,0.0005613336093138622,0.000944034514714399,30.638731956096038,29.05354040258115,32.22392350961093,0.65034406873484,0.5492604124751528,0.7514277249945271,0,0,0,16.17522896920992,15.996161518543765,16.35429641987607,0.9,0.7908111411518935,1.0091888588481066,20.903134833333144,20.40211233622232,21.40415733044397,0
30,4,4,16.4,0.3,30,120,5636.666666666667,5600.96361858103,5672.369714752304,5634.8,5599.145829389383,5670.454170610617,0.9996691471891,0.9995917252600818,0.9997465691181183,0.9996015500429558,0.9990121234879754,1.0001909765979362,1.8666666666666667,1.4285652945385525,2.304768038794781,0.002550724637681159,-0.010700242441473294,0.01580169171683561,1.656564730432589,1.5374007028572372,1.7757287580079408,9.26285458581717,8.825012573902914,9.700696597731426,10.766666666666667,8.58555343549249,12.947779897840846,0.0007526840620141306,0.0005613336093138622,0.000944034514714399,32.58330417610966,30.77496458239651,34.3916437698228,0.7534875328137288,0.6314296985754209,0.8755453670520368,0.03194444444444444,0.00045272328649571814,0.06343616560239317,16.211158745473988,16.035682034743726,16.38663545620425,0.7333333333333333,0.5723828995172237,0.8942837671494429,20.74208330000001,20.3114584561068,21.172708143893225,0
30,4,4,16.4,0.4,30,120,5636.666666666667,5600.96361858103,5672.369714752304,5634.8,5599.145829389383,5670.454170610617,0.9996691471891,0.9995917252600818,0.9997465691181183,0.9996015500429558,0.9990121234879754,1.0001909765979362,1.8666666666666667,1.4285652945385525,2.304768038794781,0.002652173913043479,-0.010606955545050105,0.015911303371137064,1.6554923116785576,1.5366563533193085,1.7743282700378067,9.263711450370957,8.830366747383735,9.69705615335818,10.766666666666667,8.58555343549249,12.947779897840846,0.0007526840620141306,0.0005613336093138622,0.000944034514714399,34.865352531488725,33.174783960723325,36.555921102254125,0.9137428348725145,0.7491227152470528,1.0783629544979763,0.07638888888888888,0.026538404690660808,0.12623937308711697,16.240178863940706,16.06392211672189,16.41643561115952,0.6666666666666666,0.4950929277299625,0.8382404056033708,20.74054856666662,20.386020190885688,21.095076942447555,0
30,4,4,16.4,0.5,30,120,5636.666666666667,5600.96361858103,5672.369714752304,5634.8,5599.145829389383,5670.454170610617,0.9996691471891,0.9995917252600818,0.9997465691181183,0.9996015500429558,0.9990121234879754,1.0001909765979362,1.8666666666666667,1.4285652945385525,2.304768038794781,0.002768115942028985,-0.010533949861503931,0.0160701817455619,1.6527607271170197,1.535111167033972,1.7704102872000673,9.261267202549586,8.828203336729727,9.694331068369445,10.766666666666667,8.58555343549249,12.947779897840846,0.0007526840620141306,0.0005613336093138622,0.000944034514714399,35.85681812948228,34.453555662927194,37.26008059603736,1.1175452022573436,0.9235102108748241,1.311580193639863,0.08472222222222221,0.03542845616099562,0.1340159882834488,16.260907292737816,16.089242818162703,16.43257176731293,0.43333333333333335,0.2529767686580881,0.6136898980085785,20.860924899999738,20.39093310968595,21.330916690313526,0
30,4,4,16.5,0.2,30,120,5636.666666666667,5600.96361858103,5672.369714752304,5634.8,5599.145829389383,5670.454170610617,0.9996691471891,0.9995917252600818,0.9997465691181183,0.9996015500429558,0.9990121234879754,1.0001909765979362,1.8666666666666667,1.4285652945385525,2.304768038794781,0.002391304347826086,-0.01085771086636071,0.01564031956201288,1.6553864543577037,1.537206645937731,1.7735662627776765,9.268448745355265,8.835801398765904,9.701096091944626,10.766666666666667,8.58555343549249,12.947779897840846,0.0007526840620141306,0.0005613336093138622,0.000944034514714399,29.746367725771794,28.473945627051307,31.01878982449228,0.544060222006235,0.45672825988020016,0.6313921841322699,0,0,0,16.18213887323396,16.002453182179856,16.361824564288064,0.9666666666666667,0.9013333333333333,1.032,20.57926103333357,20.165621466246375,20.992900600420764,1
30,4,4,16.5,0.25,30,120,5636.666666666667,5600.96361858103,5672.369714752304,5634.8,5599.145829389383,5670.454170610617,0.9996691471891,0.9995917252600818,0.9997465691181183,0.9996015500429558,0.9990121234879754,1.0001909765979362,1.8666666666666667,1.4285652945385525,2.304768038794781,0.002391304347826086,-0.01085771086636071,0.01564031956201288,1.6538972343691478,1.5354737564735883,1.7723207122647073,9.255587845175766,8.823710138631844,9.687465551719688,10.766666666666667,8.58555343549249,12.947779897840846,0.0007526840620141306,0.0005613336093138622,0.000944034514714399,32.19795359591203,30.618936875077818,33.776970316746244,0.6843699120402656,0.5754920927971777,0.7932477312833536,0.0027777777777777775,-0.001005067595022544,0.006560623150578098,16.186283686928654,16.007903140300034,16.364664233557274,0.8333333333333334,0.6976923829055581,0.9689742837611086,39.11453460000018,19.384540499025192,58.84452870097516,0
30,4,4,16.5,0.3,30,120,5636.666666666667,5600.96361858103,5672.369714752304,5634.8,5599.145829389383,5670.454170610617,0.9996691471891,0.9995917252600818,0.9997465691181183,0.9996015500429558,0.9990121234879754,1.0001909765979362,1.8666666666666667,1.4285652945385525,2.304768038794781,0.002391304347826086,-0.01085771086636071,0.01564031956201288,1.6545037880139049,1.5357763503785866,1.773231225649223,9.256542170380273,8.820358063942987,9.69272627681756,10.766666666666667,8.58555343549249,12.947779897840846,0.0007526840620141306,0.0005613336093138622,0.000944034514714399,34.126376339701224,32.48265488496671,35.770097794435735,0.7262203098532619,0.5942308100314702,0.8582098096750537,0.06249999999999999,0.014106079063041212,0.11089392093695877,16.229123150838568,16.056397424002657,16.401848877674478,0.7666666666666667,0.6127276331058449,0.9206057002274886,20.76994993333313,20.43790258875015,21.101997277916112,0
30,4,4,16.5,0.4,30,120,5636.666666666667,5600.96361858103,5672.369714752304,5634.8,5599.145829389383,5670.454170610617,0.9996691471891,0.9995917252600818,0.9997465691181183,0.9996015500429558,0.9990121234879754,1.0001909765979362,1.8666666666666667,1.4285652945385525,2.304768038794781,0.0026666666666666653,-0.010627380326255719,0.015960713659589048,1.652924494846067,1.5354247495843236,1.7704242401078105,9.263356667290422,8.83048531017973,9.696228024401114,10.766666666666667,8.58555343549249,12.947779897840846,0.0007526840620141306,0.0005613336093138622,0.000944034514714399,36.20551108299466,34.8496925788131,37.561329587176225,0.883633063836786,0.7076257116457458,1.059640416027826,0.10555555555555556,0.052335805015039844,0.15877530609607127,16.271962580809948,16.096497528127525,16.44742763349237,0.6333333333333333,0.4579416643524701,0.8087250023141965,20.972965300000034,20.413090564258173,21.532840035741895,0
30,4,4,16.5,0.5,30,120,5636.666666666667,5600.96361858103,5672.369714752304,5634.8,5599.145829389383,5670.454170610617,0.9996691471891,0.9995917252600818,0.9997465691181183,0.9996015500429558,0.9990121234879754,1.0001909765979362,1.8666666666666667,1.4285652945385525,2.304768038794781,0.0026666666666666653,-0.010627380326255719,0.015960713659589048,1.6530116644939021,1.5354750465550357,1.7705482824327685,9.263321121857368,8.828652652424935,9.6979895912898,10.766666666666667,8.58555343549249,12.947779897840846,0.0007526840620141306,0.0005613336093138622,0.000944034514714399,37.072834916217076,36.054353393077996,38.091316439356156,1.067664732589068,0.8732328827446253,1.2620965824335109,0.12916666666666668,0.07629133738165207,0.1820419959516813,16.284399466865306,16.110642512136142,16.45815642159447,0.4666666666666667,0.28509008877225117,0.6482432445610822,20.684530366666756,20.313353036022885,21.055707697310627,0
30,4,4,16.6,0.2,30,120,5636.666666666667,5600.96361858103,5672.369714752304,5634.8,5599.145829389383,5670.454170610617,0.9996691471891,0.9995917252600818,0.9997465691181183,0.9996015500429558,0.9990121234879754,1.0001909765979362,1.8666666666666667,1.4285652945385525,2.304768038794781,0.002391304347826086,-0.01085771086636071,0.01564031956201288,1.654631977480704,1.5364234679480164,1.7728404870133914,9.270200078006907,8.838214963343937,9.702185192669877,10.766666666666667,8.58555343549249,12.947779897840846,0.0007526840620141306,0.0005613336093138622,0.000944034514714399,30.99120343575101,29.721941896141505,32.26046497536052,0.5857137373497948,0.4915365172274051,0.6798909574721845,0,0,0,16.18490211595325,16.007984679524924,16.361819552381576,0.9,0.7908111411518935,1.0091888588481066,24.51032650000028,21.389761718874464,27.630891281126093,0
30,4,4,16.6,0.25,30,120,5636.666666666667,5600.96361858103,5672.369714752304,5634.8,5599.145829389383,5670.454170610617,0.9996691471891,0.9995917252600818,0.9997465691181183,0.9996015500429558,0.9990121234879754,1.0001909765979362,1.8666666666666667,1.4285652945385525,2.304768038794781,0.002391304347826086,-0.01085771086636071,0.01564031956201288,1.6540593037602884,1.535862264460056,1.772256343060521,9.263027224938996,8.831679685890775,9.694374763987218,10.766666666666667,8.58555343549249,12.947779897840846,0.0007526840620141306,0.0005613336093138622,0.000944034514714399,33.62182576897853,32.107715175699845,35.13593636225722,0.6830989579234933,0.5681803735910526,0.798017542255934,0.03194444444444444,0.003255145335637012,0.06063374355325187,16.212539896066733,16.03700157693833,16.388078215195137,0.8666666666666667,0.7429430840147949,0.9903902493185385,21.633632033333317,20.83514303402453,22.432121032642105,0
30,4,4,16.6,0.3,30,120,5636.666666666667,5600.96361858103,5672.369714752304,5634.8,5599.145829389383,5670.454170610617,0.9996691471891,0.9995917252600818,0.9997465691181183,0.9996015500429558,0.9990121234879754,1.0001909765979362,1.8666666666666667,1.4285652945385525,2.304768038794781,0.002391304347826086,-0.01085771086636071,0.01564031956201288,1.6535057354298424,1.5352533256070997,1.771758145252585,9.26507602758626,8.83180147399839,9.698350581174129,10.766666666666667,8.58555343549249,12.947779897840846,0.0007526840620141306,0.0005613336093138622,0.000944034514714399,35.49387607499039,34.042783219543225,36.944968930437554,0.6898326254688925,0.5521760801148455,0.8274891708229394,0.08749999999999998,0.032632439149197834,0.14236756085080213,16.259524721088905,16.0893764199845,16.42967302219331,0.7666666666666667,0.6127276331058449,0.9206057002274886,21.050755500000015,20.61182673354882,21.48968426645121,0
30,4,4,16.6,0.4,30,120,5636.666666666667,5600.96361858103,5672.369714752304,5634.8,5599.145829389383,5670.454170610617,0.9996691471891,0.9995917252600818,0.9997465691181183,0.9996015500429558,0.9990121234879754,1.0001909765979362,1.8666666666666667,1.4285652945385525,2.304768038794781,0.002391304347826086,-0.01085771086636071,0.01564031956201288,1.6528888436487459,1.5346568409614063,1.7711208463360855,9.260450485561622,8.827569925011101,9.693331046112142,10.766666666666667,8.58555343549249,12.947779897840846,0.0007526840620141306,0.0005613336093138622,0.000944034514714399,37.319856340110036,36.302045229399084,38.33766745082099,0.8510054699612895,0.6823606220493005,1.0196503178732783,0.14027777777777778,0.08469762134721062,0.19585793420834494,16.302363884095648,16.129378633836463,16.475349134354833,0.6666666666666666,0.4950929277299625,0.8382404056033708,20.873916566666836,20.308736706923664,21.439096426410007,0
30,4,4,16.6,0.5,30,120,5636.666666666667,5600.96361858103,5672.369714752304,5634.8,5599.145829389383,5670.454170610617,0.9996691471891,0.9995917252600818,0.9997465691181183,0.9996015500429558,0.9990121234879754,1.0001909765979362,1.8666666666666667,1.4285652945385525,2.304768038794781,0.0026666666666666653,-0.010627380326255719,0.015960713659589048,1.6525194323073502,1.5348640019236643,1.770174862691036,9.268283252387885,8.831687619459148,9.704878885316623,10.766666666666667,8.58555343549249,12.947779897840846,0.0007526840620141306,0.0005613336093138622,0.000944034514714399,37.96078985525415,37.294083530421,38.6274961800873,0.9701626303110249,0.8244299304842271,1.1158953301378227,0.16805555555555554,0.11387222576764877,0.2222388853434623,16.30789182927984,16.13935070148348,16.4764329570762,0.4666666666666667,0.28509008877225117,0.6482432445610822,20.86019996666655,20.424534435551113,21.295865497781985,0
