setting,policy,target,delay,damping,runs,periods,requests_mean,requests_ci_low,requests_ci_high,dispatched_mean,dispatched_ci_low,dispatched_ci_high,completion_rate_mean,completion_rate_ci_low,completion_rate_ci_high,first24_completion_rate_mean,first24_completion_rate_ci_low,first24_completion_rate_ci_high,late24_service_ratio_mean,late24_service_ratio_ci_low,late24_service_ratio_ci_high,final_queue_mean,final_queue_ci_low,final_queue_ci_high,final_queue_north_mean,final_queue_north_ci_low,final_queue_north_ci_high,final_queue_central_mean,final_queue_central_ci_low,final_queue_central_ci_high,final_queue_south_mean,final_queue_south_ci_low,final_queue_south_ci_high,late_trip_north_share_mean,late_trip_north_share_ci_low,late_trip_north_share_ci_high,late_trip_central_share_mean,late_trip_central_share_ci_low,late_trip_central_share_ci_high,late_trip_south_share_mean,late_trip_south_share_ci_low,late_trip_south_share_ci_high,late_budget_mean_mean,late_budget_mean_ci_low,late_budget_mean_ci_high,late_budget_sd_mean,late_budget_sd_ci_low,late_budget_sd_ci_high,late_dispatch_mean_mean,late_dispatch_mean_ci_low,late_dispatch_mean_ci_high,late_dispatch_sd_mean,late_dispatch_sd_ci_low,late_dispatch_sd_ci_high,late_use_mean_mean,late_use_mean_ci_low,late_use_mean_ci_high,late_use_sd_mean,late_use_sd_ci_low,late_use_sd_ci_high,late_direction_changes_mean,late_direction_changes_ci_low,late_direction_changes_ci_high,final_central_budget_mean,final_central_budget_ci_low,final_central_budget_ci_high,target_gap_mean,target_gap_ci_low,target_gap_ci_high,first_sustained_within_point_one_mean,first_sustained_within_point_one_ci_low,first_sustained_within_point_one_ci_high,first_sustained_dispatch_below_40_mean,first_sustained_dispatch_below_40_ci_low,first_sustained_dispatch_below_40_ci_high
p2_b13,P2,13,0,0,30,120,14975.866666666667,14935.292753039002,15016.440580294331,4316.933333333333,4314.087690932341,4319.778975734326,0.28827661438238245,0.2874129785751423,0.2891402501896226,0.3226190466019939,0.3204148130857979,0.32482328011818995,0.28088576966797574,0.2786434389070744,0.2831281004288771,10658.933333333332,10617.344842886025,10700.52182378064,2140.2,2120.1921036829335,2160.207896317066,6385.066666666667,6358.118019107428,6412.015314225905,2133.6666666666665,2115.8817430415147,2151.4515902918183,0.3333333333333333,0.3333333333333333,0.3333333333333333,0.3333333333333333,0.3333333333333333,0.3333333333333333,0.3333333333333333,0.3333333333333333,0.3333333333333333,13,13,13,0,0,0,36,36,36,0,0,0,12.120505556280104,12.120504756010144,12.120506356550065,0.000011254492481987397,0.000010448286660801495,0.0000120606983031733,0,0,0,13,13,13,0,0,0,1,1,1,1,1,1
p3u_t13,P3-U,13,1,1,30,120,14975.866666666667,14935.292753039002,15016.440580294331,4679.633333333333,4679.376258840201,4679.890407826465,0.31249567004411727,0.31164608987395515,0.3133452502142794,0.35983977677641915,0.3575245656409605,0.3621549879118778,0.3035007618769222,0.30109439470514016,0.30590712904870426,10296.233333333334,10255.648434870936,10336.81823179573,2066.5,2047.7625098161252,2085.237490183875,6166.866666666667,6140.43472007928,6193.298613254054,2062.866666666667,2044.2480935412618,2081.4852397920718,0.32691848834896187,0.32674686272720443,0.3270901139707193,0.3320601643617072,0.3319411143769399,0.3321792143464745,0.3410213472893309,0.34077071598789443,0.3412719785907674,13.423551320663531,13.423443053281579,13.423659588045483,0.27987639880361426,0.27977343423563095,0.27997936337159757,38.89861111111111,38.88466616294357,38.91255605927865,5.02897342526689,5.009155203542128,5.048791646991652,13.047124541465346,13.047054565089873,13.047194517840818,0.27497294563791186,0.27486441930551603,0.2750814719703077,2,2,2,13.143552687537245,13.143003549830258,13.144101825244231,0.42355132066353207,0.4234430532815791,0.42365958804548504,0,0,0,9.2,1.4892539770859354,16.91074602291406
p3d_025_t13,P3-D0.25,13,1,0.25,30,120,14975.866666666667,14935.292753039002,15016.440580294331,2923,2923,2923,0.1951915327940069,0.1946613909350143,0.19572167465299947,0.38765837084451965,0.3851120577095582,0.3902046839794811,0.10143097238010233,0.10062124182755461,0.10224070293265006,12052.866666666667,12012.292753039002,12093.440580294331,2416.366666666667,2396.1488690687875,2436.584464264546,7223.833333333333,7195.70642343309,7251.960243233576,2412.6666666666665,2394.155696912868,2431.177636420465,0,0,0,1,1,1,0,0,0,13.003466733921877,13.003463369299247,13.003470098544508,0.000012972889001694041,0.000012714254719537545,0.000013231523283850537,13,13,13,0,0,0,13.00001214447702,13.000011911798996,13.000012377155045,0.000004191045512528157,0.000003962160225861769,0.000004419930799194546,0,0,0,13.003445970984052,13.003442674397418,13.003449267570685,0.003466733921876338,0.003463369299245389,0.003470098544507287,45,45,45,33.9,33.55663812193205,34.243361878067944
p3d_05_t13,P3-D0.5,13,1,0.5,30,120,14975.866666666667,14935.292753039002,15016.440580294331,2348.7,2259.909762074333,2437.490237925667,0.1568159289013913,0.15094362900042374,0.16268822880235884,0.33065255518608816,0.3213412622198485,0.33996384815232783,0.10143097238010233,0.10062124182755461,0.10224070293265006,12627.166666666666,12537.416687364861,12716.916645968471,2531.866666666667,2512.165159706781,2551.5681736265524,7566.633333333333,7509.096918413929,7624.169748252737,2528.6666666666665,2499.837325780363,2557.4960075529702,0,0,0,1,1,1,0,0,0,13.00101333392306,13.000890194563057,13.001136473283063,0.000025680195041622923,0.000025089238854106764,0.00002627115122913908,13,13,13,0,0,0,13.000012121599912,13.000011842515937,13.000012400683888,0.000004265884250174123,0.000004048910180293383,0.0000044828583200548635,0,0,0,13.000971589407609,13.000848563233788,13.00109461558143,0.001013333923063738,0.0008901945630603849,0.0011364732830670913,27.333333333333332,24.416579771409364,30.2500868952573,26.366666666666667,22.618870142137617,30.114463191195718
p3d_075_t13,P3-D0.75,13,1,0.75,30,120,14975.866666666667,14935.292753039002,15016.440580294331,4691.366666666667,4691.167685506966,4691.565647826367,0.3132791659068498,0.312429015199581,0.3141293166141186,0.3620182842892912,0.35971880893110353,0.3643177596474789,0.30473672309761546,0.30231213223786124,0.3071613139573697,10284.5,10243.93762210829,10325.06237789171,2063.9666666666667,2045.3533711606615,2082.579962172672,6159.833333333333,6133.45869082082,6186.207975845846,2060.7,2042.1195502918706,2079.2804497081293,0.33181601757917084,0.33149220582415184,0.33213982933418984,0.3285801764966772,0.3285104236807233,0.3286499293126311,0.3396038059241518,0.33928094574102297,0.3399266661072806,13.32585519877211,13.325487788766317,13.326222608777904,0.2635629840639796,0.2631678219985003,0.2639581461294589,39.05694444444444,39.04865356279026,39.06523532609862,8.279649433357537,8.255645247449893,8.303653619265182,12.96500425804171,12.964962501222976,12.965046014860443,0.3695538752012306,0.36906064262853844,0.3700471077739228,4,4,4,13.512260950784379,13.511636241209423,13.512885660359334,0.32585519877211283,0.3254877887663185,0.32622260877790715,0,0,0,0,0,0
p2_b13.5,P2,13.5,0,0,30,120,14975.866666666667,14935.292753039002,15016.440580294331,4680,4680,4680,0.3125201414560219,0.311671334100536,0.31336894881150784,0.34981123890782245,0.34756354309076326,0.35205893472488164,0.304292917140307,0.3018637254826638,0.30672210879795014,10295.866666666667,10255.292753039002,10336.440580294331,2066.5333333333333,2047.7746498774995,2085.292016789167,6166.5,6140.0922849482795,6192.9077150517205,2062.8333333333335,2044.220844426822,2081.4458222398453,0.3333333333333333,0.3333333333333333,0.3333333333333333,0.3333333333333333,0.3333333333333333,0.3333333333333333,0.3333333333333333,0.3333333333333333,0.3333333333333333,13.5,13.5,13.5,0,0,0,39,39,39,0,0,0,13.130548247639783,13.130547658180081,13.130548837099486,0.000011596758833399568,0.000011112278403997379,0.000012081239262801757,0,0,0,13.5,13.5,13.5,0,0,0,1,1,1,1,1,1
p3u_t13.5,P3-U,13.5,1,1,30,120,14975.866666666667,14935.292753039002,15016.440580294331,4853.166666666667,4851.388372938855,4854.944960394479,0.32408386070158446,0.3231939705791134,0.3249737508240555,0.3726336517746177,0.37023957354200854,0.3750277300072269,0.3125110395204086,0.30989011957495477,0.3151319594658624,10122.7,10082.070576036742,10163.32942396326,2030.7666666666667,2012.2434518633086,2049.2898814700247,6064.4,6038.538720437733,6090.261279562266,2027.5333333333333,2008.7758268712705,2046.290839795396,0.3338042854372819,0.3331640130008421,0.33444455787372174,0.3339427417251546,0.3333335611005171,0.3345519223497921,0.3322529728375635,0.33100975394163695,0.33349619173349004,13.966471891193207,13.966285598406436,13.966658183979977,0.2548776143270103,0.2547200507406351,0.2550351779133855,40.052777777777784,39.9800554479891,40.12550010756647,6.5563448182830095,6.492628473252574,6.620061163313445,13.508951415586672,13.50858646125531,13.509316369918034,0.47958887311658044,0.4791147374113969,0.480063008821764,8,8,8,13.984552891840817,13.983847647507714,13.98525813617392,0.46647189119320637,0.4662855984064363,0.46665818397997644,0,0,0,0,0,0
p3d_025_t13.5,P3-D0.25,13.5,1,0.25,30,120,14975.866666666667,14935.292753039002,15016.440580294331,4514.133333333333,4508.618578626283,4519.648088040383,0.3014429616351499,0.30059023301763615,0.3022956902526636,0.3826999526649339,0.3802282214769684,0.3851716838528994,0.28090067324011747,0.2780526506319392,0.28374869584829576,10461.733333333334,10421.487100323537,10501.97956634313,2101,2081.743647067114,2120.256352932886,6264.966666666666,6238.687559385807,6291.245773947526,2095.766666666667,2077.8838551226086,2113.649478210725,0.3666785800042157,0.3654352072370224,0.36792195277140904,0.3723694794035522,0.36968441004437314,0.37505454876273125,0.2609519405922322,0.258752772683383,0.2631511085010814,13.976383504009851,13.97522595848624,13.977541049533462,0.07038748019433422,0.06993507711124738,0.07083988327742105,36.00277777777777,35.75856337104044,36.24699218451511,12.319973504490408,12.198841695472058,12.441105313508757,13.5148711383848,13.50688817869913,13.52285409807047,0.4401103870918589,0.43832719138813914,0.44189358279557867,6.8,6.6544148548691915,6.945585145130808,13.987417795517253,13.965894232668091,14.008941358366414,0.47638350400984864,0.4752259584862367,0.47754104953346055,0,0,0,0,0,0
p3d_05_t13.5,P3-D0.5,13.5,1,0.5,30,120,14975.866666666667,14935.292753039002,15016.440580294331,4813.533333333334,4810.85096023178,4816.215706434888,0.3214378860866864,0.3205148431444912,0.3223609290288816,0.37946064869470575,0.37701672062117575,0.38190457676823575,0.31164188537688386,0.30900237177771805,0.3142813989760497,10162.333333333334,10121.172653900883,10203.494012765785,2038.7333333333333,2020.0682868749122,2057.3983797917545,6087.3,6061.284903046169,6113.315096953831,2036.3,2017.5028890309811,2055.097110969019,0.3441459404881712,0.34253383564392137,0.34575804533242105,0.3340812464719721,0.33314901633817184,0.3350134766057724,0.3217728130398567,0.32007889934947314,0.3234667267302403,13.931679707959352,13.927757378656038,13.935602037262667,0.14704681681747653,0.14481162720103505,0.149282006433918,39.941666666666656,39.839966100746125,40.04336723258719,10.128460436049057,10.018314977566362,10.238605894531752,13.47660857837903,13.470426584399014,13.482790572359047,0.44655309468337495,0.444034899443062,0.4490712899236879,6.266666666666667,6.105716232850557,6.4276171004827765,13.999861347519401,13.956294546877615,14.043428148161187,0.4316797079593525,0.4277573786560381,0.43560203726266694,0,0,0,0,0,0
p3d_075_t13.5,P3-D0.75,13.5,1,0.75,30,120,14975.866666666667,14935.292753039002,15016.440580294331,4865.233333333334,4864.990388311724,4865.476278354943,0.3248896883406346,0.3240036842507518,0.32577569243051735,0.373603916614533,0.371229752537143,0.375978080691923,0.3155320422830584,0.31298456312164646,0.3180795214444704,10110.633333333333,10070.006807624099,10151.259859042568,2028,2009.545970181239,2046.454029818761,6057.366666666667,6031.567461227002,6083.165872106331,2025.2666666666667,2006.439092959234,2044.0942403740994,0.32973889748220486,0.32953861294689757,0.32993918201751216,0.33073496639112965,0.3306121428805406,0.3308577899017187,0.33952613612666555,0.3392473384262662,0.3398049338270649,13.940320949220533,13.937326906226264,13.943314992214802,0.21670322055186064,0.21495735777786937,0.21844908332585192,40.44027777777778,40.42527358863662,40.45528196691894,8.323884677576357,8.09869457930352,8.549074775849194,13.5108976829208,13.510822245098863,13.510973120742738,0.46930951924527253,0.46837299033178864,0.4702460481587564,6.933333333333334,6.842545044386126,7.024121622280541,13.728946072475244,13.688746730656561,13.769145414293927,0.44032094922053105,0.4373269062262628,0.4433149922147993,0,0,0,0,0,0
p2_b13.75,P2,13.75,0,0,30,120,14975.866666666667,14935.292753039002,15016.440580294331,4680,4680,4680,0.3125201414560219,0.311671334100536,0.31336894881150784,0.34981123890782245,0.34756354309076326,0.35205893472488164,0.304292917140307,0.3018637254826638,0.30672210879795014,10295.866666666667,10255.292753039002,10336.440580294331,2066.5333333333333,2047.7746498774995,2085.292016789167,6166.5,6140.0922849482795,6192.9077150517205,2062.8333333333335,2044.220844426822,2081.4458222398453,0.3333333333333333,0.3333333333333333,0.3333333333333333,0.3333333333333333,0.3333333333333333,0.3333333333333333,0.3333333333333333,0.3333333333333333,0.3333333333333333,13.75,13.75,13.75,0,0,0,39,39,39,0,0,0,13.130548247639783,13.130547658180081,13.130548837099486,0.000011596758833399568,0.000011112278403997379,0.000012081239262801757,0,0,0,13.75,13.75,13.75,0,0,0,1,1,1,1,1,1
p3u_t13.75,P3-U,13.75,1,1,30,120,14975.866666666667,14935.292753039002,15016.440580294331,4932.066666666667,4930.383144433041,4933.750188900292,0.3293530764423559,0.3284287560085995,0.3302773968761123,0.3762710711309217,0.3738566348182414,0.37868550744360197,0.3176146634071203,0.3149569774730563,0.3202723493411843,10043.8,10002.845804946186,10084.754195053813,2014.3666666666666,1996.0349580673956,2032.6983752659376,6017.166666666667,5990.805756136401,6043.527577196933,2012.2666666666667,1993.2968018356034,2031.2365314977299,0.32993568352991465,0.32959055219567734,0.33028081486415195,0.3355686359522263,0.33510370191157035,0.33603356999288225,0.33449568051785905,0.3337625467194763,0.3352288143162418,14.116280524508296,14.113156338565274,14.119404710451319,0.30410970837720636,0.30202565455345115,0.30619376220096156,40.70694444444446,40.63501174373576,40.77887714515316,9.450598732110587,9.20331648374955,9.697880980471624,13.795528751305246,13.789558356923443,13.80149914568705,0.4682809224924541,0.46646391563288125,0.470097929352027,7,7,7,14.081036529753922,14.00526654087868,14.156806518629164,0.3662805245082981,0.3631563385652754,0.36940471045132084,0,0,0,0,0,0
p3d_025_t13.75,P3-D0.25,13.75,1,0.25,30,120,14975.866666666667,14935.292753039002,15016.440580294331,3970.866666666667,3970.7429430840148,3970.990390249319,0.2651657952098524,0.26444442197946727,0.2658871684402375,0.3857903769464489,0.3832782704421158,0.388302483450782,0.23630412990309477,0.23441196012538248,0.23819629968080705,11005,10964.408757187006,11045.591242812994,2210.233333333333,2190.148060344918,2230.318606321748,6592.066666666667,6565.1792059523705,6618.954127380963,2202.7,2184.941956393351,2220.4580436066485,0.43836533396993566,0.4358869763825319,0.44084369155733943,0.4512520478007533,0.4511751603787469,0.4513289352227597,0.11038261822931071,0.10790919296411534,0.11285604349450608,14.011232346432047,14.011157593965468,14.011307098898627,0.059306522013036614,0.059286137481131304,0.059326906544941924,30.286111111111097,30.280955961833936,30.29126626038826,12.864378083644944,12.848686907857266,12.880069259432622,13.750109435668158,13.75008362669055,13.750135244645765,0.4237017422144533,0.423582563983555,0.4238209204453516,8,8,8,14.008696945171884,14.008603319495144,14.008790570848625,0.26123234643205057,0.2611575939654706,0.2613070988986305,0,0,0,0,0,0
p3d_05_t13.75,P3-D0.5,13.75,1,0.5,30,120,14975.866666666667,14935.292753039002,15016.440580294331,4832.266666666666,4818.898132406676,4845.635200926657,0.3226867697801119,0.3214860354917572,0.3238875040684666,0.36923389428237413,0.366676008742321,0.3717917798224273,0.3152555326225641,0.31215284802241816,0.31835821722271007,10143.6,10101.854490927477,10185.345509072524,2034.7666666666667,2015.9938768022107,2053.5394565311226,6076.366666666667,6050.964512609515,6101.768820723819,2032.4666666666667,2013.154961945202,2051.7783713881313,0.3394860992991266,0.33799922837651064,0.34097297022174256,0.3363627665229805,0.3345150062095385,0.33821052683642255,0.32415113417789293,0.32177277721657116,0.3265294911392147,14.058671571471136,14.056046529978154,14.061296612964117,0.14994206309547226,0.147897014323975,0.1519871118669695,40.404166666666676,40.191380713771096,40.616952619562255,9.14523438807254,8.951784789254422,9.338683986890658,13.722148108201846,13.716473074944377,13.727823141459316,0.48086335020858695,0.47915670886816625,0.48256999154900765,6.7,6.533211263094235,6.866788736905765,14.009446552079273,13.96114757675681,14.057745527401737,0.30867157147113583,0.30604652997815396,0.3112966129641177,0,0,0,0,0,0
p3d_075_t13.75,P3-D0.75,13.75,1,0.75,30,120,14975.866666666667,14935.292753039002,15016.440580294331,4913.4,4913.079933340276,4913.720066659724,0.32810610090458303,0.3272137487346287,0.32899845307453734,0.3791906833505353,0.3763155257835129,0.3820658409175577,0.3119440318792132,0.3093975293881281,0.31449053437029834,10062.466666666667,10021.877954947531,10103.055378385803,2018.2333333333333,2000.0420622995723,2036.4246043670944,6028.466666666666,6002.418732869317,6054.5146004640155,2015.7666666666667,1996.7861555551701,2034.7471777781632,0.3263097588940319,0.3257636470945045,0.3268558706935593,0.34121191850319044,0.34084201969958333,0.34158181730679754,0.33247832260277754,0.3316076993826936,0.3333489458228615,14.077662694018104,14.072057427263335,14.083267960772872,0.2176444941371614,0.21538254900826545,0.21990643926605732,39.98055555555557,39.916966450459405,40.04414466065173,10.300255312110245,10.226909732577893,10.373600891642598,13.77391762059582,13.766221291782518,13.78161394940912,0.47048188863645,0.46879369733651877,0.47217007993638127,7,7,7,13.818591110680673,13.818056398999438,13.819125822361908,0.3276626940181062,0.32205742726333736,0.33326796077287507,0,0,0,0,0,0
p2_b14,P2,14,0,0,30,120,14975.866666666667,14935.292753039002,15016.440580294331,4677.5,4674.7702785287975,4680.2297214712025,0.3123533989367706,0.31147614492568154,0.3132306529478597,0.34981123890782245,0.34756354309076326,0.35205893472488164,0.30402633577967575,0.3014733288657264,0.3065793426936251,10298.366666666667,10257.55362505108,10339.179708282254,2066.9666666666667,2048.0881398896104,2085.845193443723,6168.033333333334,6141.608780036255,6194.457886630413,2063.366666666667,2044.7403280802966,2081.9930052530367,0.33316258080253686,0.33282790584217586,0.33349725576289785,0.33367483839492623,0.3330054884742042,0.33434418831564827,0.33316258080253686,0.33282790584217586,0.33349725576289785,14,14,14,0,0,0,38.965277777777786,38.89722222222223,39.03333333333334,0.17010345435994292,-0.16329931618554552,0.5035062249054314,13.1317558746149,13.129389031184383,13.134122718045417,0.005926968300714668,-0.005667385248917394,0.01752132185034673,0,0,0,14,14,14,0,0,0,1,1,1,1,1,1
p3u_t14,P3-U,14,1,1,30,120,14975.866666666667,14935.292753039002,15016.440580294331,5030.8,5029.8444097449055,5031.755590255095,0.3359461264722853,0.33501557480116967,0.3368766781434009,0.38414586108804943,0.3816490046659796,0.38664271751011925,0.3259723423295695,0.32322283329712037,0.32872185136201865,9945.066666666668,9904.240487284154,9985.89284604918,1994.6,1977.07612989787,2012.1238701021298,5958.533333333334,5932.210868526597,5984.855798140071,1991.9333333333334,1972.6506432998551,2011.2160233668117,0.33471479255129494,0.3340743930675418,0.3353551920350481,0.3311235008171652,0.330590586736889,0.33165641489744135,0.33416170663154,0.33300494002836645,0.33531847323471353,14.381576915966388,14.381162629106216,14.38199120282656,0.3327399383435736,0.332204077009267,0.33327579967788024,41.77777777777778,41.71048686262079,41.84506869293477,5.861372906388362,5.821201481863754,5.90154433091297,13.973644426150207,13.973306722130706,13.973982130169707,0.375711473855146,0.37512258548392674,0.3763003622263653,4,4,4,14.868331688542614,14.865374048074278,14.871289329010951,0.38157691596638643,0.38116262910621374,0.38199120282655913,0,0,0,0,0,0
p3d_025_t14,P3-D0.25,14,1,0.25,30,120,14975.866666666667,14935.292753039002,15016.440580294331,3102,3102,3102,0.2071447604266197,0.2065821534999707,0.2077073673532687,0.3998549046032345,0.3972511009914391,0.4024587082150298,0.10923335487087944,0.10836133735275114,0.11010537238900775,11873.866666666667,11833.292753039002,11914.440580294331,2380.733333333333,2360.3103064435454,2401.156360223121,7116.733333333334,7088.649180650037,7144.81748601663,2376.4,2358.3645230738407,2394.4354769261595,0,0,0,1,1,1,0,0,0,14.003751253835407,14.003746659668536,14.003755848002278,0.000013813655588754643,0.000013444305993110955,0.00001418300518439833,14,14,14,0,0,0,14.000013141265361,14.000012828610894,14.000013453919829,0.000004313708128947885,0.000004092604738710335,0.000004534811519185434,0,0,0,14.003728551082098,14.003723962495261,14.003733139668935,0.0037512538354057177,0.003746659668534312,0.0037558480022771234,45,45,45,44,44,44
p3d_05_t14,P3-D0.5,14,1,0.5,30,120,14975.866666666667,14935.292753039002,15016.440580294331,2140.1,2111.6314725838974,2168.5685274161024,0.14292170484285746,0.14087713525401047,0.14496627443170446,0.28091948439228265,0.27913088279138754,0.28270808599317776,0.1236936720880866,0.11442925195374176,0.13295809222243143,12835.766666666666,12780.252232857663,12891.28110047567,2574.0666666666666,2552.822553470256,2595.310779863077,7693.166666666667,7656.3178657868075,7730.015467546526,2568.5333333333333,2547.6722525724185,2589.394414094248,0.07027272883134722,0.031858260927099764,0.10868719673559468,0.9093832038764353,0.8588358849927655,0.9599305227601052,0.02034406729221745,0.007440499905081225,0.03324763467935367,14.010469801393198,14.00161115268375,14.019328450102645,0.023200054685896823,0.0061946486729954064,0.04020546069879824,15.851388888888888,14.668096936443863,17.034680841333913,4.004274995166649,1.9879218260991105,6.0206281642341875,13.984432540861446,13.97536145345931,13.993503628263582,0.08070012536882593,0.04142088147226038,0.11997936926539146,0.36666666666666664,0.10959217353450651,0.6237411597988267,14.064896941200429,14.016481310549725,14.113312571851132,0.010469801393201136,0.0016111526837533155,0.019328450102648956,14,14,14,14,14,14
p3d_075_t14,P3-D0.75,14,1,0.75,30,120,14975.866666666667,14935.292753039002,15016.440580294331,5002.433333333333,5002.172846197581,5002.693820469086,0.33405155916700846,0.3331428231367457,0.3349602951972712,0.38338039833014687,0.3804428158138055,0.3863179808464882,0.3154869310891698,0.3129682469582928,0.31800561522004683,9973.433333333332,9932.83907915939,10014.027587507275,2000.5333333333333,1982.8618878829318,2018.2047787837348,5975.1,5949.09539468903,6001.10460531097,1997.8,1978.8463274149897,2016.7536725850102,0.3357269083476799,0.335442088060148,0.3360117286352117,0.3421157316812291,0.34196138066462106,0.34227008269783715,0.3221573599710911,0.32175811327911463,0.3225566066630675,14.25963981285177,14.259321639282772,14.259957986420767,0.22857564586545037,0.22837348838451418,0.22877780334638656,40.43472222222223,40.416489008431384,40.45295543601307,8.379044942580233,8.341523938232324,8.416565946928142,13.96690128846625,13.96680987951333,13.96699269741917,0.37014937333504233,0.37001199604681084,0.3702867506232738,2,2,2,13.978502894255914,13.978095623554337,13.978910164957492,0.2596398128517727,0.25932163928277474,0.2599579864207706,0,0,0,0,0,0
p2_b14.05,P2,14.05,0,0,30,120,14975.866666666667,14935.292753039002,15016.440580294331,2760,2760,2760,0.18430675008944888,0.18380617139262387,0.1848073287862739,0.20629893576615166,0.20497337156634754,0.20762449996595578,0.17945479728787334,0.1780221970795197,0.18088739749622698,12215.866666666667,12175.292753039002,12256.440580294331,2450,2429.8527569097423,2470.1472430902577,7322.233333333334,7294.617419434922,7349.849247231745,2443.633333333333,2424.5517069072357,2462.7149597594307,0.3143719806763285,0.3100124875659272,0.3187314737867298,0.6086956521739135,0.6086956521739134,0.6086956521739136,0.07693236714975844,0.07257287403935714,0.08129186026015975,14.05000000000001,14.050000000000008,14.050000000000011,5.443687297790757e-15,5.443687297790756e-15,5.4436872977907576e-15,23,23,23,0,0,0,14.045193769377791,14.045193376216295,14.045194162539287,0.000005877710214186582,0.000005541214560197786,0.0000062142058681753784,0,0,0,14.050000000000008,14.050000000000006,14.05000000000001,5.329070518200751e-15,5.329070518200751e-15,5.329070518200751e-15,1,1,1,1,1,1
p3u_t14.05,P3-U,14.05,1,1,30,120,14975.866666666667,14935.292753039002,15016.440580294331,3263,3263,3263,0.21789598751517095,0.2173041801645405,0.2184877948658014,0.35990194772247114,0.35758941452607373,0.36221448091886854,0.18660698123775232,0.18511728464428312,0.18809667783122153,11712.866666666667,11672.292753039002,11753.440580294331,2349.366666666667,2328.946980471563,2369.7863528617704,7019.7,6991.979160142759,7047.420839857241,2343.8,2325.254220033261,2362.3457799667394,0.3343786295005808,0.3303920311429068,0.3383652278582548,0.5853658536585368,0.5853658536585367,0.5853658536585369,0.08025551684088267,0.07626891848320867,0.08424211519855666,14.051489330663072,14.051474354983354,14.05150430634279,0.00159953497594371,0.0015990276540207315,0.0016000422978666887,23.916666666666664,23.916666666666664,23.916666666666664,0.5036101551853349,0.5036101551853349,0.5036101551853349,14.049795550273036,14.049795100548987,14.049795999997084,0.0025278716532838603,0.0025274540454187696,0.002528289261148951,2.7666666666666666,2.6127276331058447,2.9206057002274886,14.051470641328127,14.05101593364512,14.051925349011134,0.0014893306630715604,0.0014743549833536856,0.0015043063427894353,21,21,21,21,21,21
p3d_025_t14.05,P3-D0.25,14.05,1,0.25,30,120,14975.866666666667,14935.292753039002,15016.440580294331,4034,4034,4034,0.2693816774858104,0.2686500345644364,0.27011332040718433,0.3959913217789818,0.3934445827259836,0.39853806083197996,0.1872571797786504,0.18576229260471613,0.18875206695258465,10941.866666666667,10901.292753039002,10982.440580294331,2197.3,2177.4597058651766,2217.1402941348238,6554.6,6527.757794386323,6581.442205613677,2189.9666666666667,2172.0698355355307,2207.8634977978027,0.33194444444444443,0.3283499414854911,0.33553894740339774,0.5833333333333335,0.5833333333333335,0.5833333333333335,0.08472222222222223,0.0811277192632689,0.08831672518117556,14.053083256484319,14.053077549104016,14.053088963864623,0.00022638118304703784,0.00022596048515823508,0.0002268018809358406,24,24,24,0,0,0,14.050213334742542,14.050212978456194,14.05021369102889,0.000005593613747236979,0.000005235551038226674,0.000005951676456247284,0,0,0,14.052715064307604,14.05270928610537,14.052720842509837,0.0030832564843173314,0.00307754910401388,0.0030889638646207826,54,54,54,55,55,55
p3d_05_t14.05,P3-D0.5,14.05,1,0.5,30,120,14975.866666666667,14935.292753039002,15016.440580294331,3257,3257,3257,0.21749532066715033,0.21690460153107818,0.21808603980322247,0.3576595679858825,0.3553614430960047,0.3599576928757603,0.18672573405097193,0.18524167447599482,0.18820979362594903,11718.866666666667,11678.292753039002,11759.440580294331,2350.5666666666666,2330.0595456442425,2371.0737876890908,7023.166666666667,6995.318063287115,7051.015270046219,2345.133333333333,2326.598429498444,2363.6682371682223,0.33178861788617897,0.3271353661298795,0.33644186964247846,0.5849925768822907,0.5848140233274427,0.5851711304371386,0.08321880523153057,0.07851442077869425,0.08792318968436688,14.052167173178377,14.052151074365565,14.05218327199119,0.0006918616150197067,0.0006708773573438091,0.0007128458726956043,23.931944444444447,23.92463645823691,23.939252430651983,0.25365442573324687,0.23993779642448473,0.267371055042009,14.049871627341881,14.04983505837538,14.049908196308381,0.00127341570685762,0.0012046083294476617,0.0013422230842675782,1.6333333333333333,1.45794166435247,1.8087250023141965,14.051699313979451,14.051691193971715,14.051707433987188,0.002167173178374545,0.0021510743655616398,0.00218327199118745,18,18,18,18.6,18.421695340150244,18.77830465984976
p3d_075_t14.05,P3-D0.75,14.05,1,0.75,30,120,14975.866666666667,14935.292753039002,15016.440580294331,3327.633333333333,3327.4579416643523,3327.808725002314,0.22221200203340458,0.2216111937305535,0.22281281033625566,0.38620079079377,0.3837037969479772,0.38869778463956284,0.18701878114800702,0.18552143480627561,0.18851612748973842,11648.233333333334,11607.70123716271,11688.765429503957,2336.3,2316.05455689473,2356.5454431052704,6979.733333333334,6952.183494929513,7007.283171737155,2332.2,2313.6147385151626,2350.785261484837,0.33277822138340435,0.32812344711381203,0.33743299565299667,0.584078590785908,0.583722103653833,0.5844350779179829,0.08314318783068785,0.07839232130505859,0.0878940543563171,14.052311867515789,14.0522539669388,14.052369768092777,0.0010437670726891205,0.0008686052369938455,0.0012189289083843955,23.96944444444444,23.95482847202937,23.984060416859514,0.10352094547176799,0.05400264165148528,0.1530392492920507,14.050059804043574,14.049986529541087,14.050133078546061,0.0005231732922356052,0.0002756689496614378,0.0007706776348097727,0.7333333333333333,0.38254999537160683,1.0841166712950598,14.052141119654838,14.051753202593991,14.052529036715685,0.0023118675157842122,0.002253966938794562,0.0023697680927738623,23,23,23,24,24,24
p2_b14.1,P2,14.1,0,0,30,120,14975.866666666667,14935.292753039002,15016.440580294331,3960,3960,3960,0.2644401196935571,0.263721898085069,0.26515834130204513,0.29599412522969576,0.29409222876910723,0.2978960216902843,0.2574786221956444,0.25542315233148477,0.259534092059804,11015.866666666667,10975.292753039002,11056.440580294331,2212.3,2192.148122038398,2232.4518779616023,6598.866666666667,6571.994023260838,6625.739310072496,2204.7,2186.855634145881,2222.5443658541185,0.4158670033670033,0.4139667310749967,0.41776727565900984,0.424242424242424,0.42424242424242387,0.4242424242424241,0.15989057239057242,0.15799030009856585,0.16179084468257898,14.100000000000005,14.100000000000003,14.100000000000007,1.814562432596919e-15,1.814562432596919e-15,1.814562432596919e-15,33,33,33,0,0,0,14.09539680913726,14.095396311802189,14.09539730647233,0.000008695855101713362,0.000008293763494480286,0.000009097946708946438,0,0,0,14.100000000000005,14.100000000000003,14.100000000000007,1.7763568394002505e-15,1.7763568394002505e-15,1.7763568394002505e-15,1,1,1,1,1,1
p3u_t14.1,P3-U,14.1,1,1,30,120,14975.866666666667,14935.292753039002,15016.440580294331,4244.666666666667,4244.49509292773,4244.838240405604,0.2834495221289561,0.2826802598872685,0.28421878437064363,0.3686718298634503,0.3663085898189127,0.37103506990798796,0.2646634217695801,0.26254874078566987,0.2667781027534903,10731.2,10690.63548306001,10771.764516939991,2154.3333333333335,2134.5768575590673,2174.0898091075996,6428.233333333334,6401.551655763966,6454.915010902701,2148.633333333333,2130.756992276118,2166.5096743905483,0.4137902654467071,0.4129708121647774,0.41460971872863683,0.41272576536380234,0.41267046403193675,0.41278106669566794,0.17348396918949066,0.17266359739778706,0.17430434098119427,14.101924622172488,14.101896492526402,14.101952751818574,0.0017505859659663235,0.0017170385104310502,0.0017841334215015967,33.92083333333332,33.91628379754798,33.92538286911866,0.49297881064786764,0.48150600273677063,0.5044516185589647,14.100020008585975,14.099997233179685,14.100042783992265,0.0024751316183632085,0.0024176983307652635,0.0025325649059611535,3.5,3.2746563288775508,3.7253436711224492,14.10045727783894,14.100428723776206,14.100485831901674,0.0019246221724891063,0.0018964925264033097,0.001952751818574903,17.166666666666668,17.031025716238894,17.302307617094442,19.433333333333334,19.252976768658087,19.61368989800858
p3d_025_t14.1,P3-D0.25,14.1,1,0.25,30,120,14975.866666666667,14935.292753039002,15016.440580294331,5140,5140,5140,0.34323793313759676,0.3423056959993067,0.3441701702758868,0.4037394729564259,0.4011613706410458,0.40631757527180606,0.32574946898994406,0.32314898817695425,0.32834994980293386,9835.866666666667,9795.292753039002,9876.440580294331,1970.8,1953.3962818188545,1988.2037181811454,5895.5,5869.203714645443,5921.796285354557,1969.5666666666666,1950.491242970715,1988.6420903626183,0.33532934131736525,0.33532934131736525,0.33532934131736525,0.33532934131736525,0.33532934131736525,0.33532934131736525,0.32934131736526945,0.32934131736526945,0.32934131736526945,14.197374999311723,14.197368062061884,14.197381936561563,0.042999453514203916,0.04299833065057628,0.04300057637783155,41.75,41.75,41.75,0.7372097807744853,0.7372097807744852,0.7372097807744854,14.13933474808039,14.139333861581612,14.139335634579169,0.003702371408680712,0.003701518328193352,0.003703224489168072,0,0,0,14.128078112085483,14.128070492290732,14.128085731880233,0.09737499931171788,0.0973680620618782,0.09738193656155755,109,109,109,0,0,0
p3d_05_t14.1,P3-D0.5,14.1,1,0.5,30,120,14975.866666666667,14935.292753039002,15016.440580294331,4419,4419,4419,0.29509113356712846,0.29428966354492925,0.2958926035893277,0.39697580280362244,0.39442750983738833,0.39952409576985654,0.26463080614552337,0.26251823989624823,0.2667433723947985,10556.866666666667,10516.292753039002,10597.440580294331,2119.866666666667,2100.2329626184915,2139.500370714842,6322.833333333333,6296.014417786445,6349.652248880221,2114.1666666666665,2096.2307473128913,2132.102586020442,0.4140458640458642,0.4131782087993286,0.4149135192923998,0.41277641277641297,0.4127764127764129,0.412776412776413,0.1731777231777232,0.17231006793118764,0.17404537842425877,14.101621953639777,14.101607076306395,14.101636830973158,0.0008336058727061174,0.0008326675579581931,0.0008345441874540417,33.91666666666665,33.91666666666664,33.91666666666666,0.28232985128664007,0.28232985128664007,0.28232985128664007,14.09999915475438,14.09999855822794,14.099999751280821,0.0014178937740775871,0.0014171963723458472,0.001418591175809327,2,2,2,14.101657339245474,14.101647583984152,14.101667094506796,0.001621953639777729,0.0016070763063973014,0.0016368309731581566,31,31,31,36.8,36.65441485486919,36.945585145130806
p3d_075_t14.1,P3-D0.75,14.1,1,0.75,30,120,14975.866666666667,14935.292753039002,15016.440580294331,4302.733333333334,4302.572382899518,4302.894283767149,0.2873271045480672,0.2865464340925199,0.2881077750036145,0.39082205937447007,0.3883055469928997,0.3933385717560404,0.26463080614552337,0.26251823989624823,0.2667433723947985,10673.133333333333,10632.556263777587,10713.710402889079,2142.3,2122.5332867144048,2162.0667132855956,6394.433333333333,6368.277309333518,6420.589357333149,2136.4,2118.675195420561,2154.124804579439,0.41265356265356273,0.4121077723676709,0.4131993529394546,0.41277641277641297,0.4127764127764129,0.412776412776413,0.17457002457002455,0.1740242342841327,0.1751158148559164,14.10220557629302,14.10218721267367,14.10222393991237,0.0012485067757938286,0.0012474623158557645,0.0012495512357318928,33.91666666666665,33.91666666666664,33.91666666666666,0.28232985128664007,0.28232985128664007,0.28232985128664007,14.099998940829556,14.099998421745063,14.099999459914049,0.0014169240560875142,0.0014162343213909034,0.0014176137907841249,2,2,2,14.101639699351153,14.101281938797673,14.101997459904634,0.002205576293022323,0.0021872126736726142,0.0022239399123720315,22,22,22,25,25,25
p2_b14.15,P2,14.15,0,0,30,120,14975.866666666667,14935.292753039002,15016.440580294331,5039.933333333333,5039.8026666666665,5040.064,0.33655567505943934,0.33564278059689817,0.3374685695219805,0.37669401590672064,0.37429140121621174,0.37909663059722953,0.3277000646126384,0.32508401205825344,0.33031611716702336,9935.933333333332,9895.377903137422,9976.488763529243,1992.5333333333333,1975.1049374539873,2009.9617292126793,5953.466666666666,5927.334448529541,5979.598884803791,1989.9333333333334,1970.7673255949348,2009.099341071732,0.3333333333333333,0.3333333333333333,0.3333333333333333,0.3333333333333333,0.3333333333333333,0.3333333333333333,0.3333333333333333,0.3333333333333333,0.3333333333333333,14.149999999999995,14.149999999999993,14.149999999999997,1.814562432596919e-15,1.814562432596919e-15,1.814562432596919e-15,42,42,42,0,0,0,14.140590186099708,14.140589343671945,14.14059102852747,0.00001189176050607304,0.000011196931831202485,0.000012586589180943596,0,0,0,14.149999999999995,14.149999999999993,14.149999999999997,-1.7763568394002505e-15,-1.7763568394002505e-15,-1.7763568394002505e-15,1,1,1,0,0,0
p3u_t14.15,P3-U,14.15,1,1,30,120,14975.866666666667,14935.292753039002,15016.440580294331,5064.766666666666,5063.891724706906,5065.641608626427,0.33821412299656717,0.3372882904459613,0.339139955547173,0.37851314418482485,0.3760920800807128,0.38093420828893687,0.32888140638692803,0.3262532509802862,0.3315095617935699,9911.1,9870.44122112977,9951.758778870231,1987.1666666666667,1969.692890023034,2004.6404433102996,5938.933333333333,5912.748415050056,5965.118251616611,1985,1965.7012717469802,2004.2987282530198,0.334080255529101,0.3340047193426235,0.33415579171557847,0.3321362248468428,0.3320786256311233,0.3321938240625623,0.3337835196240564,0.3336657002648895,0.3339013389832233,14.563566012539352,14.561089841266067,14.566042183812637,0.03701571719304489,0.03680621078700607,0.03722522359908371,42.15138888888889,42.14408090268135,42.158696875096425,0.685578739271977,0.5049762175162176,0.8661812610277364,14.14135019300821,14.141313418528558,14.141386967487861,0.0034416211564809343,0.002534904945367859,0.00434833736759401,0.06666666666666667,-0.06399999999999999,0.1973333333333333,14.621341366531562,14.619320143837562,14.623362589225561,0.4135660125393525,0.4110898412660681,0.41604218381263686,12,12,12,0,0,0
p3d_025_t14.15,P3-D0.25,14.15,1,0.25,30,120,14975.866666666667,14935.292753039002,15016.440580294331,5158.6,5158.324411768098,5158.875588231903,0.3444801067009483,0.3435391388731879,0.34542107452870874,0.39862772478491293,0.3958334603989095,0.40142198917091637,0.32874112174784287,0.32610287140137045,0.3313793720943153,9817.266666666666,9776.61412385006,9857.919209483272,1966.5,1949.2288851333901,1983.7711148666099,5884.3,5857.986357603253,5910.613642396747,1966.4666666666667,1947.3590824004539,1985.5742509328795,0.33392654450582465,0.33370003641855467,0.33415305259309463,0.3322786630359591,0.3321891415685541,0.3323681845033641,0.33379479245821625,0.33357870082032137,0.3340108840961111,14.839573617151464,14.839401389969465,14.839745844333462,0.00962938080380057,0.009575002452543913,0.009683759155057226,42.133333333333326,42.12198479721493,42.14468186945172,1.3469240437483776,1.1346542849979713,1.559193802498784,14.141260089625495,14.141203292680311,14.14131688657068,0.006763156540656136,0.0056972535654636735,0.0078290595158486,1.5333333333333334,1.2254552662116898,1.841211400454977,14.853594317823879,14.853385940130329,14.853802695517428,0.6895736171514643,0.6894013899694652,0.6897458443334633,0,0,0,0,0,0
p3d_05_t14.15,P3-D0.5,14.15,1,0.5,30,120,14975.866666666667,14935.292753039002,15016.440580294331,5109.366666666667,5109.146610386858,5109.586722946476,0.34119225860815916,0.3402678065082931,0.34211671070802524,0.396112447983026,0.3936416749898445,0.39858322097620746,0.32897906547434175,0.32634795631051616,0.33161017463816733,9866.5,9825.960162450921,9907.039837549079,1977.8666666666666,1960.404606619578,1995.328726713755,5913.233333333334,5886.843024998499,5939.623641668169,1975.4,1956.3869664933122,1994.413033506688,0.33401411873867043,0.33398412608702416,0.3340441113903167,0.33203770383489123,0.3320078886545565,0.33206751901522596,0.33394817742643834,0.3338883695944573,0.3340079852584194,14.827027573506852,14.82675392164245,14.827301225371254,0.018069069045600756,0.017896185782944,0.018241952308257512,42.16388888888889,42.160106043516095,42.16767173426169,0.6367739514831541,0.40212254632731886,0.8714253566389893,14.141413066228692,14.141393997989216,14.141432134468168,0.003197175600595613,0.0020191182506934034,0.0043752329504978225,1,0.6360371371729783,1.3639628628270217,14.855737923269237,14.855402219976899,14.856073626561574,0.6770275735068514,0.6767539216424499,0.6773012253712529,0,0,0,0,0,0
p3d_075_t14.15,P3-D0.75,14.15,1,0.75,30,120,14975.866666666667,14935.292753039002,15016.440580294331,5041.966666666666,5041.901333333333,5042.031999999999,0.3366914956128264,0.33577636399447347,0.33760662723117935,0.3914325086253753,0.3889117306106339,0.39395328664011675,0.3124203989015332,0.30992632498807693,0.3149144728149895,9933.9,9893.316117015876,9974.483882984123,1992.0666666666666,1974.6260631831362,2009.507270150197,5952.466666666666,5926.329886664068,5978.6034466692645,1989.3666666666666,1970.1837213213187,2008.5496120120144,0.3295872355185571,0.3294197532773333,0.32975471775978094,0.3517169614984391,0.3517169614984391,0.3517169614984391,0.3186958029830037,0.31852832074177984,0.3188632852242276,14.94869913612979,14.94866825481244,14.94873001744714,0.0737797870189438,0.07376389460095893,0.07379567943692868,40.041666666666664,40.041666666666664,40.041666666666664,7.6119917205970635,7.60237602020242,7.621607420991707,14.213673035330562,14.213672115994255,14.213673954666868,0.24297531658902916,0.24292459246024195,0.24302604071781636,1.0666666666666667,0.9359999999999999,1.1973333333333334,14.624725205130513,14.624572799596455,14.624877610664571,0.7986991361297885,0.7986682548124387,0.7987300174471382,0,0,0,0,0,0
p2_b14.2,P2,14.2,0,0,30,120,14975.866666666667,14935.292753039002,15016.440580294331,5039.933333333333,5039.8026666666665,5040.064,0.33655567505943934,0.33564278059689817,0.3374685695219805,0.37669401590672064,0.37429140121621174,0.37909663059722953,0.3277000646126384,0.32508401205825344,0.33031611716702336,9935.933333333332,9895.377903137422,9976.488763529243,1992.5333333333333,1975.1049374539873,2009.9617292126793,5953.466666666666,5927.334448529541,5979.598884803791,1989.9333333333334,1970.7673255949348,2009.099341071732,0.3333333333333333,0.3333333333333333,0.3333333333333333,0.3333333333333333,0.3333333333333333,0.3333333333333333,0.3333333333333333,0.3333333333333333,0.3333333333333333,14.19999999999999,14.199999999999989,14.199999999999992,5.443687297790757e-15,5.443687297790756e-15,5.4436872977907576e-15,42,42,42,0,0,0,14.140590186099708,14.140589343671945,14.14059102852747,0.00001189176050607304,0.000011196931831202485,0.000012586589180943596,0,0,0,14.199999999999992,14.19999999999999,14.199999999999994,-5.329070518200751e-15,-5.329070518200751e-15,-5.329070518200751e-15,1,1,1,0,0,0
p3u_t14.2,P3-U,14.2,1,1,30,120,14975.866666666667,14935.292753039002,15016.440580294331,5017.466666666666,5015.6066933796665,5019.326639953666,0.33505563598163424,0.33412695510438445,0.335984316858884,0.3866986152234919,0.38416572866618665,0.3892315017807972,0.3283718663861506,0.3255396345381006,0.33120409823420066,9958.4,9917.63132847591,9999.168671524088,1997.8,1980.3155331833632,2015.2844668166367,5966.033333333334,5939.88308357855,5992.183583088117,1994.5666666666666,1975.3977216970277,2013.7356116363055,0.3458059719475558,0.3448890007871071,0.3467229431080045,0.33383791536562063,0.33258023793181446,0.3350955927994268,0.3203561126868235,0.31931922420251974,0.3213930011711273,14.459358395084053,14.457339015939922,14.461377774228183,0.229229453983845,0.22610343407900182,0.23235547388868819,42.086111111111116,41.946080122629255,42.22614209959298,7.019332955830382,6.787866325098992,7.250799586561772,14.189388767986923,14.184422838095378,14.194354697878468,0.19547357383999206,0.18639795096307346,0.20454919671691066,1.1666666666666667,1.0310257162388914,1.302307617094442,14.723938967527172,14.718015608233893,14.72986232682045,0.25935839508405256,0.2573390159399232,0.2613777742281819,0,0,0,0,0,0
p3d_025_t14.2,P3-D0.25,14.2,1,0.25,30,120,14975.866666666667,14935.292753039002,15016.440580294331,5173.533333333334,5172.94847069432,5174.118195972347,0.345477336301654,0.3445323120174756,0.3464223605858324,0.3873703856073852,0.3848852397413025,0.38985553147346785,0.34006655436123434,0.3373110324598504,0.3428220762626183,9802.333333333334,9761.667389160366,9842.999277506302,1963.5666666666666,1946.4195001574435,1980.7138331758897,5875.166666666667,5848.744352649767,5901.588980683567,1963.6,1944.5500757439584,1982.6499242560415,0.33077485769202924,0.3305220345618584,0.3310276808222001,0.32121489070671055,0.3209693746034233,0.3214604068099978,0.3480102516012605,0.3475119123678023,0.34850859083471863,14.888975352858148,14.88866002348485,14.889290682231447,0.05408275387921792,0.05369429869238914,0.054471209066046695,43.58472222222222,43.55138577760369,43.618058666840746,2.020628878124325,1.7768441012470102,2.26441365500164,14.148547324774885,14.14838008181235,14.14871456773742,0.010145620705769647,0.008921567492808282,0.011369673918731012,0,0,0,14.981912299033002,14.981201273781,14.982623324285004,0.6889753528581483,0.6886600234848491,0.6892906822314474,0,0,0,0,0,0
p3d_05_t14.2,P3-D0.5,14.2,1,0.5,30,120,14975.866666666667,14935.292753039002,15016.440580294331,5091.733333333334,5091.395372261872,5092.0712944047955,0.3400148180190318,0.3390897313562548,0.34093990468180874,0.38770848136785624,0.385188411916077,0.3902285508196355,0.31993247820998244,0.3173354419072608,0.32252951451270406,9884.133333333333,9843.538312304241,9924.728354362425,1981.6333333333334,1964.063943705554,1999.2027229611128,5923.1,5896.753454301316,5949.4465456986845,1979.4,1960.3825543999878,1998.4174456000123,0.3438342824613685,0.34351792886307775,0.34415063605965923,0.34346165303621173,0.34329338626543476,0.3436299198069887,0.31270406450241967,0.31226986146314845,0.3131382675416909,14.81155555610106,14.811174398004091,14.81193671419803,0.1461853981649738,0.14609791234651773,0.14627288398342989,41.004166666666684,40.98406692336695,41.024266409966415,7.607975464619293,7.577933213949399,7.638017715289187,14.218503752366143,14.218403018604608,14.218604486127678,0.24437600593041503,0.24419087344300172,0.24456113841782834,2,2,2,14.572899340584486,14.572501175619092,14.573297505549881,0.6115555561010599,0.6111743980040909,0.611936714198029,0,0,0,0,0,0
p3d_075_t14.2,P3-D0.75,14.2,1,0.75,30,120,14975.866666666667,14935.292753039002,15016.440580294331,5108.733333333334,5108.504425414621,5108.962241252046,0.3411500641308302,0.3402209113178336,0.3420792169438268,0.3798327665501312,0.3774189274309436,0.38224660566931884,0.3383503014217129,0.33546865831547423,0.3412319445279516,9867.133333333333,9826.52189093994,9907.744775726727,1977.9666666666667,1960.5044169680625,1995.4289163652709,5913.633333333333,5887.185228954644,5940.081437712022,1975.5333333333333,1956.5277020581407,1994.538964608526,0.32457941260977635,0.3243631483256274,0.3247956768939253,0.32285435177966837,0.3223876987336632,0.32332100482567355,0.3525662356105554,0.3520048010569064,0.3531276701642044,14.65473845848862,14.653293027981807,14.656183888995432,0.16485912516395546,0.16343373347969856,0.16628451684821235,43.36388888888889,43.30136967430311,43.426408103474664,1.5738722986282743,1.5453562136420103,1.6023883836145383,14.147439521162589,14.147125439497474,14.147753602827704,0.007902320638559147,0.007759454794749018,0.008045186482369278,0,0,0,14.940034034198057,14.939516607468287,14.940551460927827,0.45473845848862043,0.4532930279818075,0.4561838889954334,0,0,0,0,0,0
p2_b14.25,P2,14.25,0,0,30,120,14975.866666666667,14935.292753039002,15016.440580294331,5039.933333333333,5039.8026666666665,5040.064,0.33655567505943934,0.33564278059689817,0.3374685695219805,0.37669401590672064,0.37429140121621174,0.37909663059722953,0.3277000646126384,0.32508401205825344,0.33031611716702336,9935.933333333332,9895.377903137422,9976.488763529243,1992.5333333333333,1975.1049374539873,2009.9617292126793,5953.466666666666,5927.334448529541,5979.598884803791,1989.9333333333334,1970.7673255949348,2009.099341071732,0.3333333333333333,0.3333333333333333,0.3333333333333333,0.3333333333333333,0.3333333333333333,0.3333333333333333,0.3333333333333333,0.3333333333333333,0.3333333333333333,14.25,14.25,14.25,0,0,0,42,42,42,0,0,0,14.140590186099708,14.140589343671945,14.14059102852747,0.00001189176050607304,0.000011196931831202485,0.000012586589180943596,0,0,0,14.25,14.25,14.25,0,0,0,1,1,1,0,0,0
p3u_t14.25,P3-U,14.25,1,1,30,120,14975.866666666667,14935.292753039002,15016.440580294331,5109.7,5106.801749302864,5112.598250697136,0.34121346411677284,0.3403205401140795,0.3421063881194662,0.3864736696091707,0.3839890389974831,0.38895830022085826,0.3325069833926835,0.3295640802334389,0.33544988655192803,9866.166666666666,9826.303722847102,9906.02961048623,1977.7333333333333,1960.467797141698,1994.9988695249688,5912.866666666667,5886.8499431514465,5938.883390181887,1975.5666666666666,1956.5610470081192,1994.572286325214,0.3313932271665375,0.33033446760211177,0.33245198673096327,0.33056733280126527,0.3294650533945271,0.33166961220800345,0.3380394400321974,0.3364300691186852,0.33964881094570953,14.665839433599468,14.66427355111018,14.667405316088756,0.28327405515877263,0.28167719598315183,0.28487091433439343,42.615277777777784,42.48181994119092,42.74873561436465,5.4430791858094,5.21250619694467,5.67365217467413,14.229359159573562,14.225988831187603,14.23272948795952,0.2614802381832634,0.2574139095298502,0.26554656683667655,2,2,2,14.992181930543476,14.990088852944735,14.994275008142216,0.4158394335994667,0.4142735511101778,0.4174053160887556,0,0,0,0,0,0
p3d_025_t14.25,P3-D0.25,14.25,1,0.25,30,120,14975.866666666667,14935.292753039002,15016.440580294331,5088,5081.816914730632,5094.183085269368,0.3397635518457531,0.3388418751454047,0.34068522854610145,0.3972366218008107,0.39469360547897797,0.39977963812264344,0.3229700006715816,0.3200365311465475,0.3259034701966157,9887.866666666667,9848.26046793049,9927.472865402844,1982.6,1965.3696223775712,1999.8303776224286,5925.1,5899.132267850051,5951.06773214995,1980.1666666666667,1961.19793080798,1999.1354025253536,0.32674907913244006,0.3260245924204688,0.32747356584441134,0.3415635651385808,0.3397429647282583,0.34338416554890333,0.3316873557289792,0.3303136132867442,0.33306109817121426,14.922780149631787,14.921790959715175,14.9237693395484,0.06976072799940354,0.06940330657083804,0.07011814942796904,41.39444444444444,41.1962997817234,41.59258910716548,9.948465692559886,9.753534172760403,10.143397212359368,14.272977611567804,14.267282008808094,14.278673214327513,0.29777223676349146,0.29184302613521523,0.3037014473917677,2,2,2,15.012563232473616,15.011005371510066,15.014121093437165,0.6727801496317913,0.6717909597151783,0.6737693395484043,0,0,0,0,0,0
p3d_05_t14.25,P3-D0.5,14.25,1,0.5,30,120,14975.866666666667,14935.292753039002,15016.440580294331,5091.933333333333,5089.2971208406625,5094.569545826004,0.34002817995690365,0.3390863446365225,0.3409700152772848,0.3934214382843713,0.3909708332561371,0.39587204331260556,0.3205527258184396,0.31801180965223935,0.3230936419846398,9883.933333333332,9843.251365459351,9924.615301207314,1981.4666666666667,1964.0304184428485,1998.902914890485,5923.133333333333,5896.57921656813,5949.687450098537,1979.3333333333333,1960.306200200645,1998.3604664660215,0.3287946376773033,0.32777039652054407,0.3298188788340626,0.3448260896373749,0.3441454221478524,0.3455067571268974,0.32637927268532185,0.3250597895335883,0.32769875583705543,14.842725530544946,14.840047384657305,14.845403676432587,0.14709889976997406,0.14590374711823323,0.1482940524217149,41.08472222222223,41.003480640151835,41.16596380429263,9.487861078854527,9.346220940887564,9.62950121682149,14.301824889106022,14.301417211591543,14.302232566620502,0.33184721322388294,0.33114176785742655,0.33255265859033933,2.933333333333333,2.8425450443861253,3.024121622280541,14.782103876734068,14.737742018363788,14.826465735104348,0.5927255305449433,0.5900473846573028,0.5954036764325837,0,0,0,0,0,0
p3d_075_t14.25,P3-D0.75,14.25,1,0.75,30,120,14975.866666666667,14935.292753039002,15016.440580294331,5128.333333333333,5128.161759594396,5128.50490707227,0.3424588768173614,0.3415278008194118,0.34338995281531104,0.38668571010979963,0.38419233245435547,0.3891790877652438,0.33576427710506135,0.33304867136163163,0.33847988284849106,9847.533333333333,9806.945818318109,9888.120848348557,1973.1666666666667,1955.6154824230753,1990.7178509102582,5902.766666666666,5876.420903104267,5929.1124302290655,1971.6,1952.6486106559712,1990.5513893440286,0.3301388212015697,0.3299573848146421,0.33032025758849726,0.327266389673877,0.32709160192765047,0.32744117742010354,0.34259478912455354,0.34224414855721635,0.34294542969189074,14.728498466860668,14.728063109091792,14.728933824629543,0.19851857517368632,0.1983353613274005,0.19870178901997212,43.03333333333333,43.01036764734145,43.056299019325216,5.304246646721755,5.289317572483904,5.319175720959606,14.228693043084101,14.228577825983054,14.228808260185149,0.25632986453917744,0.2562608061601642,0.25639892291819066,2,2,2,14.865744775908777,14.865271600734019,14.866217951083534,0.478498466860669,0.4780631090917934,0.4789338246295446,0,0,0,0,0,0
p2_b14.5,P2,14.5,0,0,30,120,14975.866666666667,14935.292753039002,15016.440580294331,5039.933333333333,5039.8026666666665,5040.064,0.33655567505943934,0.33564278059689817,0.3374685695219805,0.37669401590672064,0.37429140121621174,0.37909663059722953,0.3277000646126384,0.32508401205825344,0.33031611716702336,9935.933333333332,9895.377903137422,9976.488763529243,1992.5333333333333,1975.1049374539873,2009.9617292126793,5953.466666666666,5927.334448529541,5979.598884803791,1989.9333333333334,1970.7673255949348,2009.099341071732,0.3333333333333333,0.3333333333333333,0.3333333333333333,0.3333333333333333,0.3333333333333333,0.3333333333333333,0.3333333333333333,0.3333333333333333,0.3333333333333333,14.5,14.5,14.5,0,0,0,42,42,42,0,0,0,14.140590186099708,14.140589343671945,14.14059102852747,0.00001189176050607304,0.000011196931831202485,0.000012586589180943596,0,0,0,14.5,14.5,14.5,0,0,0,1,1,1,0,0,0
p3u_t14.5,P3-U,14.5,1,1,30,120,14975.866666666667,14935.292753039002,15016.440580294331,5165.033333333334,5157.709636387788,5172.357030278879,0.3449094784103774,0.3438580771374466,0.3459608796833082,0.38539585185222847,0.38276842184806875,0.3880232818563882,0.335543322896096,0.3328904948037406,0.3381961509884514,9810.833333333334,9769.696932691351,9851.969733975317,1965.6333333333334,1948.234415308225,1983.032251358442,5880.433333333333,5854.099807641034,5906.766859025633,1964.7666666666667,1945.53287172649,1984.0004616068434,0.331275726618139,0.3281354812495719,0.33441597198670603,0.3341036325733635,0.3322464070640323,0.3359608580826947,0.3346206408084976,0.3313811305710316,0.3378601510459637,14.91307127414969,14.903101327769512,14.923041220529868,0.2937602393921305,0.28779768083598967,0.2997227979482713,43.009722222222216,42.790703618719476,43.228740825724955,7.4189638195880105,6.9861156786163345,7.8518119605596866,14.510486653684243,14.497809022732792,14.523164284635694,0.4746612681338857,0.47110111062830845,0.47822142563946296,6.666666666666667,6.471042505938662,6.862290827394672,14.848918075502763,14.74757846111611,14.950257689889416,0.4130712741496925,0.40310132776951546,0.4230412205298696,0,0,0,0,0,0
p3d_025_t14.5,P3-D0.25,14.5,1,0.25,30,120,14975.866666666667,14935.292753039002,15016.440580294331,4547.233333333334,4546.218216904551,4548.248449762116,0.30365418574514114,0.30283100667438373,0.30447736481589854,0.38018334975145013,0.3777285236370432,0.3826381758658571,0.28586110161358963,0.28368251403878364,0.2880396891883956,10428.633333333333,10388.111827671672,10469.154838994995,2094.133333333333,2075.0775842461935,2113.189082420473,6244.733333333334,6218.24328149021,6271.223385176457,2089.766666666667,2071.8675657906847,2107.665767542649,0.3898767400970227,0.3885710898985977,0.39118239029544777,0.39284762721661676,0.3919511466982248,0.39374410773500873,0.2172756326863606,0.21582914659140498,0.21872211878131623,14.97852535743712,14.977087916138174,14.979962798736064,0.06447786630814346,0.06348378600636696,0.06547194660991996,36.638888888888886,36.57274702090253,36.70503075687524,12.07650827406701,12.0188483946105,12.13416815352352,14.504750177004537,14.497565301379161,14.511935052629912,0.43957893264688896,0.4375065864249227,0.44165127886885525,7.466666666666667,7.2228145665254235,7.71051876680791,14.951837436593454,14.938717405963887,14.964957467223021,0.47852535743712127,0.4770879161381754,0.4799627987360671,0,0,0,0,0,0
p3d_05_t14.5,P3-D0.5,14.5,1,0.5,30,120,14975.866666666667,14935.292753039002,15016.440580294331,4834.066666666667,4828.072920367621,4840.060412965712,0.32280821444014074,0.32185122926800186,0.3237651996122796,0.37889212940679246,0.3764185273358195,0.3813657314777654,0.31227479278074655,0.3090939984251447,0.3154555871363484,10141.8,10100.90968349352,10182.690316506478,2034.8,2016.0270415659168,2053.5729584340834,6075.433333333333,6049.626564004278,6101.240102662388,2031.5666666666666,2012.8971850053586,2050.2361483279747,0.3618395330885861,0.3601714576937841,0.36350760848338803,0.3590347546529121,0.3567134062866169,0.36135610301920734,0.27912571225850175,0.27726009508944816,0.28099132942755534,14.92550220890533,14.919636600139304,14.931367817671356,0.15719401696871196,0.15448714174244726,0.15990089219497666,40.02222222222222,39.78850438449615,40.25594005994829,10.351840729916512,10.14265371760041,10.561027742232614,14.494101554923807,14.485094545787101,14.503108564060513,0.4541804782567405,0.45190872573568575,0.4564522307777953,5.666666666666667,5.412181686041121,5.921151647292213,14.817889946940378,14.799165110299837,14.836614783580918,0.42550220890533236,0.4196366001393054,0.4313678176713593,0,0,0,0,0,0
p3d_075_t14.5,P3-D0.75,14.5,1,0.75,30,120,14975.866666666667,14935.292753039002,15016.440580294331,5061.333333333333,5054.401244674056,5068.26542199261,0.337986500897359,0.3368851843580096,0.33908781743670835,0.38961647974683605,0.3870445480631011,0.392188411430571,0.3298243078380906,0.32660054089121443,0.33304807478496673,9914.533333333333,9872.120207898697,9956.946458767969,1988.0333333333333,1970.1537814365254,2005.9128852301412,5940.666666666667,5913.753697262575,5967.579636070759,1985.8333333333333,1966.5836123600855,2005.083054306581,0.34526000924741873,0.3431162889019969,0.34740372959284055,0.33977144952024724,0.3380296849362265,0.341513214104268,0.31496854123233403,0.3116496293447437,0.31828745311992435,14.943634012306408,14.938784428885308,14.948483595727508,0.19814126969606222,0.19256417789726427,0.20371836149486017,42.27083333333333,42.06420336579089,42.47746330087577,7.906070750635564,7.597792948677393,8.214348552593735,14.499865222503873,14.49195951591331,14.507770929094436,0.4695268587703405,0.4666308075524095,0.4724229099882715,7.466666666666667,7.188950308706018,7.744383024627315,15.0191051681046,14.947555889237798,15.090654446971403,0.44363401230640764,0.4387844288853084,0.4484835957275069,0,0,0,0,0,0
p2_b15,P2,15,0,0,30,120,14975.866666666667,14935.292753039002,15016.440580294331,5038.133333333333,5035.685053630784,5040.581613035883,0.3364353520699614,0.3355139833682652,0.33735672077165757,0.37635869548943296,0.37384764957370964,0.3788697414051563,0.3277000646126384,0.32508401205825344,0.33031611716702336,9937.733333333334,9897.197506083981,9978.269160582686,1993,1975.5409072137313,2010.4590927862687,5954.466666666666,5928.435859967489,5980.497473365844,1990.2666666666667,1971.066591673199,2009.4667416601344,0.3333333333333333,0.3333333333333333,0.3333333333333333,0.3333333333333333,0.3333333333333333,0.3333333333333333,0.3333333333333333,0.3333333333333333,0.3333333333333333,15,15,15,0,0,0,42,42,42,0,0,0,14.140590215926961,14.140589369177524,14.140591062676398,0.000012043986566131432,0.000011355979236664826,0.000012731993895598037,0,0,0,15,15,15,0,0,0,1,1,1,0,0,0
p3u_t15,P3-U,15,1,1,30,120,14975.866666666667,14935.292753039002,15016.440580294331,5231.3,5230.6547139278255,5231.945286072175,0.3493348307511159,0.34838097571096655,0.3502886857912652,0.39213016102106985,0.38960258151675964,0.39465774052538005,0.3448650526798486,0.3421073515155795,0.3476227538441177,9744.566666666668,9703.926535447614,9785.206797885721,1951.6666666666667,1934.319636781878,1969.0136965514555,5840.733333333334,5814.1658836141305,5867.300783052537,1952.1666666666667,1933.0862898821913,1971.2470434511422,0.3413468882829923,0.3410768579104352,0.34161691865554944,0.337482094770939,0.33727609356594357,0.3376880959759344,0.3211710169460688,0.32074544577476527,0.32159658811737235,15.479151750583998,15.478357472466266,15.47994602870173,0.30055738636448903,0.300301115395272,0.3008136573337061,44.199999999999996,44.173041894287586,44.226958105712406,4.782268385018672,4.707797620543886,4.856739149493459,15.06369970353751,15.063564908331786,15.063834498743235,0.27972218145471167,0.2795274010643763,0.27991696184504705,3,3,3,15.218310080654273,15.216708638054723,15.219911523253824,0.47915175058399545,0.47835747246626387,0.47994602870172703,0,0,0,0,0,0
p3d_025_t15,P3-D0.25,15,1,0.25,30,120,14975.866666666667,14935.292753039002,15016.440580294331,3083,3083,3083,0.2058759820745547,0.2053168211606737,0.2064351429884357,0.39947950905662644,0.3969130838197617,0.40204593429349117,0.11703573736165652,0.11610143287794762,0.11797004184536543,11892.866666666667,11852.292753039002,11933.440580294331,2384.866666666667,2364.446926410664,2405.2864069226694,7128.3,7100.132605454281,7156.46739454572,2379.7,2361.58523765531,2397.81476234469,0,0,0,1,1,1,0,0,0,15.003911934252368,15.003907937959523,15.003915930545213,0.000014820211143612179,0.000014426699905177047,0.00001521372238204731,15,15,15,0,0,0,15.000014089031334,15.000013733597173,15.000014444465494,0.000004461701718889508,0.000004196530039705814,0.000004726873398073202,0,0,0,15.003887862304056,15.003883655498832,15.00389206910928,0.003911934252367762,0.003907937959523181,0.003915930545212343,41,41,41,40,40,40
p3d_05_t15,P3-D0.5,15,1,0.5,30,120,14975.866666666667,14935.292753039002,15016.440580294331,2416.7,2362.425814450114,2470.9741855498855,0.16137321652502593,0.15777716143796247,0.16496927161208938,0.33792571818285744,0.3357720115566065,0.34007942480910835,0.11703573736165652,0.11610143287794762,0.11797004184536543,12559.166666666666,12495.305610735259,12623.027722598074,2519.133333333333,2496.506913562127,2541.7597531045394,7527.6,7490.22051193256,7564.979488067441,2512.4333333333334,2489.016688840686,2535.8499778259807,0,0,0,1,1,1,0,0,0,15.001244118080908,15.001124087898086,15.00136414826373,0.00003033350320193357,0.000029634707138400496,0.000031032299265466646,15,15,15,0,0,0,15.00001424590294,15.00001396565535,15.000014526150531,0.000004596978463670536,0.000004374996182236805,0.000004818960745104267,0,0,0,15.001194361348054,15.001074365516489,15.001314357179618,0.001244118080909947,0.0011240878980880893,0.0013641482637318045,18,18,18,18,18,18
p3d_075_t15,P3-D0.75,15,1,0.75,30,120,14975.866666666667,14935.292753039002,15016.440580294331,5178.433333333333,5169.235468576955,5187.631198089712,0.3458027893978127,0.34474987198179496,0.3468557068138305,0.39016110050711167,0.3876588590868418,0.39266334192738156,0.33438581016029584,0.3313735169371496,0.33739810338344206,9797.433333333332,9757.013602783936,9837.853063882729,1962.6,1945.5605767082643,1979.6394232917355,5872,5845.731729974836,5898.268270025164,1962.8333333333333,1943.5638951919777,1982.1027714746888,0.34883691604647676,0.3477639756830696,0.3499098564098839,0.34614847262458365,0.34507645803850495,0.34722048721066234,0.3050146113289393,0.3029024216943281,0.30712680096355055,15.30648257502463,15.302101282753716,15.310863867295543,0.2526874496186286,0.24991210879713302,0.2554627904401242,42.85555555555557,42.72558695404887,42.985524157062265,6.410722248561071,6.1864510046647085,6.634993492457434,14.974034339801523,14.973381891999493,14.974686787603554,0.3740092879389646,0.37371370447422947,0.3743048714036997,3.8333333333333335,3.6976923829055584,3.9689742837611086,15.622281484194977,15.596862844884544,15.647700123505409,0.30648257502462734,0.30210128275371295,0.3108638672955417,0,0,0,0,0,0
p2_b16,P2,16,0,0,30,120,14975.866666666667,14935.292753039002,15016.440580294331,5395.966666666666,5394.116810522316,5397.8165228110165,0.3603311390485173,0.3593295948616741,0.36133268323536055,0.4031553735727021,0.40055423445521965,0.40575651269018453,0.3509246548433895,0.3480941965039469,0.35375511318283215,9579.9,9539.057555260222,9620.742444739777,1918.3333333333333,1901.226218369802,1935.4404482968646,5741.933333333333,5715.573788018968,5768.292878647699,1919.6333333333334,1900.8968486489134,1938.3698180177535,0.33350850722781744,0.33341806651857914,0.33359894793705575,0.33350850722781744,0.33341806651857914,0.33359894793705575,0.33298298554436506,0.3328021041258884,0.3331638669628417,16,16,16,0,0,0,44.97638888888888,44.9642042505761,44.98857352720165,0.09392715593538202,0.05076391812795026,0.1370903937428138,15.150514612409593,15.150454097792851,15.150575127026334,0.0004770506510841602,0.000263338772220157,0.0006907625299481634,0,0,0,16,16,16,0,0,0,1,1,1,0,0,0
p3u_t16,P3-U,16,1,1,30,120,14975.866666666667,14935.292753039002,15016.440580294331,5315.633333333333,5312.971202144336,5318.295464522331,0.35496622841000364,0.35399110864550526,0.355941348174502,0.39704244598004323,0.39439002497855485,0.3996948669815316,0.3442894390295852,0.34153912906514217,0.34703974899402823,9660.233333333334,9619.659207489014,9700.807459177653,1935.0333333333333,1917.4963946384164,1952.5702720282502,5789.233333333334,5762.6345309969165,5815.832135669751,1935.9666666666667,1917.330374056881,1954.6029592764523,0.360709471634397,0.360326149325353,0.36109279394344096,0.35882120977402676,0.3584169307668607,0.3592254887811928,0.28046931859157626,0.2796864296839786,0.2812522074991739,16.45076011553895,16.449180754761244,16.45233947631666,0.3387538560256366,0.3380992374353238,0.3394084746159495,44.12638888888889,44.07693985018546,44.17583792759232,4.704576066277093,4.618699519645795,4.79045261290839,15.975392868386141,15.975144857607146,15.975640879165136,0.3761503950474694,0.3758442697930548,0.376456520301884,4,4,4,16.515016658879073,16.50705921888896,16.522974098869188,0.4507601155389492,0.44918075476123986,0.4523394763166585,0,0,0,0,0,0
p3d_025_t16,P3-D0.25,16,1,0.25,30,120,14975.866666666667,14935.292753039002,15016.440580294331,3263,3263,3263,0.21789598751517095,0.2173041801645405,0.2184877948658014,0.4025084594160927,0.3998860964096159,0.4051308224225695,0.12483811985243362,0.12384152840314412,0.12583471130172313,11712.866666666667,11672.292753039002,11753.440580294331,2349.366666666667,2328.946980471563,2369.7863528617704,7019.7,6991.979160142759,7047.420839857241,2343.8,2325.254220033261,2362.3457799667394,0,0,0,1,1,1,0,0,0,16.003451476180093,16.003446631426726,16.00345632093346,0.00001608550948708483,0.000015794577838117597,0.000016376441136052065,16,16,16,0,0,0,16.000015066210725,16.000014783522623,16.000015348898827,0.0000045688828065949594,0.000004313394565073717,0.000004824371048116202,0,0,0,16.003425460984726,16.003420666874916,16.003430255094536,0.003451476180092783,0.003446631426724765,0.003456320933460801,44,44,44,43,43,43
p3d_05_t16,P3-D0.5,16,1,0.5,30,120,14975.866666666667,14935.292753039002,15016.440580294331,2222.4666666666667,2186.423715954625,2258.5096173787083,0.14840785285996247,0.14600098518721785,0.15081472053270709,0.24668737873702037,0.24508745686731243,0.24828730060672832,0.1310662665355613,0.12211399545760776,0.14001853761351485,12753.4,12701.145477732742,12805.654522267258,2556.6666666666665,2537.5280025368393,2575.8053307964938,7644.333333333333,7607.238471981694,7681.428194684972,2552.4,2531.9824511271063,2572.817548872894,0.020281332794467644,-0.008259730873857233,0.04882239646279252,0.9720749322675767,0.9330883702249896,1.011061494310164,0.007643734937955604,-0.002858582233981986,0.018146052109893195,16.008501332861968,15.998705421479764,16.01829724424417,0.009115385300888236,-0.0036959798319180105,0.021926750433694485,16.809722222222224,15.633552204268868,17.98589224017558,0.8819026044030234,-0.32230443573058376,2.0861096445366307,16.001316365161543,15.998760462652374,16.00387226767071,0.01102072487426871,-0.006860057898339959,0.028901507646877378,0.06666666666666667,-0.06399999999999996,0.1973333333333333,16.001801309013874,16.001718620246095,16.001883997781654,0.008501332861967133,-0.0012945785202364193,0.018297244244170688,10,10,10,10,10,10
p3d_075_t16,P3-D0.75,16,1,0.75,30,120,14975.866666666667,14935.292753039002,15016.440580294331,5086.8,5086.654414854869,5086.945585145131,0.3396853432790074,0.3387632019844845,0.3406074845735303,0.3788234144950641,0.37641197648465513,0.3812348525054731,0.33386468129462005,0.331220618696957,0.3365087438922831,9889.066666666668,9848.500350038063,9929.632983295272,1982.5,1965.001308002905,1999.998691997095,5926.366666666667,5900.030324084061,5952.703009249272,1980.2,1961.1519765384148,1999.2480234615853,0.3628167299756627,0.36224143170074363,0.3633920282505818,0.3719695467816347,0.37184456834020546,0.3720945252230639,0.2652137232427028,0.2645713768681716,0.265856069617234,16.32368636646222,16.323130807696746,16.324241925227692,0.22494166305226038,0.2247922715211691,0.22509105458335166,42.79027777777777,42.77589976594195,42.804655789613584,7.099645698578371,7.03960071087639,7.159690686280352,16.051599233101317,16.051526862799527,16.051671603403108,0.27843464629177817,0.2783262210742063,0.27854307150935004,2,2,2,16.06862507332357,16.067361316467693,16.069888830179448,0.323686366462225,0.3231308076967531,0.32424192522769685,0,0,0,0,0,0
p2_b17,P2,17,0,0,30,120,14975.866666666667,14935.292753039002,15016.440580294331,5457.833333333333,5456.197298785365,5459.469367881301,0.3644615471939922,0.36349521228779946,0.36542788210018495,0.40763855827005563,0.40503122203152037,0.4102458945085909,0.35497612769745374,0.35212564633154636,0.3578266090633611,9518.033333333333,9477.866002707638,9558.200663959027,1906.0666666666666,1889.0899848974657,1923.0433484358675,5704.666666666667,5678.507494383137,5730.825838950197,1907.3,1888.7623765339213,1925.8376234660786,0.3516818231422708,0.35143885234078887,0.35192479394375276,0.3516818231422708,0.35143885234078887,0.35192479394375276,0.29663635371545827,0.2961504121124943,0.2971222953184222,17,17,17,0,0,0,45.49583333333333,45.46442286030136,45.5272438063653,0.613815273806087,0.5839230803352722,0.6437074672769019,16.1480990722765,16.14794229171428,16.148255852838723,0.0030766444743983126,0.002926494941049047,0.0032267940077475785,0,0,0,17,17,17,0,0,0,1,1,1,0,0,0
p3u_t17,P3-U,17,1,1,30,120,14975.866666666667,14935.292753039002,15016.440580294331,5230.566666666667,5230.171487983574,5230.96184534976,0.3492859537890206,0.3483282992538731,0.3502436083241681,0.3958245485843754,0.3925837906227813,0.39906530654596944,0.3413390614832922,0.3384775302921443,0.3442005926744401,9745.3,9704.595004586829,9786.00499541317,1951.9,1934.5460944698484,1969.2539055301518,5841.1,5814.561749082746,5867.6382509172545,1952.3,1933.2601497977494,1971.3398502022505,0.3805448581680045,0.3796618117017138,0.38142790463429516,0.3867078150740183,0.38548056574094597,0.38793506440709064,0.23274732675797719,0.23149678374855628,0.2339978697673981,17.424227102725435,17.420285882508292,17.42816832294258,0.29656247713419487,0.2963300850360012,0.2967948692323885,43.74861111111111,43.61226646471417,43.88495575750805,5.978972948915543,5.749510523852933,6.208435373978153,17.051388659215682,17.05070423540576,17.052073083025604,0.2791516239027414,0.2790444405760308,0.279258807229452,2,2,2,17.090465722480168,17.079907904295876,17.10102354066446,0.42422710272543884,0.42028588250829424,0.42816832294258345,0,0,0,0,0,0
p3d_025_t17,P3-D0.25,17,1,0.25,30,120,14975.866666666667,14935.292753039002,15016.440580294331,3244,3244,3244,0.21662720916310585,0.2160388478252434,0.2172155705009683,0.39798499014472816,0.3954236370036698,0.40054634328578653,0.13264050234321073,0.13158162392834064,0.13369938075808083,11731.866666666667,11691.292753039002,11772.440580294331,2353.0333333333333,2332.6110523765224,2373.4556142901442,7031.4,7003.397778111145,7059.402221888854,2347.4333333333334,2328.8244982858687,2366.042168380798,0,0,0,1,1,1,0,0,0,17.003616293527177,17.00361318631678,17.003619400737573,0.00001699626751260773,0.000016671909528885394,0.000017320625496330065,17,17,17,0,0,0,17.000015906127462,17.000015614372867,17.000016197882058,0.000004779328140158793,0.000004545641760050093,0.000005013014520267494,0,0,0,17.003588501760856,17.003585209692563,17.00359179382915,0.0036162935271768504,0.0036131863167799495,0.0036194007375737513,41,41,41,40.13333333333333,40.00960975068146,40.2570569159852
p3d_05_t17,P3-D0.5,17,1,0.5,30,120,14975.866666666667,14935.292753039002,15016.440580294331,2732.133333333333,2684.3300076092423,2779.936659057424,0.18242828344054754,0.17932827533476595,0.18552829154632913,0.3041779225095487,0.3022417254293005,0.30611411958979695,0.22555771433377728,0.2096813256510901,0.24143410301646445,12243.733333333334,12190.011877770396,12297.454788896272,2454.6,2432.1035617347834,2477.0964382652164,7339.266666666666,7305.996673811506,7372.536659521827,2449.866666666667,2429.832451452463,2469.9008818808707,0.3030486759233613,0.25937575951336084,0.3467215923333618,0.6142713564445461,0.558997683884009,0.6695450290050833,0.08267996763209245,0.07077563280670825,0.09458430245747666,17.10197151034323,17.08198556250633,17.12195745818013,0.1330790191551051,0.1110310316016408,0.15512700670856938,28.886111111111116,26.90835266120771,30.86386956101452,12.089244763820384,10.575138304218463,13.603351223422305,16.996116325768806,16.990807571638488,17.001425079899125,0.220331333695316,0.1909592577098338,0.24970340968079818,1.7333333333333334,1.5044254146213716,1.9622412520452952,17.052030983023908,17.022148102616814,17.081913863431,0.1019715103432284,0.08198556250632925,0.12195745818012756,15,15,15,14.033333333333333,13.968,14.098666666666666
p3d_075_t17,P3-D0.75,17,1,0.75,30,120,14975.866666666667,14935.292753039002,15016.440580294331,5212.9,5207.94212750485,5217.857872495149,0.34810631045900325,0.34709218109538964,0.34912043982261687,0.38492015786448375,0.38193479062501234,0.38790552510395515,0.3429907849770029,0.33994636084093405,0.3460352091130718,9762.966666666667,9721.888873153155,9804.04446018018,1955.6666666666667,1938.6081466642067,1972.7251866691267,5851.433333333333,5824.633259929191,5878.233406737476,1955.8666666666666,1936.6470992684867,1975.0862340648464,0.39422234674019807,0.39335356204123445,0.3950911314391617,0.3829702096726997,0.38147191023087645,0.3844685091145229,0.22280744358710233,0.22158816122794664,0.22402672594625803,17.358821524116326,17.355689189329887,17.361953858902766,0.2606609306007111,0.2588965899767929,0.26242527122462933,43.95972222222223,43.789022728190574,44.13042171625389,5.6270469481613095,5.262679531474514,5.991414364848105,16.96953258725145,16.96867579674725,16.97038937775565,0.3753847273578412,0.37509542799374157,0.3756740267219408,4,4,4,17.437357571676202,17.426239611941885,17.44847553141052,0.3588215241163219,0.3556891893298827,0.3619538589027611,0,0,0,0,0,0
p2_b18,P2,18,0,0,30,120,14975.866666666667,14935.292753039002,15016.440580294331,5476.9,5475.520937716558,5478.279062283441,0.3657353493467695,0.3647391122417776,0.3667315864517614,0.40917216437405385,0.4065350576872067,0.411809271060901,0.3560727987423535,0.35318169233955204,0.3589639051451549,9498.966666666667,9458.388318485795,9539.54501484754,1902.3333333333333,1885.2128015623102,1919.4538651043563,5693.333333333333,5666.8550524339435,5719.811614232723,1903.3,1884.7288209301084,1921.8711790698915,0.3723608248361666,0.37213001298816323,0.37259163668417,0.37251319909785063,0.3722722277305803,0.372754170465121,0.2551259760659829,0.2546706692261057,0.25558128290586013,18,18,18,0,0,0,45.63611111111111,45.60656614426419,45.66565607795803,0.5170570291754973,0.49133377843219855,0.5427802799187962,17.143781797418647,17.14363423084149,17.143929363995806,0.0025913568426001524,0.002462368233947221,0.002720345451253084,0,0,0,18,18,18,0,0,0,1,1,1,0,0,0
p3u_t18,P3-U,18,1,1,30,120,14975.866666666667,14935.292753039002,15016.440580294331,5357.066666666667,5356.668704347266,5357.4646289860675,0.35773315362139513,0.35676196929827253,0.3587043379445177,0.40508498137048593,0.4024979472876202,0.4076720154533517,0.35081557891832305,0.34799491843403785,0.35363623940260824,9618.8,9578.235374205608,9659.364625794391,1926.1333333333334,1908.9031778131693,1943.3634888534975,5765.1,5738.558754277432,5791.641245722569,1927.5666666666666,1908.8119970631067,1946.3213362702265,0.4007358282910945,0.3996635550787161,0.4018081015034729,0.39848079332065117,0.39830607077854224,0.3986555158627601,0.20078337838825452,0.19966591986188426,0.2019008369146248,18.506200893878738,18.505749896101428,18.50665189165605,0.3079675912113423,0.3077115876586552,0.30822359476402944,44.9625,44.9427853449302,44.9822146550698,3.9462805550126965,3.8778165633326322,4.014744546692761,18.052461435219723,18.05236248090521,18.052560389534236,0.28008492326145107,0.2800038747483081,0.280165971774594,2,2,2,18.29782480809221,18.296612180952057,18.29903743523236,0.5062008938787366,0.5057498961014246,0.5066518916560485,0,0,0,0,0,0
p3d_025_t18,P3-D0.25,18,1,0.25,30,120,14975.866666666667,14935.292753039002,15016.440580294331,3423,3423,3423,0.2285804367957186,0.22795961039019974,0.22920126320123746,0.41096224918949775,0.408392457549871,0.4135320408291245,0.14044288483398787,0.1393217194535372,0.14156405021443855,11552.866666666667,11512.292753039002,11593.440580294331,2317.133333333333,2296.974317052523,2337.2923496141434,6922.533333333334,6895.085653182075,6949.981013484593,2313.2,2294.427747216311,2331.9722527836884,0,0,0,1,1,1,0,0,0,18.003911304042862,18.003907545302276,18.00391506278345,0.0000178315097271576,0.00001745438338561766,0.000018208636068697542,18,18,18,0,0,0,18.000016821211844,18.00001647773795,18.000017164685737,0.000004837929861096842,0.000004567974341885467,0.000005107885380308216,0,0,0,18.003882589675396,18.0038788346897,18.00388634466109,0.003911304042864453,0.003907545302279786,0.00391506278344912,43,43,43,43,43,43
p3d_05_t18,P3-D0.5,18,1,0.5,30,120,14975.866666666667,14935.292753039002,15016.440580294331,2925.1,2857.7642243206124,2992.4357756793875,0.19530281238831596,0.19093859156316362,0.1996670332134683,0.3612598687279907,0.3589365956580704,0.363583141797911,0.14044288483398787,0.1393217194535372,0.14156405021443855,12050.766666666666,11984.041861285998,12117.491472047335,2417.366666666667,2396.4053371937534,2438.32799613958,7222.2,7181.147484402614,7263.252515597385,2411.2,2387.5529805314254,2434.847019468574,0,0,0,1,1,1,0,0,0,18.001441557569432,18.00127473388919,18.001608381249675,0.00003580566815779586,0.000034927459982666824,0.0000366838763329249,18,18,18,0,0,0,18.000016880038697,18.000016494701388,18.000017265376005,0.000004855462351579999,0.0000046451038925465835,0.000005065820810613414,0,0,0,18.00138322878363,18.001216525031374,18.001549932535887,0.0014415575694330348,0.0012747338891922683,0.0016083812496738013,19.033333333333335,18.968,19.09866666666667,19,19,19
p3d_075_t18,P3-D0.75,18,1,0.75,30,120,14975.866666666667,14935.292753039002,15016.440580294331,5172.933333333333,5172.582549995372,5173.284116671295,0.3454372161671333,0.3444954343100206,0.346378998024246,0.39905804116949817,0.3964564877457112,0.40165959459328515,0.3418420738961403,0.3391065522447,0.3445775955475806,9802.933333333332,9762.308823843998,9843.557842822667,1963.7,1946.5444749129765,1980.8555250870236,5875.633333333333,5849.259460962239,5902.007205704427,1963.6,1944.5530892866025,1982.6469107133973,0.4183883572392389,0.4169511689199787,0.4198255455584991,0.40894004775312476,0.40878606847464355,0.40909402703160597,0.1726715950076364,0.171155741455916,0.1741874485593568,18.368769836603253,18.368503473476462,18.369036199730044,0.23388579316133076,0.23373653679719922,0.2340350495254623,43.812499999999986,43.79600321251134,43.828996787488634,6.586971468698361,6.546920993088385,6.627021944308337,18.046686265632367,18.046603849578013,18.04676868168672,0.27952697362760875,0.27944764795031124,0.27960629930490627,2,2,2,18.24377588600889,18.243070727673246,18.244481044344536,0.3687698366032481,0.368503473476459,0.36903619973003715,0,0,0,0,0,0
