demand,target,policy,policy_id,runs,periods,requests_mean,requests_ci_low,requests_ci_high,dispatched_mean,dispatched_ci_low,dispatched_ci_high,completion_rate_mean,completion_rate_ci_low,completion_rate_ci_high,first24_completion_rate_mean,first24_completion_rate_ci_low,first24_completion_rate_ci_high,late24_service_ratio_mean,late24_service_ratio_ci_low,late24_service_ratio_ci_high,final_queue_mean,final_queue_ci_low,final_queue_ci_high,mean_wait_minutes_mean,mean_wait_minutes_ci_low,mean_wait_minutes_ci_high,late_mean_wait_minutes_mean,late_mean_wait_minutes_ci_low,late_mean_wait_minutes_ci_high,late_p95_wait_mean_mean,late_p95_wait_mean_ci_low,late_p95_wait_mean_ci_high,final_oldest_queue_age_mean,final_oldest_queue_age_ci_low,final_oldest_queue_age_ci_high,north_completion_rate_mean,north_completion_rate_ci_low,north_completion_rate_ci_high,central_completion_rate_mean,central_completion_rate_ci_low,central_completion_rate_ci_high,south_completion_rate_mean,south_completion_rate_ci_low,south_completion_rate_ci_high,north_route_share_mean,north_route_share_ci_low,north_route_share_ci_high,central_route_share_mean,central_route_share_ci_low,central_route_share_ci_high,south_route_share_mean,south_route_share_ci_low,south_route_share_ci_high,population_weighted_exposure_mean_mean,population_weighted_exposure_mean_ci_low,population_weighted_exposure_mean_ci_high,late_population_weighted_exposure_mean_mean,late_population_weighted_exposure_mean_ci_low,late_population_weighted_exposure_mean_ci_high,late_central_use_mean_mean,late_central_use_mean_ci_low,late_central_use_mean_ci_high,late_central_budget_mean_mean,late_central_budget_mean_ci_low,late_central_budget_mean_ci_high,late_central_budget_sd_mean,late_central_budget_sd_ci_low,late_central_budget_sd_ci_high,late_target_gap_mean,late_target_gap_ci_low,late_target_gap_ci_high,late_budget_direction_changes_mean,late_budget_direction_changes_ci_low,late_budget_direction_changes_ci_high,final_central_budget_mean,final_central_budget_ci_low,final_central_budget_ci_high,runtime_ms_mean,runtime_ms_ci_low,runtime_ms_ci_high
45,14,P2 fixed,p2,30,120,8457.633333333333,8433.555329254954,8481.711337411713,4677.533333333334,4676.2804925399205,4678.786174126747,0.5530886673349618,0.5514980633563772,0.5546792713135463,0.6134030267064153,0.6086015962331213,0.6182044571797094,0.5394685286164835,0.5346989247451431,0.5442381324878239,3780.1,3755.9851873937514,3804.2148126062484,11897.7652693794,11835.462387730317,11960.068151028485,22477.205585984924,22371.417355049904,22582.993816919945,22548.56727734852,22442.43555385222,22654.69900084482,25167.766666666666,25054.47631702446,25281.057016308874,0.551366897200719,0.5474903363082521,0.5552434580931859,0.5534062921830014,0.5511678943190185,0.5556446900469844,0.5538581910190862,0.5501242902759442,0.5575920917622281,0.3333380669178595,0.3333104775016485,0.3333656563340705,0.33335949698294914,0.333332267504054,0.3333867264618443,0.3333024360991914,0.3332815853531905,0.3333232868451923,13.108903188949565,13.105743826498717,13.112062551400413,13.11520753311194,13.11520555877113,13.11520950745275,13.130533093149783,13.13053248732278,13.130533698976786,14,14,14,0,0,0,0,0,0,0,0,0,14,14,14,80.67684716666669,76.56970645191709,84.7839878814163
45,14,P3-D0.50,p3d_05,30,120,8457.633333333333,8433.555329254954,8481.711337411713,5060.033333333334,5059.794051009182,5060.272615657485,0.5983167007390763,0.5966112554522282,0.6000221460259244,0.6930713562301681,0.687831106298966,0.6983116061613702,0.5761248395886405,0.5710283313698716,0.5812213478074093,3397.6,3373.5801790200667,3421.619820979933,10375.222311775373,10312.007653258563,10438.436970292183,20168.89925583182,20061.192405877962,20276.60610578568,20239.60560394961,20131.877687146294,20347.333520752927,22645.933333333334,22529.10987439278,22762.75679227389,0.5988322530259919,0.5952807932312644,0.6023837128207193,0.5984139635691024,0.5960560491289757,0.600771878009229,0.5975061358492595,0.593415539201098,0.601596732497421,0.3338252047111218,0.3338049276877964,0.3338454817344472,0.33233641795047614,0.332300480071546,0.3323723558294063,0.3338383773384023,0.3338184899492504,0.33385826472755425,14.155126038092938,14.154174236369792,14.156077839816083,13.988147319800255,13.984480749799978,13.991813889800532,13.992345619245663,13.984850225325944,13.999841013165382,14.320958970352342,14.31589649531374,14.326021445390943,0.15060294492384685,0.14758425952049264,0.15362163032720105,0.3209589703523424,0.3158964953137411,0.3260214453909437,2.3333333333333335,2.062051432477783,2.6046152341888837,14.144261880792206,14.103361759962871,14.18516200162154,81.14037366666768,77.24092913432304,85.03981819901233
45,14,P3-U,p3u,30,120,8457.633333333333,8433.555329254954,8481.711337411713,5032.133333333333,5032.009609750681,5032.257056915985,0.5950178799359064,0.5933137309723004,0.5967220288995123,0.6760353744988222,0.6705852820545645,0.68148546694308,0.5765104525045817,0.5713889749401933,0.5816319300689701,3425.5,3401.4120460877607,3449.5879539122393,10590.508451414737,10526.566011407762,10654.450891421711,20361.96516986339,20254.934769158554,20468.995570568226,20430.61908328865,20323.404004033866,20537.834162543433,22825.8,22709.185995826883,22942.414004173115,0.5952286316292225,0.5916286929262857,0.5988285703321592,0.595109966896307,0.5927527921745092,0.5974671416181049,0.5945305146544159,0.5904205901851797,0.5986404391236521,0.33385443039374135,0.3338462232090595,0.3338626375784232,0.3322911392125169,0.3322747248431532,0.33230755358188063,0.33385443039374135,0.3338462232090595,0.3338626375784232,14.075960888951753,14.075204347518637,14.07671743038487,13.986992598623853,13.97941967867553,13.994565518572177,13.984198854348456,13.973889100374116,13.994508608322796,14.521238723482565,14.511945037574002,14.530532409391128,0.3349750980850878,0.3281099139684977,0.3418402822016779,0.5212387234825646,0.5119450375740011,0.5305324093911281,3.7333333333333334,3.4858861680295896,3.980780498637077,14.766178774035835,14.691962393034052,14.840395155037617,82.96759023333337,74.81316329363582,91.12201717303091
45,14.05,P2 fixed,p2,30,120,8457.633333333333,8433.555329254954,8481.711337411713,4677.533333333334,4676.2804925399205,4678.786174126747,0.5530886673349618,0.5514980633563772,0.5546792713135463,0.6134030267064153,0.6086015962331213,0.6182044571797094,0.5394685286164835,0.5346989247451431,0.5442381324878239,3780.1,3755.9851873937514,3804.2148126062484,11897.7652693794,11835.462387730317,11960.068151028485,22477.205585984924,22371.417355049904,22582.993816919945,22548.56727734852,22442.43555385222,22654.69900084482,25167.766666666666,25054.47631702446,25281.057016308874,0.551366897200719,0.5474903363082521,0.5552434580931859,0.5534062921830014,0.5511678943190185,0.5556446900469844,0.5538581910190862,0.5501242902759442,0.5575920917622281,0.3333380669178595,0.3333104775016485,0.3333656563340705,0.33335949698294914,0.333332267504054,0.3333867264618443,0.3333024360991914,0.3332815853531905,0.3333232868451923,13.108903188949565,13.105743826498717,13.112062551400413,13.11520753311194,13.11520555877113,13.11520950745275,13.130533093149783,13.13053248732278,13.130533698976786,14.05000000000001,14.050000000000008,14.050000000000011,5.443687297790757e-15,5.443687297790756e-15,5.4436872977907576e-15,5.329070518200751e-15,5.329070518200751e-15,5.329070518200751e-15,0,0,0,14.050000000000008,14.050000000000006,14.05000000000001,76.3348985666667,74.76015298183772,77.90964415149567
45,14.05,P3-D0.50,p3d_05,30,120,8457.633333333333,8433.555329254954,8481.711337411713,5077.966666666666,5077.85221270731,5078.081120626022,0.6004373026111032,0.5987212354514456,0.6021533697707607,0.6943458120241186,0.6890066637516332,0.699684960296604,0.5798133972095967,0.574687092194032,0.5849397022251613,3379.6666666666665,3355.609972607795,3403.723360725538,10327.217232580786,10263.945105275356,10390.489359886216,20071.046770585544,19963.518714025286,20178.574827145803,20142.762779547018,20035.086236162,20250.439322932038,22525,22406.837002816243,22643.162997183757,0.6009441083238485,0.5972737208768867,0.6046144957708103,0.60070580818691,0.5983305011833099,0.6030811151905101,0.5991484424913259,0.5950019805879819,0.6032949043946699,0.33379502422242485,0.3337875003556113,0.3338025480892384,0.3324033885834371,0.3323909093260408,0.3324158678408334,0.3338015871941384,0.33379138958626003,0.33381178480201673,14.206985389020721,14.206420274744893,14.207550503296549,14.062877664047694,14.062874226781089,14.062881101314298,14.057250284189399,14.057249202622803,14.057251365755995,14.373908161767014,14.372758800449548,14.37505752308448,0.15878807915447804,0.15800234108066863,0.15957381722828745,0.3239081617670127,0.32275880044954613,0.32505752308447927,2,2,2,14.368061305959058,14.340812875413018,14.395309736505098,76.66874593333341,74.23468188362345,79.10280998304337
45,14.05,P3-U,p3u,30,120,8457.633333333333,8433.555329254954,8481.711337411713,5049.566666666667,5049.3863101019915,5049.747023231342,0.5970791900528563,0.5953723502392925,0.59878602986642,0.6783367844431729,0.6728462130815192,0.6838273558048267,0.579157919523416,0.5740699668337483,0.5842458722130837,3408.0666666666666,3384.006375275585,3432.126958057748,10535.458148541371,10471.485455808679,10599.430841274063,20259.901030135403,20152.987332344524,20366.81472792628,20330.079929801726,20222.79607289845,20437.363786705002,22714.066666666666,22596.950907527105,22831.182425806226,0.5976579148127709,0.5940588308560436,0.6012569987694981,0.5971572426618911,0.5947556584663367,0.5995588268574454,0.5962631373657938,0.5921407686554726,0.6003855060761151,0.3337778130754251,0.3337481120333708,0.3338075141174794,0.3324443725418293,0.3324078265578991,0.3324809185257595,0.33377781438274545,0.3337462268700157,0.3338094018954752,14.128584986845885,14.12775443791316,14.12941553577861,14.056432802076253,14.054939986423479,14.057925617729028,14.057022434963471,14.056967738447172,14.05707713147977,14.566257296998781,14.558114676090014,14.574399917907549,0.3302841726224294,0.3280751436411501,0.33249320160370865,0.5162572969987788,0.508114676090011,0.5243999179075465,2,2,2,14.333296954330256,14.233777471587342,14.432816437073171,88.5530179333325,77.90648552244134,99.19955034422365
45,14.1,P2 fixed,p2,30,120,8457.633333333333,8433.555329254954,8481.711337411713,4914.966666666666,4912.751803201669,4917.181530131664,0.5811635680234013,0.5794828299895002,0.5828443060573024,0.6432454869866918,0.6382653252748505,0.6482256486985332,0.5671335813660469,0.5621193824243813,0.5721477803077124,3542.6666666666665,3518.51654298438,3566.816790348953,11132.733645724971,11070.053042126096,11195.414249323847,21073.56983303961,20966.80515250306,21180.334513576163,21145.16115146616,21038.266698027423,21252.055604904897,23608.866666666665,23497.906423725773,23719.826909607556,0.5807725609474931,0.5771691624540302,0.584375959440956,0.5813061426558322,0.579034659955211,0.5835776253564535,0.5811361946008152,0.577034356276723,0.5852380329249075,0.3413857802273124,0.34135214678164016,0.3414194136729847,0.31720814478560766,0.3171507898850218,0.3172654996861935,0.34140607498708,0.3413674527779547,0.34144469719620524,13.37900957655179,13.374071678161872,13.383947474941706,13.389408125647936,13.389405744695814,13.389410506600058,13.140574685289216,13.140573943903485,13.140575426674948,14.100000000000005,14.100000000000003,14.100000000000007,1.814562432596919e-15,1.814562432596919e-15,1.814562432596919e-15,1.7763568394002505e-15,1.7763568394002505e-15,1.7763568394002505e-15,0,0,0,14.100000000000005,14.100000000000003,14.100000000000007,78.71676663333331,72.38630313722801,85.0472301294386
45,14.1,P3-D0.50,p3d_05,30,120,8457.633333333333,8433.555329254954,8481.711337411713,5092.966666666666,5092.818575569094,5093.114757764239,0.6022110267020456,0.600486652482193,0.6039354009218982,0.6960291538683311,0.690695234427165,0.7013630733094972,0.5798893662914136,0.574774783009291,0.5850039495735363,3364.6666666666665,3340.5824556831753,3388.7508776501577,10290.267304058165,10227.172210175313,10353.362397941017,19969.88184229527,19862.27391844407,20077.489766146475,20042.14763967803,19934.366425333126,20149.928854022935,22428.133333333335,22311.27832531772,22544.98834134895,0.6028828223527373,0.5992247292261812,0.6065409154792933,0.602383165662521,0.6000362727190448,0.6047300586059973,0.6010405736464335,0.5969405828312133,0.6051405644616537,0.33378711907062786,0.33377491517056196,0.33379932297069376,0.3324323080750316,0.3324189940800305,0.3324456220700327,0.3337805728543409,0.33376670531793523,0.3337944403907465,14.249686253202892,14.24910653317514,14.250265973230643,14.066957699715923,14.061401440136708,14.072513959295138,14.062805395848985,14.055240331593163,14.070370460104806,14.384866922345994,14.379199989483217,14.390533855208771,0.2137317368137047,0.2013140106064361,0.22614946302097327,0.28486692234599315,0.2791999894832159,0.2905338552087704,1.8666666666666667,1.685090088772251,2.0482432445610823,14.583189751905532,14.55594458777856,14.610434916032505,77.21041386666742,73.96230485273284,80.458522880602
45,14.1,P3-U,p3u,30,120,8457.633333333333,8433.555329254954,8481.711337411713,5067.8,5067.654414854869,5067.945585145131,0.5992352371997535,0.5975189335835218,0.6009515408159851,0.6811117925918259,0.6757069707722545,0.6865166144113972,0.581426029275891,0.5763019895714979,0.5865500689802842,3389.8333333333335,3365.745684944497,3413.92098172217,10483.79646238765,10419.966531590473,10547.626393184828,20150.168432397386,20042.737368861275,20257.599495933497,20222.04248761571,20114.209517503255,20329.87545772816,22593.633333333335,22476.021863637234,22711.244803029436,0.5998587491488117,0.5962480477343511,0.6034694505632722,0.5993624351451771,0.5970060879050764,0.6017187823852778,0.5982361933880523,0.5941609865558973,0.6023114002202073,0.33384637439473897,0.3338284649087129,0.33386428388076506,0.3322940941813792,0.3322845470776676,0.33230364128509077,0.33385953142388186,0.3338443883121941,0.3338746745355696,14.17579912294267,14.175636864164721,14.17596138172062,14.1037913466385,14.102962407333184,14.104620285943817,14.09929988300667,14.099270259196667,14.099329506816675,14.414367428292366,14.414326251344653,14.414408605240078,0.24319977325971578,0.24314609418411823,0.24325345233531334,0.31436742829236647,0.3143262513446543,0.31440860524007863,1,1,1,15.25456157981077,15.254212299686749,15.254910859934792,73.73878326666623,72.67374171047862,74.80382482285384
45,14.15,P2 fixed,p2,30,120,8457.633333333333,8433.555329254954,8481.711337411713,5033.433333333333,5030.690808825817,5036.17585784085,0.5951713560857627,0.5934469091226395,0.5968958030488858,0.6580021609116773,0.6529015492606616,0.663102772562693,0.5809661077408284,0.5758296112640002,0.5861026042176565,3424.2,3400.05224117679,3448.3477588232095,10751.883016369222,10688.471556881166,10815.294475857278,20371.689909589957,20263.506827827863,20479.87299135205,20443.21404381288,20334.73370882139,20551.69437880437,22817.7,22698.288591790122,22937.11140820988,0.5953632243942356,0.5917729008178079,0.5989535479706634,0.5952872935826109,0.5929487403565085,0.5976258468087133,0.5946326718706577,0.5904345322772444,0.598830811464071,0.3333311538476877,0.3333058797187035,0.33335642797667187,0.3333642634618513,0.3333358634085867,0.3333926635151159,0.333304582690461,0.33326631703654436,0.3333428483443776,14.106441638123199,14.098879394312853,14.114003881933545,14.124069441809029,14.124067164342286,14.124071719275772,14.140574049022783,14.140573342485983,14.140574755559584,14.149999999999995,14.149999999999993,14.149999999999997,1.814562432596919e-15,1.814562432596919e-15,1.814562432596919e-15,-1.7763568394002505e-15,-1.7763568394002505e-15,-1.7763568394002505e-15,0,0,0,14.149999999999995,14.149999999999993,14.149999999999997,75.05196110000016,73.42869531691656,76.67522688308375
45,14.15,P3-D0.50,p3d_05,30,120,8457.633333333333,8433.555329254954,8481.711337411713,5108.266666666666,5108.037758747954,5108.495574585379,0.6040200796060403,0.6022938573042741,0.6057463019078065,0.6977785042800565,0.6924337613469429,0.7031232472131701,0.5832715288032921,0.5781146494039369,0.5884284082026474,3349.366666666667,3325.3115970897047,3373.421736243629,10240.984815578766,10177.95288841134,10304.016742746191,19876.543908591895,19768.675819122887,19984.411998060903,19954.603174380518,19846.53453085254,20062.671817908496,22320.5,22202.22798236133,22438.77201763867,0.6048322691769535,0.6011076764171149,0.6085568619367921,0.6042059076092172,0.6018747981093369,0.6065370171090976,0.602674163410449,0.598606735809723,0.606741591011175,0.33379880725367267,0.3337869741036542,0.33381064040369113,0.33240238549265483,0.33238749403464474,0.3324172769506649,0.33379880725367267,0.3337869741036542,0.33381064040369113,14.291726488215286,14.291464941914924,14.291988034515647,14.146954812181912,14.146951427386831,14.146958196976993,14.141422040993945,14.141420975295544,14.141423106692345,14.826768257022433,14.82670910934001,14.826827404704856,0.018381127497307016,0.01835240519596724,0.01840984979864679,0.6767682570224309,0.676709109340008,0.6768274047048538,1.8666666666666667,1.685090088772251,2.0482432445610823,14.857651316843157,14.857307522233372,14.857995111452942,73.94436949999994,72.28381912165088,75.604919878349
45,14.15,P3-U,p3u,30,120,8457.633333333333,8433.555329254954,8481.711337411713,5084,5084,5084,0.601150760501311,0.5994301966011139,0.6028713244015081,0.682006568637765,0.6766411499645217,0.6873719873110082,0.5822163864139198,0.5770456566741349,0.5873871161537048,3373.633333333333,3349.5553292549534,3397.711337411713,10425.303543013917,10361.316706918702,10489.290379109132,20050.483762891756,19942.744326051572,20158.22319973194,20120.53964024762,20012.617333793805,20228.461946701438,22486,22368.56968870809,22603.43031129191,0.6018074597816991,0.5981544359397251,0.6054604836236732,0.6013833822096786,0.5990355642156253,0.6037312002037318,0.5998219305595677,0.5956972627680266,0.6039465983511088,0.33380540257015484,0.3337875449208733,0.33382326021943637,0.33238263834251225,0.33235595837586634,0.33240931830915815,0.3338119590873329,0.3337904821284722,0.33383343604619364,14.223351451660095,14.222677248159618,14.224025655160572,14.136484008277742,14.135705317529203,14.137262699026282,14.141039194146185,14.14100959305446,14.14106879523791,14.578785627053685,14.517732878642946,14.639838375464425,0.08909182987936183,0.047580980780266714,0.13060267897845695,0.4287856270536848,0.3677328786429446,0.48983837546442494,2,2,2,14.557906467749941,14.557847620358887,14.557965315140995,74.67011253333355,73.57456316906584,75.76566189760126
45,14.2,P2 fixed,p2,30,120,8457.633333333333,8433.555329254954,8481.711337411713,5033.433333333333,5030.690808825817,5036.17585784085,0.5951713560857627,0.5934469091226395,0.5968958030488858,0.6580021609116773,0.6529015492606616,0.663102772562693,0.5809661077408284,0.5758296112640002,0.5861026042176565,3424.2,3400.05224117679,3448.3477588232095,10751.883016369222,10688.471556881166,10815.294475857278,20371.689909589957,20263.506827827863,20479.87299135205,20443.21404381288,20334.73370882139,20551.69437880437,22817.7,22698.288591790122,22937.11140820988,0.5953632243942356,0.5917729008178079,0.5989535479706634,0.5952872935826109,0.5929487403565085,0.5976258468087133,0.5946326718706577,0.5904345322772444,0.598830811464071,0.3333311538476877,0.3333058797187035,0.33335642797667187,0.3333642634618513,0.3333358634085867,0.3333926635151159,0.333304582690461,0.33326631703654436,0.3333428483443776,14.106441638123199,14.098879394312853,14.114003881933545,14.124069441809029,14.124067164342286,14.124071719275772,14.140574049022783,14.140573342485983,14.140574755559584,14.19999999999999,14.199999999999989,14.199999999999992,5.443687297790757e-15,5.443687297790756e-15,5.4436872977907576e-15,-5.329070518200751e-15,-5.329070518200751e-15,-5.329070518200751e-15,0,0,0,14.199999999999992,14.19999999999999,14.199999999999994,74.68081250000014,72.92341009682981,76.43821490317048
45,14.25,P2 fixed,p2,30,120,8457.633333333333,8433.555329254954,8481.711337411713,5033.433333333333,5030.690808825817,5036.17585784085,0.5951713560857627,0.5934469091226395,0.5968958030488858,0.6580021609116773,0.6529015492606616,0.663102772562693,0.5809661077408284,0.5758296112640002,0.5861026042176565,3424.2,3400.05224117679,3448.3477588232095,10751.883016369222,10688.471556881166,10815.294475857278,20371.689909589957,20263.506827827863,20479.87299135205,20443.21404381288,20334.73370882139,20551.69437880437,22817.7,22698.288591790122,22937.11140820988,0.5953632243942356,0.5917729008178079,0.5989535479706634,0.5952872935826109,0.5929487403565085,0.5976258468087133,0.5946326718706577,0.5904345322772444,0.598830811464071,0.3333311538476877,0.3333058797187035,0.33335642797667187,0.3333642634618513,0.3333358634085867,0.3333926635151159,0.333304582690461,0.33326631703654436,0.3333428483443776,14.106441638123199,14.098879394312853,14.114003881933545,14.124069441809029,14.124067164342286,14.124071719275772,14.140574049022783,14.140573342485983,14.140574755559584,14.25,14.25,14.25,0,0,0,0,0,0,0,0,0,14.25,14.25,14.25,73.56505836666656,72.47854881038865,74.65156792294448
45,14.3,P2 fixed,p2,30,120,8457.633333333333,8433.555329254954,8481.711337411713,5033.433333333333,5030.690808825817,5036.17585784085,0.5951713560857627,0.5934469091226395,0.5968958030488858,0.6580021609116773,0.6529015492606616,0.663102772562693,0.5809661077408284,0.5758296112640002,0.5861026042176565,3424.2,3400.05224117679,3448.3477588232095,10751.883016369222,10688.471556881166,10815.294475857278,20371.689909589957,20263.506827827863,20479.87299135205,20443.21404381288,20334.73370882139,20551.69437880437,22817.7,22698.288591790122,22937.11140820988,0.5953632243942356,0.5917729008178079,0.5989535479706634,0.5952872935826109,0.5929487403565085,0.5976258468087133,0.5946326718706577,0.5904345322772444,0.598830811464071,0.3333311538476877,0.3333058797187035,0.33335642797667187,0.3333642634618513,0.3333358634085867,0.3333926635151159,0.333304582690461,0.33326631703654436,0.3333428483443776,14.106441638123199,14.098879394312853,14.114003881933545,14.124069441809029,14.124067164342286,14.124071719275772,14.140574049022783,14.140573342485983,14.140574755559584,14.30000000000001,14.300000000000008,14.300000000000011,5.443687297790757e-15,5.443687297790756e-15,5.4436872977907576e-15,5.329070518200751e-15,5.329070518200751e-15,5.329070518200751e-15,0,0,0,14.300000000000008,14.300000000000006,14.30000000000001,76.39810556666677,73.94398693524316,78.85222419809038
45,14.35,P2 fixed,p2,30,120,8457.633333333333,8433.555329254954,8481.711337411713,5033.433333333333,5030.690808825817,5036.17585784085,0.5951713560857627,0.5934469091226395,0.5968958030488858,0.6580021609116773,0.6529015492606616,0.663102772562693,0.5809661077408284,0.5758296112640002,0.5861026042176565,3424.2,3400.05224117679,3448.3477588232095,10751.883016369222,10688.471556881166,10815.294475857278,20371.689909589957,20263.506827827863,20479.87299135205,20443.21404381288,20334.73370882139,20551.69437880437,22817.7,22698.288591790122,22937.11140820988,0.5953632243942356,0.5917729008178079,0.5989535479706634,0.5952872935826109,0.5929487403565085,0.5976258468087133,0.5946326718706577,0.5904345322772444,0.598830811464071,0.3333311538476877,0.3333058797187035,0.33335642797667187,0.3333642634618513,0.3333358634085867,0.3333926635151159,0.333304582690461,0.33326631703654436,0.3333428483443776,14.106441638123199,14.098879394312853,14.114003881933545,14.124069441809029,14.124067164342286,14.124071719275772,14.140574049022783,14.140573342485983,14.140574755559584,14.35000000000001,14.350000000000009,14.350000000000012,3.629124865193838e-15,3.629124865193838e-15,3.629124865193838e-15,3.552713678800501e-15,3.552713678800501e-15,3.552713678800501e-15,0,0,0,14.350000000000007,14.350000000000005,14.350000000000009,73.21238886666724,72.56868045693427,73.8560972764002
45,14.4,P2 fixed,p2,30,120,8457.633333333333,8433.555329254954,8481.711337411713,5033.433333333333,5030.690808825817,5036.17585784085,0.5951713560857627,0.5934469091226395,0.5968958030488858,0.6580021609116773,0.6529015492606616,0.663102772562693,0.5809661077408284,0.5758296112640002,0.5861026042176565,3424.2,3400.05224117679,3448.3477588232095,10751.883016369222,10688.471556881166,10815.294475857278,20371.689909589957,20263.506827827863,20479.87299135205,20443.21404381288,20334.73370882139,20551.69437880437,22817.7,22698.288591790122,22937.11140820988,0.5953632243942356,0.5917729008178079,0.5989535479706634,0.5952872935826109,0.5929487403565085,0.5976258468087133,0.5946326718706577,0.5904345322772444,0.598830811464071,0.3333311538476877,0.3333058797187035,0.33335642797667187,0.3333642634618513,0.3333358634085867,0.3333926635151159,0.333304582690461,0.33326631703654436,0.3333428483443776,14.106441638123199,14.098879394312853,14.114003881933545,14.124069441809029,14.124067164342286,14.124071719275772,14.140574049022783,14.140573342485983,14.140574755559584,14.39999999999999,14.399999999999988,14.399999999999991,3.629124865193838e-15,3.629124865193838e-15,3.629124865193838e-15,-3.552713678800501e-15,-3.552713678800501e-15,-3.552713678800501e-15,0,0,0,14.399999999999993,14.399999999999991,14.399999999999995,73.76716243333334,72.24432277496042,75.29000209170626
45,14.5,P2 fixed,p2,30,120,8457.633333333333,8433.555329254954,8481.711337411713,5033.433333333333,5030.690808825817,5036.17585784085,0.5951713560857627,0.5934469091226395,0.5968958030488858,0.6580021609116773,0.6529015492606616,0.663102772562693,0.5809661077408284,0.5758296112640002,0.5861026042176565,3424.2,3400.05224117679,3448.3477588232095,10751.883016369222,10688.471556881166,10815.294475857278,20371.689909589957,20263.506827827863,20479.87299135205,20443.21404381288,20334.73370882139,20551.69437880437,22817.7,22698.288591790122,22937.11140820988,0.5953632243942356,0.5917729008178079,0.5989535479706634,0.5952872935826109,0.5929487403565085,0.5976258468087133,0.5946326718706577,0.5904345322772444,0.598830811464071,0.3333311538476877,0.3333058797187035,0.33335642797667187,0.3333642634618513,0.3333358634085867,0.3333926635151159,0.333304582690461,0.33326631703654436,0.3333428483443776,14.106441638123199,14.098879394312853,14.114003881933545,14.124069441809029,14.124067164342286,14.124071719275772,14.140574049022783,14.140573342485983,14.140574755559584,14.5,14.5,14.5,0,0,0,0,0,0,0,0,0,14.5,14.5,14.5,73.08247363333321,72.2464429549111,73.91850431175531
45,14.75,P2 fixed,p2,30,120,8457.633333333333,8433.555329254954,8481.711337411713,5033.433333333333,5030.690808825817,5036.17585784085,0.5951713560857627,0.5934469091226395,0.5968958030488858,0.6580021609116773,0.6529015492606616,0.663102772562693,0.5809661077408284,0.5758296112640002,0.5861026042176565,3424.2,3400.05224117679,3448.3477588232095,10751.883016369222,10688.471556881166,10815.294475857278,20371.689909589957,20263.506827827863,20479.87299135205,20443.21404381288,20334.73370882139,20551.69437880437,22817.7,22698.288591790122,22937.11140820988,0.5953632243942356,0.5917729008178079,0.5989535479706634,0.5952872935826109,0.5929487403565085,0.5976258468087133,0.5946326718706577,0.5904345322772444,0.598830811464071,0.3333311538476877,0.3333058797187035,0.33335642797667187,0.3333642634618513,0.3333358634085867,0.3333926635151159,0.333304582690461,0.33326631703654436,0.3333428483443776,14.106441638123199,14.098879394312853,14.114003881933545,14.124069441809029,14.124067164342286,14.124071719275772,14.140574049022783,14.140573342485983,14.140574755559584,14.75,14.75,14.75,0,0,0,0,0,0,0,0,0,14.75,14.75,14.75,76.75914313333305,74.32518570181803,79.19310056484808
45,15,P2 fixed,p2,30,120,8457.633333333333,8433.555329254954,8481.711337411713,5033.433333333333,5030.690808825817,5036.17585784085,0.5951713560857627,0.5934469091226395,0.5968958030488858,0.6580021609116773,0.6529015492606616,0.663102772562693,0.5809661077408284,0.5758296112640002,0.5861026042176565,3424.2,3400.05224117679,3448.3477588232095,10751.883016369222,10688.471556881166,10815.294475857278,20371.689909589957,20263.506827827863,20479.87299135205,20443.21404381288,20334.73370882139,20551.69437880437,22817.7,22698.288591790122,22937.11140820988,0.5953632243942356,0.5917729008178079,0.5989535479706634,0.5952872935826109,0.5929487403565085,0.5976258468087133,0.5946326718706577,0.5904345322772444,0.598830811464071,0.3333311538476877,0.3333058797187035,0.33335642797667187,0.3333642634618513,0.3333358634085867,0.3333926635151159,0.333304582690461,0.33326631703654436,0.3333428483443776,14.106441638123199,14.098879394312853,14.114003881933545,14.124069441809029,14.124067164342286,14.124071719275772,14.140574049022783,14.140573342485983,14.140574755559584,15,15,15,0,0,0,0,0,0,0,0,0,15,15,15,77.33751946666635,72.5573000751918,82.1177388581409
45,18,P2 fixed,p2,30,120,8457.633333333333,8433.555329254954,8481.711337411713,5478.666666666667,5473.60655015051,5483.726783182824,0.6478177455448861,0.645862090054971,0.6497734010348013,0.7088917197419978,0.7037700096079177,0.714013429876078,0.6339501047805857,0.6283690727508923,0.6395311368102791,2978.9666666666667,2954.3028924603614,3003.630440872972,9360.62151485867,9293.902819378456,9427.340210338885,17738.653177517474,17625.821886496797,17851.48446853815,17817.161873483845,17704.546843278305,17929.776903689384,19830.566666666666,19709.28735628311,19951.845977050223,0.6487722153154853,0.6446774132402641,0.6528670173907066,0.6480238790570966,0.6458110035283504,0.6502367545858427,0.6463000903531518,0.6421496934130912,0.6504504872932124,0.33129107082969195,0.33109343738371916,0.33148870427566474,0.33799550011744023,0.3376355526847361,0.33835544755014435,0.33071342905286766,0.330440429460364,0.3309864286453713,15.480588020256473,15.462114284202245,15.4990617563107,15.548899052361236,15.529084263822243,15.568713840900228,15.65780134072552,15.625725064782966,15.689877616668074,18,18,18,0,0,0,0,0,0,0,0,0,18,18,18,72.32288186666702,71.48361790875312,73.16214582458092
45,18,P3-D0.50,p3d_05,30,120,8457.633333333333,8433.555329254954,8481.711337411713,5475.5,5470.353002303541,5480.646997696459,0.6474436749525783,0.6454698694070512,0.6494174804981053,0.7073167114165076,0.7022614934774413,0.712371929355574,0.6338958054239231,0.6282664930306175,0.6395251178172286,2982.133333333333,2957.3128213315504,3006.953845335116,9381.532408557243,9315.899962831325,9447.16485428316,17760.773675341876,17648.026916056147,17873.520434627604,17838.709733698415,17726.13338298559,17951.28608441124,19854.6,19733.714948847708,19975.48505115229,0.6484608387885539,0.6443366946804971,0.6525849828966106,0.6476294842371624,0.6453856139411137,0.649873354533211,0.645923389159374,0.6417811024703602,0.6500656758483877,0.3313609124356425,0.33118486195915786,0.3315369629121271,0.33719263115138626,0.3369070769826446,0.3374781853201279,0.3314464564129713,0.33119787139103946,0.3316950414349032,15.449750516055284,15.43222278304314,15.467278249067427,15.533390286246226,15.514247879198775,15.552532693293676,15.63290643215152,15.602519701476734,15.663293162826307,40,40,40,0,0,0,22,22,22,0,0,0,40,40,40,76.46231393333316,70.23297624217955,82.69165162448678
45,18,P3-U,p3u,30,120,8457.633333333333,8433.555329254954,8481.711337411713,5477,5472.266616675025,5481.733383324975,0.6476202181510877,0.6456964762452254,0.64954396005695,0.7078653283616791,0.7028160509312303,0.712914605792128,0.6339103961264053,0.6283509449915127,0.639469847261298,2980.633333333333,2956.213353913169,3005.0533127534973,9372.839351511058,9308.709624202205,9436.969078819911,17750.317237654745,17640.171945515543,17860.462529793946,17828.647203308654,17718.700528077323,17938.593878539985,19843.6,19724.59592036202,19962.60407963798,0.6485547267044661,0.6444755799619,0.6526338734470323,0.6478391884762196,0.6456364371028698,0.6500419398495694,0.6460828528989581,0.6419434341608379,0.6502222716370782,0.331288262959716,0.3310935211791151,0.33148300474031683,0.3376360847438009,0.3373174494464218,0.33795472004118005,0.33107565229648334,0.3307765324629981,0.3313747721299686,15.466070483089005,15.449813736825842,15.482327229352169,15.536899950965514,15.51835623233269,15.555443669598338,15.638440895486127,15.608173158505265,15.66870863246699,40,40,40,0,0,0,22,22,22,0,0,0,40,40,40,73.02704993333391,72.14457706636179,73.90952280030604
80,14,P2 fixed,p2,30,120,14975.866666666667,14935.292753039002,15016.440580294331,4680,4680,4680,0.3125201414560219,0.311671334100536,0.31336894881150784,0.34981123890782245,0.34756354309076326,0.35205893472488164,0.304292917140307,0.3018637254826638,0.30672210879795014,10295.866666666667,10255.292753039002,10336.440580294331,18600.292118584624,18550.361631254375,18650.222605914874,34497.436388698865,34426.496079572426,34568.376697825304,34616.09949568148,34544.95550371598,34687.243487646985,38544.9,38463.253069989514,38626.54693001049,0.3110631265112682,0.3082477583974481,0.3138784946250883,0.3131512597223469,0.311967841376502,0.3143346780681918,0.31211256382654734,0.30888228987107685,0.3153428377820178,0.3333333333333333,0.3333333333333333,0.3333333333333333,0.3333333333333333,0.3333333333333333,0.3333333333333333,0.3333333333333333,0.3333333333333333,0.3333333333333333,13.115206356012918,13.115205143607277,13.115207568418558,13.115207106995099,13.11520497449676,13.115209239493439,13.130532954145012,13.130532286732812,13.130533621557213,14,14,14,0,0,0,0,0,0,0,0,0,14,14,14,165.93834303333327,160.42234836996082,171.45433769670572
80,14,P3-D0.50,p3d_05,30,120,14975.866666666667,14935.292753039002,15016.440580294331,5060.233333333334,5060.0529767686585,5060.413689898009,0.33791126797694276,0.33699445753803114,0.3388280784158544,0.3953688213595373,0.3928299804258981,0.39790766229317653,0.32509927044904596,0.3225039802165212,0.3276945606815707,9915.633333333333,9875.075665736957,9956.19100092971,17614.331664553636,17563.27757331953,17665.38575578774,33206.70866752717,33131.39546796617,33282.02186708817,33326.400073651224,33250.832166653745,33401.967980648704,37115.2,37033.02794290084,37197.37205709916,0.3371073415894897,0.334346568051663,0.33986811512731635,0.3382176335195994,0.336983511462831,0.33945175557636775,0.3378218396089575,0.33441822235597934,0.34122545686193567,0.3338251821424485,0.3338039914620293,0.33384637282286767,0.33238915359694493,0.3323762822567036,0.33240202493718624,0.33378566426060696,0.33377083429914683,0.3338004942220671,14.157016806107277,14.156558001413806,14.157475610800748,13.979643920248568,13.978016712896075,13.981271127601062,13.97446469152983,13.971755979990684,13.977173403068976,14.349562357682219,14.346156753845362,14.352967961519076,0.16764652878002365,0.16560315022841182,0.16968990733163547,0.3495623576822172,0.3461567538453609,0.35296796151907356,3.8666666666666667,3.685090088772251,4.048243244561082,14.375691358615063,14.348419470181083,14.402963247049042,169.95818743333317,159.82821298851678,180.08816187814955
80,14,P3-U,p3u,30,120,14975.866666666667,14935.292753039002,15016.440580294331,5032.866666666667,5032.742943084015,5032.990390249319,0.3360837935643813,0.33517149823459225,0.3369960888941703,0.38459294019583257,0.38212264138107693,0.3870632390105882,0.3256633770622892,0.3230520325723808,0.3282747215521976,9943,9902.432914174004,9983.567085825996,17804.837828848253,17753.96883661513,17855.706821081374,33318.10926047947,33243.18732293274,33393.0311980262,33434.53430101053,33359.369452654566,33509.69914936649,37219.36666666667,37136.99886151808,37301.73447181526,0.3352294473307987,0.33246955853486415,0.3379893361267332,0.33643555230117317,0.3352232294167097,0.33764787518563666,0.3359109399131428,0.3325963500976082,0.3392255297286774,0.33380578484071877,0.3337975776560369,0.33381399202540063,0.3323884303185621,0.33237201594919835,0.3324048446879258,0.33380578484071877,0.3337975776560369,0.33381399202540063,14.080442703740504,14.079687245549108,14.0811981619319,14.031879527099214,14.024306285738666,14.039452768459762,14.045307067821087,14.034997194116862,14.055616941525312,14.576381581190853,14.567062329412257,14.585700832969449,0.294285100245263,0.2874197124232226,0.3011504880673034,0.5763815811908536,0.5670623294122585,0.5857008329694486,2.2666666666666666,2.019219501362923,2.5141138319704104,14.326336121820635,14.252144339217114,14.400527904424155,166.9866444000033,159.3097575416226,174.66353125838404
80,14.05,P2 fixed,p2,30,120,14975.866666666667,14935.292753039002,15016.440580294331,4680,4680,4680,0.3125201414560219,0.311671334100536,0.31336894881150784,0.34981123890782245,0.34756354309076326,0.35205893472488164,0.304292917140307,0.3018637254826638,0.30672210879795014,10295.866666666667,10255.292753039002,10336.440580294331,18600.292118584624,18550.361631254375,18650.222605914874,34497.436388698865,34426.496079572426,34568.376697825304,34616.09949568148,34544.95550371598,34687.243487646985,38544.9,38463.253069989514,38626.54693001049,0.3110631265112682,0.3082477583974481,0.3138784946250883,0.3131512597223469,0.311967841376502,0.3143346780681918,0.31211256382654734,0.30888228987107685,0.3153428377820178,0.3333333333333333,0.3333333333333333,0.3333333333333333,0.3333333333333333,0.3333333333333333,0.3333333333333333,0.3333333333333333,0.3333333333333333,0.3333333333333333,13.115206356012918,13.115205143607277,13.115207568418558,13.115207106995099,13.11520497449676,13.115209239493439,13.130532954145012,13.130532286732812,13.130533621557213,14.05000000000001,14.050000000000008,14.050000000000011,5.443687297790757e-15,5.443687297790756e-15,5.4436872977907576e-15,5.329070518200751e-15,5.329070518200751e-15,5.329070518200751e-15,0,0,0,14.050000000000008,14.050000000000006,14.05000000000001,166.84017766666656,161.12047236824424,172.5598829650889
80,14.05,P3-D0.50,p3d_05,30,120,14975.866666666667,14935.292753039002,15016.440580294331,5077.966666666666,5077.85221270731,5078.081120626022,0.3390954315164131,0.3381769285330383,0.34001393449978784,0.3953688213595373,0.3928299804258981,0.39790766229317653,0.32704986607174025,0.32443900409782034,0.32966072804566016,9897.9,9857.363800569417,9938.436199430582,17592.10801313374,17541.04789846902,17643.16812779846,33150.821640277245,33075.32791715306,33226.31536340143,33272.00683067833,33196.358487797595,33347.65517355906,37045.03333333333,36962.060737065454,37128.00592960121,0.33845016373188513,0.33563965203345736,0.3412606754303129,0.3393839961940984,0.3381328751323018,0.34063511725589507,0.33889992165292365,0.3355232823306694,0.3422765609751779,0.3338015871941384,0.33379138958626003,0.33381178480201673,0.3324033885834371,0.3323909093260408,0.3324158678408334,0.33379502422242485,0.3337875003556113,0.3338025480892384,14.20698361580029,14.206419504426897,14.207547727173683,14.062876427030453,14.06287326166952,14.062879592391386,14.05724990678742,14.057248911831898,14.057250901742943,14.373927037845267,14.372787734736423,14.37506634095411,0.1587887666549995,0.1580027632919421,0.1595747700180569,0.32392703784526405,0.3227877347364206,0.3250663409541075,2,2,2,14.36808164409162,14.34084426577179,14.39531902241145,162.06869723333222,155.3472131973128,168.79018126935162
80,14.05,P3-U,p3u,30,120,14975.866666666667,14935.292753039002,15016.440580294331,5049.5,5049.318018568587,5049.681981431413,0.3371945367442073,0.336278844098821,0.3381102293895936,0.38587677184964697,0.3833843438786671,0.38836919982062684,0.3266165658066497,0.32400583520910076,0.3292272964041987,9926.366666666667,9885.796154098378,9966.937179234956,17771.71800045216,17720.55712638954,17822.878874514783,33260.80047063612,33185.79836391544,33335.80257735679,33378.673182180915,33303.19496032423,33454.1514040376,37153.5,37069.83118617766,37237.16881382234,0.3363951631464241,0.3336410369349701,0.3391492893578781,0.33750499656616023,0.33626420436206717,0.3387457887702533,0.33708841950096263,0.3336989957265101,0.3404778432754152,0.33376241545723195,0.3337355622437946,0.3337892686706693,0.3324751664708954,0.332444790334206,0.33250554260758486,0.3337624180718725,0.3337315580028456,0.33379327814089943,14.129174112723767,14.128483890172902,14.129864335274632,14.055292841577991,14.053940095491598,14.056645587664384,14.056981399394065,14.056931343906207,14.057031454881923,14.559794677867167,14.55317759964225,14.566411756092084,0.3320145096017259,0.33022947679983505,0.33379954240361676,0.5097946778671684,0.5031775996422513,0.5164117560920854,2,2,2,14.253870685212288,14.172938031406977,14.334803339017599,164.27260273333135,157.31446355908994,171.23074190757276
80,14.1,P2 fixed,p2,30,120,14975.866666666667,14935.292753039002,15016.440580294331,4919.966666666666,4919.901333333333,4920.031999999999,0.32854457673793613,0.3276528537700827,0.3294362997057896,0.3677373868804487,0.3653835277851336,0.3700912459757638,0.31989768212186115,0.3173439165330568,0.3224514477106655,10055.9,10015.33537964832,10096.464620351679,18154.943177394445,18104.49875373293,18205.38760105596,33696.85687223545,33623.18661593412,33770.52712853677,33819.12804645636,33745.311312182595,33892.944780730126,37644.333333333336,37565.05766915522,37723.60899751145,0.3275935529952457,0.32473720924751126,0.3304498967429801,0.3289945849026469,0.3278369924664727,0.3301521773388211,0.3281777978934404,0.3249047416143854,0.3314508541724955,0.3414657285422215,0.34146119328239444,0.3414702638020486,0.3170753193606341,0.31707110804793753,0.31707953067333067,0.3414589520971446,0.34145020552462096,0.34146769866966825,13.389369197858036,13.389294559332262,13.38944383638381,13.389408886469448,13.389405726099417,13.38941204683948,13.140574921036922,13.14057393739819,13.140575904675655,14.100000000000005,14.100000000000003,14.100000000000007,1.814562432596919e-15,1.814562432596919e-15,1.814562432596919e-15,1.7763568394002505e-15,1.7763568394002505e-15,1.7763568394002505e-15,0,0,0,14.100000000000005,14.100000000000003,14.100000000000007,165.48786656666488,155.64484670676433,175.33088642656543
80,14.1,P3-D0.50,p3d_05,30,120,14975.866666666667,14935.292753039002,15016.440580294331,5093,5092.86709955329,5093.13290044671,0.3400993313878176,0.33917774263686845,0.3410209201387668,0.39647779138855993,0.39392667872656567,0.3990289040505542,0.3270928908779482,0.32448621405090405,0.3296995677049923,9882.866666666667,9842.32563282161,9923.407700511723,17575.24410849226,17523.993548138606,17626.494668845917,33092.456999522656,33016.822546647,33168.09145239831,33214.336839344716,33138.3147788448,33290.358899844636,36988.6,36906.241141738356,37070.95885826164,0.33939754043897175,0.3365859243023585,0.342209156575585,0.3403460112522243,0.33910541343925715,0.34158660906519145,0.3400865667615821,0.3367627003760259,0.3434104331471383,0.3337914802157018,0.33378277001757656,0.3338001904138271,0.3324301320011706,0.33241722396204615,0.33244304004029507,0.3337783877831279,0.33376548862099303,0.3337912869452628,14.249722805657408,14.249150583819608,14.250295027495207,14.066956287668214,14.061399934264648,14.07251264107178,14.062804953463827,14.055239856438364,14.07037005048929,14.384832862426826,14.37916366522642,14.390502059627233,0.21373214593456233,0.2013140630594375,0.22615022880968716,0.28483286242682654,0.27916366522642067,0.2905020596272324,1.8666666666666667,1.685090088772251,2.0482432445610823,14.58315629598504,14.555914637430375,14.610397954539705,169.17999026666513,162.05541684036135,176.3045636929689
80,14.1,P3-U,p3u,30,120,14975.866666666667,14935.292753039002,15016.440580294331,5066.6,5066.358574349276,5066.841425650725,0.3383365184543268,0.3374137065137055,0.33925933039494804,0.38701026015900003,0.38451246225060237,0.3895080580673977,0.3276348578344762,0.32502098854143835,0.3302487271275141,9909.266666666666,9868.636505493025,9949.896827840308,17741.419577205517,17690.51435447564,17792.324799935395,33195.404484797815,33120.01861670919,33270.79035288644,33320.40097063491,33244.90342639385,33395.89851487597,37090.96666666667,37009.53639914344,37172.39693418989,0.3376402918441471,0.33483288281624024,0.340447700872054,0.3386154067844989,0.33736758003554157,0.33986323353345627,0.33822185848568,0.33481402091174745,0.3416296960596125,0.3338135999623172,0.33378954475415157,0.3338376551704828,0.3323728000753657,0.3323569637332281,0.33238863641750327,0.3338135999623172,0.33378954475415157,0.3338376551704828,14.174439821662267,14.174162498007362,14.174717145317171,14.098081848019556,14.096831098527252,14.099332597511859,14.099091620360742,14.099044893355494,14.09913834736599,14.502064065702347,14.444312060605998,14.559816070798696,0.25845482441588963,0.2486396628255657,0.26826998600621355,0.4020640657023457,0.34431206060599684,0.4598160707986946,1.2333333333333334,1.0793942997725117,1.3872723668941551,15.117903111249042,15.025876335971065,15.20992988652702,164.43963603333492,157.41859076083472,171.46068130583512
80,14.15,P2 fixed,p2,30,120,14975.866666666667,14935.292753039002,15016.440580294331,5039.933333333333,5039.8026666666665,5040.064,0.33655567505943934,0.33564278059689817,0.3374685695219805,0.37669401590672064,0.37429140121621174,0.37909663059722953,0.3277000646126384,0.32508401205825344,0.33031611716702336,9935.933333333332,9895.377903137422,9976.488763529243,17932.352546806876,17881.783712379405,17982.921381234348,33296.30662725184,33221.4723047001,33371.14094980358,33418.13502467525,33343.145556914635,33493.12449243586,37190.76666666667,37108.235185187434,37273.29814814591,0.3357172169665878,0.33296438591495015,0.33847004801822544,0.3368809940935768,0.3356580071578206,0.338103981029333,0.33644300340052863,0.33311664769607174,0.3397693591049855,0.3333377442547748,0.3333290988487495,0.3333463896608001,0.33333112787261254,0.3333268051695999,0.3333354505756252,0.33333112787261254,0.3333268051695999,0.3333354505756252,14.12382647855497,14.123352188105859,14.12430076900408,14.12406981703702,14.124067034113384,14.124072599960655,14.140574170406726,14.140573303307981,14.14057503750547,14.149999999999995,14.149999999999993,14.149999999999997,1.814562432596919e-15,1.814562432596919e-15,1.814562432596919e-15,-1.7763568394002505e-15,-1.7763568394002505e-15,-1.7763568394002505e-15,0,0,0,14.149999999999995,14.149999999999993,14.149999999999997,172.91939713333414,160.45297960131208,185.3858146653562
80,14.15,P3-D0.50,p3d_05,30,120,14975.866666666667,14935.292753039002,15016.440580294331,5108,5108,5108,0.3411010432814873,0.3401746099541749,0.34202747660879973,0.39764867328837933,0.3950936002655685,0.40020374631119016,0.3290004616944344,0.3263740279791194,0.33162689540974943,9867.866666666667,9827.292753039002,9908.440580294331,17545.083234753296,17493.85615475529,17596.310314751303,33032.33123917974,32956.496155696645,33108.16632266283,33166.442283704855,33090.44022310239,33242.44434430732,36930.6,36847.537242070524,37013.66275792947,0.3405202218417843,0.33774403426766414,0.3432964094159045,0.34127103851592605,0.34003400951509083,0.34250806751676127,0.3411974465377778,0.3378555501403092,0.34453934293524635,0.33379013312451083,0.3337901331245107,0.33379013312451095,0.3324197337509787,0.33241973375097866,0.3324197337509788,0.33379013312451083,0.3337901331245107,0.33379013312451095,14.29141929367984,14.291417959259736,14.291420628099946,14.146956092061293,14.146953437864447,14.14695874625814,14.141422457562452,14.14142162064351,14.141423294481395,14.826727183237356,14.826712549350136,14.826741817124576,0.018416678045781176,0.01841453740777547,0.01841881868378688,0.6767271832373555,0.676712549350136,0.6767418171245749,2,2,2,14.858077667795701,14.858062656680572,14.85809267891083,162.91673056666525,156.66693211974547,169.16652901358503
80,14.15,P3-U,p3u,30,120,14975.866666666667,14935.292753039002,15016.440580294331,5084,5084,5084,0.3394983758894052,0.338576295420326,0.34042045635848434,0.3875077932465505,0.3850220201095726,0.3899935663835284,0.3283502631535363,0.32572902001868637,0.3309715062883863,9891.866666666667,9851.292753039002,9932.440580294331,17708.334742468924,17657.28650124111,17759.382983696738,33140.632931263535,33065.1020764777,33216.16378604937,33259.777319990826,33184.032728630285,33335.52191135137,37023.833333333336,36941.05069782651,37106.61596884016,0.3388491093520025,0.33603100599911856,0.3416672127048865,0.33973687299133093,0.33848454176857784,0.340989204214084,0.3394535251322329,0.3361069151920595,0.34280013507240636,0.3337922895357987,0.33379228953579865,0.33379228953579876,0.33241542092840265,0.3324154209284026,0.3324154209284027,0.3337922895357987,0.33379228953579865,0.33379228953579876,14.224181400487327,14.224179226431296,14.224183574543357,14.135526439875642,14.135524314801291,14.135528564949993,14.141002597685008,14.141001940237379,14.141003255132636,14.503734830483763,14.503687343795974,14.503782317171552,0.03808710967381393,0.038083643660026104,0.038090575687601755,0.35373483048376525,0.35368734379597566,0.35378231717155484,2,2,2,14.557909893997795,14.557862132176421,14.55795765581917,174.04804583333316,163.99945247497513,184.0966391916912
80,14.2,P2 fixed,p2,30,120,14975.866666666667,14935.292753039002,15016.440580294331,5039.933333333333,5039.8026666666665,5040.064,0.33655567505943934,0.33564278059689817,0.3374685695219805,0.37669401590672064,0.37429140121621174,0.37909663059722953,0.3277000646126384,0.32508401205825344,0.33031611716702336,9935.933333333332,9895.377903137422,9976.488763529243,17932.352546806876,17881.783712379405,17982.921381234348,33296.30662725184,33221.4723047001,33371.14094980358,33418.13502467525,33343.145556914635,33493.12449243586,37190.76666666667,37108.235185187434,37273.29814814591,0.3357172169665878,0.33296438591495015,0.33847004801822544,0.3368809940935768,0.3356580071578206,0.338103981029333,0.33644300340052863,0.33311664769607174,0.3397693591049855,0.3333377442547748,0.3333290988487495,0.3333463896608001,0.33333112787261254,0.3333268051695999,0.3333354505756252,0.33333112787261254,0.3333268051695999,0.3333354505756252,14.12382647855497,14.123352188105859,14.12430076900408,14.12406981703702,14.124067034113384,14.124072599960655,14.140574170406726,14.140573303307981,14.14057503750547,14.19999999999999,14.199999999999989,14.199999999999992,5.443687297790757e-15,5.443687297790756e-15,5.4436872977907576e-15,-5.329070518200751e-15,-5.329070518200751e-15,-5.329070518200751e-15,0,0,0,14.199999999999992,14.19999999999999,14.199999999999994,166.54043883333264,159.657825857208,173.4230518094573
80,14.25,P2 fixed,p2,30,120,14975.866666666667,14935.292753039002,15016.440580294331,5039.933333333333,5039.8026666666665,5040.064,0.33655567505943934,0.33564278059689817,0.3374685695219805,0.37669401590672064,0.37429140121621174,0.37909663059722953,0.3277000646126384,0.32508401205825344,0.33031611716702336,9935.933333333332,9895.377903137422,9976.488763529243,17932.352546806876,17881.783712379405,17982.921381234348,33296.30662725184,33221.4723047001,33371.14094980358,33418.13502467525,33343.145556914635,33493.12449243586,37190.76666666667,37108.235185187434,37273.29814814591,0.3357172169665878,0.33296438591495015,0.33847004801822544,0.3368809940935768,0.3356580071578206,0.338103981029333,0.33644300340052863,0.33311664769607174,0.3397693591049855,0.3333377442547748,0.3333290988487495,0.3333463896608001,0.33333112787261254,0.3333268051695999,0.3333354505756252,0.33333112787261254,0.3333268051695999,0.3333354505756252,14.12382647855497,14.123352188105859,14.12430076900408,14.12406981703702,14.124067034113384,14.124072599960655,14.140574170406726,14.140573303307981,14.14057503750547,14.25,14.25,14.25,0,0,0,0,0,0,0,0,0,14.25,14.25,14.25,163.33812513333396,156.7150916663531,169.96115860031483
80,14.3,P2 fixed,p2,30,120,14975.866666666667,14935.292753039002,15016.440580294331,5039.933333333333,5039.8026666666665,5040.064,0.33655567505943934,0.33564278059689817,0.3374685695219805,0.37669401590672064,0.37429140121621174,0.37909663059722953,0.3277000646126384,0.32508401205825344,0.33031611716702336,9935.933333333332,9895.377903137422,9976.488763529243,17932.352546806876,17881.783712379405,17982.921381234348,33296.30662725184,33221.4723047001,33371.14094980358,33418.13502467525,33343.145556914635,33493.12449243586,37190.76666666667,37108.235185187434,37273.29814814591,0.3357172169665878,0.33296438591495015,0.33847004801822544,0.3368809940935768,0.3356580071578206,0.338103981029333,0.33644300340052863,0.33311664769607174,0.3397693591049855,0.3333377442547748,0.3333290988487495,0.3333463896608001,0.33333112787261254,0.3333268051695999,0.3333354505756252,0.33333112787261254,0.3333268051695999,0.3333354505756252,14.12382647855497,14.123352188105859,14.12430076900408,14.12406981703702,14.124067034113384,14.124072599960655,14.140574170406726,14.140573303307981,14.14057503750547,14.30000000000001,14.300000000000008,14.300000000000011,5.443687297790757e-15,5.443687297790756e-15,5.4436872977907576e-15,5.329070518200751e-15,5.329070518200751e-15,5.329070518200751e-15,0,0,0,14.300000000000008,14.300000000000006,14.30000000000001,162.02404029999985,155.7397271797349,168.3083534202648
80,14.35,P2 fixed,p2,30,120,14975.866666666667,14935.292753039002,15016.440580294331,5039.933333333333,5039.8026666666665,5040.064,0.33655567505943934,0.33564278059689817,0.3374685695219805,0.37669401590672064,0.37429140121621174,0.37909663059722953,0.3277000646126384,0.32508401205825344,0.33031611716702336,9935.933333333332,9895.377903137422,9976.488763529243,17932.352546806876,17881.783712379405,17982.921381234348,33296.30662725184,33221.4723047001,33371.14094980358,33418.13502467525,33343.145556914635,33493.12449243586,37190.76666666667,37108.235185187434,37273.29814814591,0.3357172169665878,0.33296438591495015,0.33847004801822544,0.3368809940935768,0.3356580071578206,0.338103981029333,0.33644300340052863,0.33311664769607174,0.3397693591049855,0.3333377442547748,0.3333290988487495,0.3333463896608001,0.33333112787261254,0.3333268051695999,0.3333354505756252,0.33333112787261254,0.3333268051695999,0.3333354505756252,14.12382647855497,14.123352188105859,14.12430076900408,14.12406981703702,14.124067034113384,14.124072599960655,14.140574170406726,14.140573303307981,14.14057503750547,14.35000000000001,14.350000000000009,14.350000000000012,3.629124865193838e-15,3.629124865193838e-15,3.629124865193838e-15,3.552713678800501e-15,3.552713678800501e-15,3.552713678800501e-15,0,0,0,14.350000000000007,14.350000000000005,14.350000000000009,170.28821110000183,155.9755979480626,184.60082425194105
80,14.4,P2 fixed,p2,30,120,14975.866666666667,14935.292753039002,15016.440580294331,5039.933333333333,5039.8026666666665,5040.064,0.33655567505943934,0.33564278059689817,0.3374685695219805,0.37669401590672064,0.37429140121621174,0.37909663059722953,0.3277000646126384,0.32508401205825344,0.33031611716702336,9935.933333333332,9895.377903137422,9976.488763529243,17932.352546806876,17881.783712379405,17982.921381234348,33296.30662725184,33221.4723047001,33371.14094980358,33418.13502467525,33343.145556914635,33493.12449243586,37190.76666666667,37108.235185187434,37273.29814814591,0.3357172169665878,0.33296438591495015,0.33847004801822544,0.3368809940935768,0.3356580071578206,0.338103981029333,0.33644300340052863,0.33311664769607174,0.3397693591049855,0.3333377442547748,0.3333290988487495,0.3333463896608001,0.33333112787261254,0.3333268051695999,0.3333354505756252,0.33333112787261254,0.3333268051695999,0.3333354505756252,14.12382647855497,14.123352188105859,14.12430076900408,14.12406981703702,14.124067034113384,14.124072599960655,14.140574170406726,14.140573303307981,14.14057503750547,14.39999999999999,14.399999999999988,14.399999999999991,3.629124865193838e-15,3.629124865193838e-15,3.629124865193838e-15,-3.552713678800501e-15,-3.552713678800501e-15,-3.552713678800501e-15,0,0,0,14.399999999999993,14.399999999999991,14.399999999999995,165.23514736666547,158.6611796029389,171.80911513039206
80,14.5,P2 fixed,p2,30,120,14975.866666666667,14935.292753039002,15016.440580294331,5039.933333333333,5039.8026666666665,5040.064,0.33655567505943934,0.33564278059689817,0.3374685695219805,0.37669401590672064,0.37429140121621174,0.37909663059722953,0.3277000646126384,0.32508401205825344,0.33031611716702336,9935.933333333332,9895.377903137422,9976.488763529243,17932.352546806876,17881.783712379405,17982.921381234348,33296.30662725184,33221.4723047001,33371.14094980358,33418.13502467525,33343.145556914635,33493.12449243586,37190.76666666667,37108.235185187434,37273.29814814591,0.3357172169665878,0.33296438591495015,0.33847004801822544,0.3368809940935768,0.3356580071578206,0.338103981029333,0.33644300340052863,0.33311664769607174,0.3397693591049855,0.3333377442547748,0.3333290988487495,0.3333463896608001,0.33333112787261254,0.3333268051695999,0.3333354505756252,0.33333112787261254,0.3333268051695999,0.3333354505756252,14.12382647855497,14.123352188105859,14.12430076900408,14.12406981703702,14.124067034113384,14.124072599960655,14.140574170406726,14.140573303307981,14.14057503750547,14.5,14.5,14.5,0,0,0,0,0,0,0,0,0,14.5,14.5,14.5,163.88891256666636,156.91237068804787,170.86545444528485
80,14.75,P2 fixed,p2,30,120,14975.866666666667,14935.292753039002,15016.440580294331,5039.933333333333,5039.8026666666665,5040.064,0.33655567505943934,0.33564278059689817,0.3374685695219805,0.37669401590672064,0.37429140121621174,0.37909663059722953,0.3277000646126384,0.32508401205825344,0.33031611716702336,9935.933333333332,9895.377903137422,9976.488763529243,17932.352546806876,17881.783712379405,17982.921381234348,33296.30662725184,33221.4723047001,33371.14094980358,33418.13502467525,33343.145556914635,33493.12449243586,37190.76666666667,37108.235185187434,37273.29814814591,0.3357172169665878,0.33296438591495015,0.33847004801822544,0.3368809940935768,0.3356580071578206,0.338103981029333,0.33644300340052863,0.33311664769607174,0.3397693591049855,0.3333377442547748,0.3333290988487495,0.3333463896608001,0.33333112787261254,0.3333268051695999,0.3333354505756252,0.33333112787261254,0.3333268051695999,0.3333354505756252,14.12382647855497,14.123352188105859,14.12430076900408,14.12406981703702,14.124067034113384,14.124072599960655,14.140574170406726,14.140573303307981,14.14057503750547,14.75,14.75,14.75,0,0,0,0,0,0,0,0,0,14.75,14.75,14.75,163.1252556666659,156.27876933422218,169.97174199910964
80,15,P2 fixed,p2,30,120,14975.866666666667,14935.292753039002,15016.440580294331,5039.933333333333,5039.8026666666665,5040.064,0.33655567505943934,0.33564278059689817,0.3374685695219805,0.37669401590672064,0.37429140121621174,0.37909663059722953,0.3277000646126384,0.32508401205825344,0.33031611716702336,9935.933333333332,9895.377903137422,9976.488763529243,17932.352546806876,17881.783712379405,17982.921381234348,33296.30662725184,33221.4723047001,33371.14094980358,33418.13502467525,33343.145556914635,33493.12449243586,37190.76666666667,37108.235185187434,37273.29814814591,0.3357172169665878,0.33296438591495015,0.33847004801822544,0.3368809940935768,0.3356580071578206,0.338103981029333,0.33644300340052863,0.33311664769607174,0.3397693591049855,0.3333377442547748,0.3333290988487495,0.3333463896608001,0.33333112787261254,0.3333268051695999,0.3333354505756252,0.33333112787261254,0.3333268051695999,0.3333354505756252,14.12382647855497,14.123352188105859,14.12430076900408,14.12406981703702,14.124067034113384,14.124072599960655,14.140574170406726,14.140573303307981,14.14057503750547,15,15,15,0,0,0,0,0,0,0,0,0,15,15,15,163.1847861000002,156.82586429157266,169.54370790842773
80,18,P2 fixed,p2,30,120,14975.866666666667,14935.292753039002,15016.440580294331,5498.866666666667,5497.515475814009,5500.217857519325,0.3672019014908124,0.36621822524624775,0.368185577735377,0.41056608136898487,0.40794479169626685,0.4131873710417029,0.3576132054068562,0.35468581868977184,0.3605405921239406,9477,9436.667944011868,9517.332055988132,17090.77381047139,17038.81627590438,17142.7313450384,31761.980414759808,31682.616588800956,31841.34424071866,31897.39799379293,31817.797455319553,31976.998532266305,35459.13333333333,35368.12540462009,35550.14126204657,0.3673422819732908,0.3645866586811054,0.37009790526547615,0.36730242450594314,0.36597086501661785,0.3686339839952684,0.3667861962950487,0.3634233597381878,0.37014903285190964,0.33109868949788096,0.33079882306850816,0.33139855592725376,0.33795423544213926,0.33758586519989914,0.3383226056843794,0.33094707505997983,0.3306461568155589,0.33124799330440075,15.536531672769113,15.524501845647631,15.548561499890596,15.537660063260699,15.513579779351616,15.561740347169781,15.63846832432631,15.600586059410164,15.676350589242455,18,18,18,0,0,0,0,0,0,0,0,0,18,18,18,161.27084576666869,155.01414285716925,167.52754867616812
80,18,P3-D0.50,p3d_05,30,120,14975.866666666667,14935.292753039002,15016.440580294331,5496.033333333334,5494.499258769864,5497.567407896803,0.36701224777443053,0.36605054334799153,0.36797395220086954,0.40954750738133416,0.40686396662207996,0.41223104814058836,0.35756882327067346,0.3546601028210996,0.3604775437202473,9479.833333333334,9439.824660568564,9519.842006098104,17106.52606070888,17054.2115000337,17158.840621384057,31772.294813714838,31693.55521181572,31851.034415613954,31908.09058957294,31828.706548269434,31987.474630876448,35471.96666666667,35381.580415133896,35562.35291819944,0.36709660151422097,0.36437470178009107,0.36981850124835086,0.36713133562308614,0.3658178098265267,0.3684448614196456,0.3665968099556112,0.36324507432311237,0.3699485455881101,0.3314330767906442,0.33113119026707105,0.33173496331421737,0.3370308072509106,0.336710195858913,0.33735141864290824,0.33153611595844534,0.33127966958835126,0.33179256232853943,15.503252259573173,15.492682681477374,15.513821837668972,15.544367700512504,15.51854145955115,15.570193941473859,15.650877597935372,15.609347658026925,15.692407537843819,40,40,40,0,0,0,22,22,22,0,0,0,40,40,40,162.09908613333053,155.714146429385,168.48402583727605
80,18,P3-U,p3u,30,120,14975.866666666667,14935.292753039002,15016.440580294331,5495.466666666666,5494.054749267066,5496.878584066267,0.3669743902139056,0.3660142626790524,0.3679345177487588,0.40964496406145834,0.4070120482115148,0.41227787991140186,0.3574784022846186,0.354631950538539,0.36032485403069814,9480.4,9440.411582844845,9520.388417155154,17105.743810264856,17053.243600157344,17158.244020372367,31773.940651390923,31693.681622532295,31854.199680249552,31909.624477184167,31828.977998949806,31990.270955418528,35473,35382.12854815983,35563.87145184017,0.36709770685574983,0.3643103401683196,0.36988507354318007,0.3670867678107111,0.36576857832650084,0.36840495729492134,0.36654070953403856,0.3632195059184155,0.3698619131496616,0.3313761409098877,0.33111057984855186,0.33164170197122356,0.3373750030972094,0.3370416391474237,0.33770836704699514,0.3312488559929028,0.33098425744063453,0.3315134545451711,15.511071115759899,15.500863937480796,15.521278294039002,15.526246387602262,15.500978555322627,15.551514219881897,15.623183811445319,15.583193604914417,15.663174017976221,40,40,40,0,0,0,22,22,22,0,0,0,40,40,40,164.5658680666665,154.28369666362565,174.84803946970735
