budget,method,workload_cap,cases,requests_mean,requests_ci_low,requests_ci_high,planned_mean,planned_ci_low,planned_ci_high,planned_workload_mean,planned_workload_ci_low,planned_workload_ci_high,dispatched_mean,dispatched_ci_low,dispatched_ci_high,completed_mean,completed_ci_low,completed_ci_high,final_queue_mean,final_queue_ci_low,final_queue_ci_high,mean_wait_minutes_mean,mean_wait_minutes_ci_low,mean_wait_minutes_ci_high,schedule_gap_mean,schedule_gap_ci_low,schedule_gap_ci_high,plan_execution_rate_mean,plan_execution_rate_ci_low,plan_execution_rate_ci_high,complete_plan_mean,complete_plan_ci_low,complete_plan_ci_high,north_route_share_mean,north_route_share_ci_low,north_route_share_ci_high,central_route_share_mean,central_route_share_ci_low,central_route_share_ci_high,south_route_share_mean,south_route_share_ci_low,south_route_share_ci_high,peak_budget_use_mean,peak_budget_use_ci_low,peak_budget_use_ci_high
14,Greedy event,0,480,127.39791666666666,126.40253102192736,128.39330231140596,0,0,0,0,0,0,38.947916666666664,38.84583333333333,39.05,38.947916666666664,38.84583333333333,39.05,88.45,87.448307720006,89.451692279994,122.54871391406454,121.27756553340747,123.8198622947216,0,0,0,0,0,0,0,0,0,0.3326388888888892,0.3312777777777781,0.3340000000000003,0.33472222222222264,0.3320000000000004,0.3374444444444449,0.3326388888888892,0.3312777777777781,0.3340000000000003,0.9380256592352689,0.9377720690191292,0.9382792494514086
14,Time plan 900,900,480,127.39791666666666,126.40253102192736,128.39330231140596,39,39,39,804.7682498252885,804.7566213920653,804.7798782585118,38.99166666666667,38.9835256142816,38.99980771905174,38.99166666666667,38.9835256142816,38.99980771905174,88.40625,87.41156303280441,89.40093696719559,93.6865123216663,91.88966865228866,95.48335599104394,0.008333333333333333,0.00019228094826414036,0.016474385718402526,0.9997863247863247,0.9995775798533741,0.9999950697192752,0.9916666666666667,0.9835256142815975,0.9998077190517359,0.3331871345029243,0.3330443090224845,0.3333299599833641,0.3334064327485384,0.3333350200083185,0.33347784548875825,0.3334064327485384,0.3333350200083185,0.33347784548875825,0.9378884614015601,0.937885545739019,0.9378913770641012
14,Time plan 930,930,480,127.39791666666666,126.40253102192736,128.39330231140596,39,39,39,804.7682498252885,804.7566213920653,804.7798782585118,38.99166666666667,38.9835256142816,38.99980771905174,38.99166666666667,38.9835256142816,38.99980771905174,88.40625,87.41156303280441,89.40093696719559,93.6865123216663,91.88966865228866,95.48335599104394,0.008333333333333333,0.00019228094826414036,0.016474385718402526,0.9997863247863247,0.9995775798533741,0.9999950697192752,0.9916666666666667,0.9835256142815975,0.9998077190517359,0.3331871345029243,0.3330443090224845,0.3333299599833641,0.3334064327485384,0.3333350200083185,0.33347784548875825,0.3334064327485384,0.3333350200083185,0.33347784548875825,0.9378884614015601,0.937885545739019,0.9378913770641012
14,Time plan 960,960,480,127.39791666666666,126.40253102192736,128.39330231140596,39,39,39,804.7682498252885,804.7566213920653,804.7798782585118,38.99166666666667,38.9835256142816,38.99980771905174,38.99166666666667,38.9835256142816,38.99980771905174,88.40625,87.41156303280441,89.40093696719559,93.6865123216663,91.88966865228866,95.48335599104394,0.008333333333333333,0.00019228094826414036,0.016474385718402526,0.9997863247863247,0.9995775798533741,0.9999950697192752,0.9916666666666667,0.9835256142815975,0.9998077190517359,0.3331871345029243,0.3330443090224845,0.3333299599833641,0.3334064327485384,0.3333350200083185,0.33347784548875825,0.3334064327485384,0.3333350200083185,0.33347784548875825,0.9378884614015601,0.937885545739019,0.9378913770641012
14.05,Greedy event,0,480,127.39791666666666,126.40253102192736,128.39330231140596,0,0,0,0,0,0,23,23,23,23,23,23,104.39791666666666,103.40253102192736,105.39330231140596,68.90414232093813,67.99672668918816,69.8115579526881,0,0,0,0,0,0,0,0,0,0.31132246376811623,0.3064467770597137,0.3161981504765188,0.608695652173912,0.6086956521739119,0.6086956521739121,0.0799818840579709,0.07510619734956837,0.08485757076637342,0.9996578927618377,0.9996578544036147,0.9996579311200607
14.05,Time plan 900,900,480,127.39791666666666,126.40253102192736,128.39330231140596,39,39,39,804.7682498252885,804.7566213920653,804.7798782585118,38.99166666666667,38.9835256142816,38.99980771905174,38.99166666666667,38.9835256142816,38.99980771905174,88.40625,87.41156303280441,89.40093696719559,93.6865123216663,91.88966865228866,95.48335599104394,0.008333333333333333,0.00019228094826414036,0.016474385718402526,0.9997863247863247,0.9995775798533741,0.9999950697192752,0.9916666666666667,0.9835256142815975,0.9998077190517359,0.3331871345029243,0.3330443090224845,0.3333299599833641,0.3334064327485384,0.3333350200083185,0.33347784548875825,0.3334064327485384,0.3333350200083185,0.33347784548875825,0.9345507800442633,0.9345478747577455,0.9345536853307811
14.05,Time plan 930,930,480,127.39791666666666,126.40253102192736,128.39330231140596,39,39,39,804.7682498252885,804.7566213920653,804.7798782585118,38.99166666666667,38.9835256142816,38.99980771905174,38.99166666666667,38.9835256142816,38.99980771905174,88.40625,87.41156303280441,89.40093696719559,93.6865123216663,91.88966865228866,95.48335599104394,0.008333333333333333,0.00019228094826414036,0.016474385718402526,0.9997863247863247,0.9995775798533741,0.9999950697192752,0.9916666666666667,0.9835256142815975,0.9998077190517359,0.3331871345029243,0.3330443090224845,0.3333299599833641,0.3334064327485384,0.3333350200083185,0.33347784548875825,0.3334064327485384,0.3333350200083185,0.33347784548875825,0.9345507800442633,0.9345478747577455,0.9345536853307811
14.05,Time plan 960,960,480,127.39791666666666,126.40253102192736,128.39330231140596,39,39,39,804.7682498252885,804.7566213920653,804.7798782585118,38.99166666666667,38.9835256142816,38.99980771905174,38.99166666666667,38.9835256142816,38.99980771905174,88.40625,87.41156303280441,89.40093696719559,93.6865123216663,91.88966865228866,95.48335599104394,0.008333333333333333,0.00019228094826414036,0.016474385718402526,0.9997863247863247,0.9995775798533741,0.9999950697192752,0.9916666666666667,0.9835256142815975,0.9998077190517359,0.3331871345029243,0.3330443090224845,0.3333299599833641,0.3334064327485384,0.3333350200083185,0.33347784548875825,0.3334064327485384,0.3333350200083185,0.33347784548875825,0.9345507800442633,0.9345478747577455,0.9345536853307811
14.1,Greedy event,0,480,127.39791666666666,126.40253102192736,128.39330231140596,0,0,0,0,0,0,33,33,33,33,33,33,94.39791666666666,93.40253102192736,95.39330231140596,102.23715729394902,101.11216545976036,103.36214912813769,0,0,0,0,0,0,0,0,0,0.41508838383838703,0.4129965512215055,0.41718021645526854,0.4242424242424278,0.4242424242424275,0.42424242424242814,0.1606691919191919,0.1585773593023104,0.1627610245360734,0.9996734928041794,0.9996734349393143,0.9996735506690445
14.1,Time plan 900,900,480,127.39791666666666,126.40253102192736,128.39330231140596,41,41,41,846.344803584247,846.3289956199633,846.3606115485306,40.983333333333334,40.971868623429245,40.994798043237424,40.983333333333334,40.971868623429245,40.994798043237424,86.41458333333334,85.42086508336531,87.40830158330137,96.26494149178953,94.38556568655473,98.14431729702433,0.016666666666666666,0.005201956762579422,0.02813137657075391,0.9995934959349595,0.9993138688641281,0.9998731230057909,0.9833333333333333,0.9718686234292461,0.9947980432374205,0.34124110772357874,0.3410607684149702,0.3414214470321873,0.3172052845528437,0.31711440575482347,0.3172961633508639,0.3415536077235787,0.3414396487005291,0.34166756674662824,0.9982526122725062,0.9982520246192992,0.9982531999257132
14.1,Time plan 930,930,480,127.39791666666666,126.40253102192736,128.39330231140596,41,41,41,846.344803584247,846.3289956199633,846.3606115485306,40.983333333333334,40.971868623429245,40.994798043237424,40.983333333333334,40.971868623429245,40.994798043237424,86.41458333333334,85.42086508336531,87.40830158330137,96.26494149178953,94.38556568655473,98.14431729702433,0.016666666666666666,0.005201956762579422,0.02813137657075391,0.9995934959349595,0.9993138688641281,0.9998731230057909,0.9833333333333333,0.9718686234292461,0.9947980432374205,0.34124110772357874,0.3410607684149702,0.3414214470321873,0.3172052845528437,0.31711440575482347,0.3172961633508639,0.3415536077235787,0.3414396487005291,0.34166756674662824,0.9982526122725062,0.9982520246192992,0.9982531999257132
14.1,Time plan 960,960,480,127.39791666666666,126.40253102192736,128.39330231140596,41,41,41,846.344803584247,846.3289956199633,846.3606115485306,40.983333333333334,40.971868623429245,40.994798043237424,40.983333333333334,40.971868623429245,40.994798043237424,86.41458333333334,85.42086508336531,87.40830158330137,96.26494149178953,94.38556568655473,98.14431729702433,0.016666666666666666,0.005201956762579422,0.02813137657075391,0.9995934959349595,0.9993138688641281,0.9998731230057909,0.9833333333333333,0.9718686234292461,0.9947980432374205,0.34124110772357874,0.3410607684149702,0.3414214470321873,0.3172052845528437,0.31711440575482347,0.3172961633508639,0.3415536077235787,0.3414396487005291,0.34166756674662824,0.9982526122725062,0.9982520246192992,0.9982531999257132
14.15,Greedy event,0,480,127.39791666666666,126.40253102192736,128.39330231140596,0,0,0,0,0,0,42,42,42,42,42,42,85.39791666666666,84.40253102192736,86.39330231140596,132.59222736062765,131.30043270867182,133.88402201258347,0,0,0,0,0,0,0,0,0,0.3333333333333337,0.33333333333333365,0.33333333333333376,0.3333333333333337,0.33333333333333365,0.33333333333333376,0.3333333333333337,0.33333333333333365,0.33333333333333376,0.9993349555403214,0.9993348767049428,0.9993350343756999
14.15,Time plan 900,900,480,127.39791666666666,126.40253102192736,128.39330231140596,42,42,42,866.6781369175756,866.6623289532919,866.6939448818592,41.983333333333334,41.971868623429245,41.994798043237424,41.983333333333334,41.971868623429245,41.994798043237424,85.41458333333334,84.42086508336531,86.40830158330137,101.7510631984943,99.89971330944877,103.60241308753982,0.016666666666666666,0.005201956762579422,0.02813137657075391,0.9996031746031747,0.999330205319744,0.9998761438866054,0.9833333333333333,0.9718686234292461,0.9947980432374205,0.3331131436314366,0.33293527100948883,0.3332910162533844,0.3334688346883473,0.33337562566473683,0.3335620437119578,0.3334180216802172,0.33330806330194096,0.3335279800584935,0.9993239300416572,0.9993198667684728,0.9993279933148416
14.15,Time plan 930,930,480,127.39791666666666,126.40253102192736,128.39330231140596,42,42,42,866.6781369175756,866.6623289532919,866.6939448818592,41.983333333333334,41.971868623429245,41.994798043237424,41.983333333333334,41.971868623429245,41.994798043237424,85.41458333333334,84.42086508336531,86.40830158330137,101.7510631984943,99.89971330944877,103.60241308753982,0.016666666666666666,0.005201956762579422,0.02813137657075391,0.9996031746031747,0.999330205319744,0.9998761438866054,0.9833333333333333,0.9718686234292461,0.9947980432374205,0.3331131436314366,0.33293527100948883,0.3332910162533844,0.3334688346883473,0.33337562566473683,0.3335620437119578,0.3334180216802172,0.33330806330194096,0.3335279800584935,0.9993239300416572,0.9993198667684728,0.9993279933148416
14.15,Time plan 960,960,480,127.39791666666666,126.40253102192736,128.39330231140596,42,42,42,866.6781369175756,866.6623289532919,866.6939448818592,41.983333333333334,41.971868623429245,41.994798043237424,41.983333333333334,41.971868623429245,41.994798043237424,85.41458333333334,84.42086508336531,86.40830158330137,101.7510631984943,99.89971330944877,103.60241308753982,0.016666666666666666,0.005201956762579422,0.02813137657075391,0.9996031746031747,0.999330205319744,0.9998761438866054,0.9833333333333333,0.9718686234292461,0.9947980432374205,0.3331131436314366,0.33293527100948883,0.3332910162533844,0.3334688346883473,0.33337562566473683,0.3335620437119578,0.3334180216802172,0.33330806330194096,0.3335279800584935,0.9993239300416572,0.9993198667684728,0.9993279933148416
16,Greedy event,0,480,127.39791666666666,126.40253102192736,128.39330231140596,0,0,0,0,0,0,44.5125,44.462117197803884,44.56288280219612,44.5125,44.462117197803884,44.56288280219612,82.88541666666667,81.89368277352393,83.87715055980941,140.89894842889535,139.547982817314,142.2499140404767,0,0,0,0,0,0,0,0,0,0.33703841781603544,0.3366527141630887,0.3374241214689822,0.33703841781603544,0.3366527141630887,0.3374241214689822,0.3259231643679307,0.32515175706203714,0.3266945716738242,0.9467614884155292,0.9467456906359911,0.9467772861950673
16,Time plan 900,900,480,127.39791666666666,126.40253102192736,128.39330231140596,43,43,43,887.0058187782961,886.9941903450729,887.0174472115193,42.97708333333333,42.961385741463474,42.99278092520319,42.97708333333333,42.961385741463474,42.99278092520319,84.42083333333333,83.42817077780818,85.41349588885849,106.77799094204362,104.94686291207252,108.60911897201471,0.022916666666666665,0.007219074796808379,0.03861425853652495,0.999467054263566,0.9991019939875228,0.9998321145396092,0.98125,0.9691027271804745,0.9933972728195254,0.3477900843169594,0.34716692093791857,0.34841324769600024,0.3490292352051461,0.3488971416579657,0.3491613287523265,0.3031806804779011,0.3026484343041583,0.3037129266516439,0.9462751382788515,0.9462702158038104,0.9462800607538925
16,Time plan 930,930,480,127.39791666666666,126.40253102192736,128.39330231140596,44.99166666666667,44.9835256142816,44.99980771905174,928.4185795654415,928.2636742875148,928.5734848433682,44.85208333333333,44.81680242483257,44.8873642418341,44.85208333333333,44.81680242483257,44.8873642418341,82.54583333333333,81.55632335362519,83.53534331304148,109.99289031971892,108.09747268216907,111.88830795726878,0.13958333333333334,0.10596355008824775,0.17320311657841891,0.9968960437710433,0.9961484999932706,0.9976435875488161,0.8708333333333333,0.8407980963532459,0.9008685703134208,0.332504551327226,0.3320218687596807,0.3329872338947713,0.33445905273666965,0.3341895918338405,0.3347285136394988,0.33303639593610546,0.33261846742440393,0.333454324447807,0.9468632455303861,0.946852181543683,0.9468743095170893
16,Time plan 960,960,480,127.39791666666666,126.40253102192736,128.39330231140596,45,45,45,928.5955593067166,928.5748483708912,928.616270242542,44.860416666666666,44.82679688342158,44.89403644991175,44.860416666666666,44.82679688342158,44.89403644991175,82.5375,81.54665414931179,83.5283458506882,110.03678932892996,108.14641730900763,111.92716134885228,0.13958333333333334,0.10596355008824775,0.17320311657841891,0.9968981481481477,0.9961510418538124,0.997645254442483,0.8708333333333333,0.8407980963532459,0.9008685703134208,0.3325864018087858,0.33213389327117854,0.33303891034639305,0.3343944532534655,0.33413811412793193,0.3346507923789991,0.3330191449377498,0.3326145828491132,0.3334237070263864,0.9468658606579539,0.9468553166448421,0.9468764046710656
17,Greedy event,0,480,127.39791666666666,126.40253102192736,128.39330231140596,0,0,0,0,0,0,44.7625,44.6904231966023,44.8345768033977,44.7625,44.6904231966023,44.8345768033977,82.63541666666667,81.64531412880703,83.62551920452631,141.4863695167482,140.11758778977884,142.85515124371756,0,0,0,0,0,0,0,0,0,0.35746291244332223,0.35686571151313623,0.35806011337350824,0.35755760941301923,0.3569819075382547,0.35813331128778375,0.28497947814365854,0.2838211545319199,0.28613780175539716,0.949671560522095,0.9496502844657994,0.9496928365783907
17,Time plan 900,900,480,127.39791666666666,126.40253102192736,128.39330231140596,43,43,43,886.5442818474191,886.539767601655,886.5487960931833,42.97083333333333,42.9536889768042,42.98797768986246,42.97083333333333,42.9536889768042,42.98797768986246,84.42708333333333,83.4341644922551,85.42000217441155,108.34844308917361,106.5445382982829,110.15234788006433,0.029166666666666667,0.01202231013753554,0.046311023195797794,0.9993217054263568,0.9989229994605631,0.9997204113921505,0.975,0.9610182791565093,0.9889817208434907,0.3698311972737674,0.3685881721703364,0.3710742223771984,0.3723532218710897,0.3721996624892917,0.3725067812528877,0.25781558085514306,0.2566701320882129,0.25896102962207324,0.9491383719967895,0.9491333110429243,0.9491434329506547
17,Time plan 930,930,480,127.39791666666666,126.40253102192736,128.39330231140596,45,45,45,928.1246032547923,928.1129748215691,928.1362316880155,44.86875,44.83586296710182,44.90163703289818,44.86875,44.83586296710182,44.90163703289818,82.52916666666667,81.53863901160972,83.51969432172362,113.27501157002011,111.42162620068127,115.12839693935895,0.13125,0.09836296710181652,0.1641370328981835,0.9970833333333329,0.9963525103800399,0.9978141562866258,0.8791666666666667,0.8499777955084721,0.9083555378248612,0.30975165903218305,0.30701398773879884,0.31248933032556725,0.3566200767363548,0.35635252283976016,0.3568876306329495,0.33362826423146186,0.33087173112302254,0.3363847973399012,0.9496986479039387,0.949688939914106,0.9497083558937713
17,Time plan 960,960,480,127.39791666666666,126.40253102192736,128.39330231140596,46,46,46,948.9157058705897,948.899897906306,948.9315138348734,45.56041666666667,45.49839184123768,45.62244149209566,45.56041666666667,45.49839184123768,45.62244149209566,81.8375,80.85015091593019,82.82484908406983,114.65323240745734,112.80330951800354,116.50315529691113,0.4395833333333333,0.377558507904344,0.5016081587623227,0.9904438405797077,0.9890954748095122,0.9917922063499032,0.6708333333333333,0.6287506371614411,0.7129160295052255,0.34359601130107964,0.3424723416410048,0.34471968096115446,0.351264975334743,0.3507763246265357,0.3517536260429503,0.3051390133641778,0.30413791946819446,0.30614010726016117,0.9499028326223868,0.9498845232605373,0.9499211419842364
18,Greedy event,0,480,127.39791666666666,126.40253102192736,128.39330231140596,0,0,0,0,0,0,44.8625,44.7913564955497,44.933643504450295,44.8625,44.7913564955497,44.933643504450295,82.53541666666666,81.54514370148657,83.52568963184676,141.62354796246973,140.25879343719967,142.9883024877398,0,0,0,0,0,0,0,0,0,0.378724319486451,0.3780098802899712,0.37943875868293087,0.3790547066918383,0.3784523799755061,0.3796570334081704,0.24222097382170682,0.24096939146685917,0.24347255617655447,0.9522164630239426,0.9521966295299293,0.9522362965179558
18,Time plan 900,900,480,127.39791666666666,126.40253102192736,128.39330231140596,43,43,43,886.0883963891549,886.0883963891545,886.0883963891554,42.952083333333334,42.92973278617309,42.97443388049358,42.952083333333334,42.92973278617309,42.97443388049358,84.44583333333334,83.45354451686934,85.43812214979734,107.79776443892645,106.00765139530685,109.58787748254605,0.04791666666666667,0.025566119506421833,0.0702672138269115,0.9988856589147289,0.9983658787482116,0.9994054390812462,0.9604166666666667,0.9429554564671119,0.9778778768662215,0.3917494136527719,0.39008167526160803,0.39341715204393574,0.39580370647975305,0.3955906230397089,0.3960167899197972,0.21244687986746852,0.21089317063373597,0.21400058910120107,0.9516799853752794,0.9516737539565249,0.951686216794034
18,Time plan 930,930,480,127.39791666666666,126.40253102192736,128.39330231140596,45,45,45,927.6630663239133,927.6585520781491,927.6675805696775,44.8625,44.82856435693016,44.896435643069836,44.8625,44.82856435693016,44.896435643069836,82.53541666666666,81.54563312609427,83.52520020723905,114.44408598649986,112.60212172496965,116.28605024803007,0.1375,0.10356435693015856,0.17143564306984146,0.9969444444444437,0.9961903190428917,0.9976985698459958,0.875,0.8453825715700055,0.9046174284299945,0.30786276035549187,0.3020541367502674,0.31367138396071637,0.3789633251115785,0.3786697426002078,0.37925690762294917,0.3131739145329249,0.30734510429295886,0.319002724772891,0.9522126181027898,0.9522031567462056,0.952222079459374
18,Time plan 960,960,480,127.39791666666666,126.40253102192736,128.39330231140596,46,46,46,948.4522851154966,948.4444734960381,948.4600967349551,45.577083333333334,45.5165720492291,45.63759461743757,45.577083333333334,45.5165720492291,45.63759461743757,81.82083333333334,80.8336766204833,82.80799004618338,116.49862645973664,114.68585042072237,118.31140249875091,0.42291666666666666,0.36240538256243215,0.48342795077090117,0.9908061594202874,0.9894906967223692,0.9921216221182055,0.68125,0.6395182430816698,0.7229817569183302,0.3624303257550219,0.36083371826786603,0.3640269332421777,0.3730781632468935,0.3725725461735083,0.3735837803202787,0.26449151099808266,0.2630997178723688,0.2658833041237965,0.9524118478846524,0.952394977287468,0.9524287184818367
