setting,factor,level,demand,policy,pairs,delta_completion_rate_mean,delta_completion_rate_ci_low,delta_completion_rate_ci_high,delta_final_queue_mean,delta_final_queue_ci_low,delta_final_queue_ci_high,delta_mean_wait_mean,delta_mean_wait_ci_low,delta_mean_wait_ci_high,delta_peak_lae_db_mean,delta_peak_lae_db_ci_low,delta_peak_lae_db_ci_high,delta_peak_budget_utilization_mean,delta_peak_budget_utilization_ci_low,delta_peak_budget_utilization_ci_high,delta_population_weighted_equivalent_mean,delta_population_weighted_equivalent_ci_low,delta_population_weighted_equivalent_ci_high
budget_10,budget,10 missions,45,P0,30,0,0,0,0,0,0,0,0,0,0,0,0,2.3000219027884294,2.3000214723377583,2.3000223332391005,0,0,0
budget_10,budget,10 missions,45,P1,30,0,0,0,0,0,0,0,0,0,0,0,0,2.0251613687651435,2.0059440642275908,2.0443786733026963,0,0,0
budget_10,budget,10 missions,45,P2,30,-0.28481890571802865,-0.28789443266394316,-0.28174337877211414,433.6,428.4685968937258,438.73140310627423,1397.4016083634424,1358.8606223616039,1435.942594365281,-3.204976821431161,-3.2425787062229157,-3.1673749366394066,-0.04167538708393477,-0.04993350964827024,-0.0334172645195993,-202.82177368285338,-203.50930929838827,-202.13423806731848
budget_10,budget,10 missions,45,P3-U,30,-0.03766328217338121,-0.04046992944609377,-0.034856634900668655,57.4,53.1145015016558,61.685498498344195,380.85828447765573,352.6570541388228,409.0595148164887,0.37292779901736706,0.25904230433035474,0.48681329370437937,0.000028772582088039863,-0.000002015423860608948,0.00005956058803668867,-18.028274795859875,-18.615803111741897,-17.440746479977854
budget_10,budget,10 missions,45,P3-D,30,0.06465513703734142,0.06416294502104442,0.06514732905363843,-98.4,-98.57830465984976,-98.22169534015025,498.79613819931376,476.7369659367111,520.8553104619165,-1.3468559367907866,-1.3821595236013327,-1.3115523499802406,0.000007418186212641379,-0.000008471914827329827,0.000023308287252612584,-6.826542789064848,-6.851008266760331,-6.802077311369365
budget_10,budget,10 missions,80,P0,30,0,0,0,0,0,0,0,0,0,0,0,0,2.300022866872652,2.300022176056284,2.3000235576890202,0,0,0
budget_10,budget,10 missions,80,P1,30,0,0,0,0,0,0,0,0,0,0,0,0,1.9968454251475467,1.9758832157194413,2.017807634575652,0,0,0
budget_10,budget,10 missions,80,P2,30,-0.17059231392712246,-0.17199031959592045,-0.16919430825832446,456.46666666666664,453.92459457614484,459.00873875718844,1050.1638592073657,1031.9828835069554,1068.344834907776,-3.149753197944411,-3.2100503558914806,-3.0894560399973416,-0.029547182621517787,-0.042789639645752886,-0.016304725597282688,-205.8771113926584,-206.1408611619837,-205.6133616233331
budget_10,budget,10 missions,80,P3-U,30,-0.023399258218629336,-0.023676500117082652,-0.02312201632017602,62.6,62.124520907067314,63.07547909293269,378.085401275852,375.50771970297166,380.66308284873236,0.30772142580943296,0.23343325236642878,0.38200959925243716,0.00006446774411677329,0.0000324734543288872,0.00009646203390465938,-18.74116988786725,-18.806349084637723,-18.67599069109678
budget_10,budget,10 missions,80,P3-D,30,0.03675097829110309,0.03648988153895976,0.03701207504324642,-98.33333333333333,-98.50490707227003,-98.16175959439663,695.1318482800756,690.9059695728868,699.3577269872644,-1.3135418503205936,-1.313696278923233,-1.3133874217179542,-0.000010657894904630983,-0.00002075977021894403,-5.560195903179367e-7,-6.8356380930451435,-6.859211872724287,-6.812064313366
budget_30,budget,30 missions,45,P0,30,0,0,0,0,0,0,0,0,0,0,0,0,-0.7666739675961431,-0.7666741110797002,-0.7666738241125861,0,0,0
budget_30,budget,30 missions,45,P1,30,0,0,0,0,0,0,0,0,0,0,0,0,-0.6750537895883809,-0.6814595577675652,-0.6686480214091967,0,0,0
budget_30,budget,30 missions,45,P2,30,0.001048766960066083,0.0007767414840048676,0.0013207924361272987,-1.6,-2.0160442063161024,-1.183955793683898,-6.70077526645047,-8.351644258867463,-5.049906274033477,1.8183303962829815,1.8183298020246537,1.8183309905413094,0.012733508269959315,0.01273337712715872,0.01273363941275991,143.63538334442345,143.57837377386647,143.69239291498042
budget_30,budget,30 missions,45,P3-U,30,0.001690488811601143,-0.0036404270886477804,0.007021404711850067,-2.6333333333333333,-10.770424792200052,5.503758125533386,-73.67690258770726,-99.5910061435402,-47.76279903187432,1.5332667826668318,1.4148420968784763,1.6516914684551873,-0.0013837904763794688,-0.0020838687773056925,-0.0006837121754532453,10.200710487153708,8.990726142676937,11.41069483163048
budget_30,budget,30 missions,45,P3-D,30,0.09689696387021667,0.08598127641024894,0.10781265133018439,-147.66666666666666,-164.48850713162034,-130.84482620171298,34.821543216809296,-12.327279798024357,81.97036623164294,1.7837764503961215,1.7484525710752084,1.8191003297170347,0.000024394931034473395,0.000004245108539715397,0.00004454475352923139,39.3269508414745,37.2327378689356,41.4211638140134
budget_30,budget,30 missions,80,P0,30,0,0,0,0,0,0,0,0,0,0,0,0,-0.7666742889575507,-0.7666745192296734,-0.766674058685428,0,0,0
budget_30,budget,30 missions,80,P1,30,0,0,0,0,0,0,0,0,0,0,0,0,-0.6656151417158489,-0.6726025448585506,-0.6586277385731472,0,0,0
budget_30,budget,30 missions,80,P2,30,0.0006603836554757399,0.00052590793215947,0.0007948593787920099,-1.7666666666666666,-2.126767206054534,-1.4065661272787993,-9.154129474763067,-10.938221449725583,-7.37003749980055,1.8183309601557118,1.8183306165909054,1.8183313037205182,0.012733632560273423,0.012733556857407327,0.012733708263139519,143.65823092093086,143.6088780866572,143.70758375520452
budget_30,budget,30 missions,80,P3-U,30,0.01064392909996437,0.01024590857535078,0.01104194962457796,-28.466666666666665,-29.46445315170833,-27.468880181625,-142.7758313324909,-146.19542156019938,-139.3562411047824,1.4473090731169866,1.3955094726401065,1.4991086735938668,-0.002060340007121475,-0.002669753590913621,-0.0014509264233293294,14.061333846149902,13.924557539927019,14.198110152372784
budget_30,budget,30 missions,80,P3-D,30,0.037124708247201196,0.03686127800883408,0.037388138485568316,-99.33333333333333,-99.50490707227003,-99.16175959439663,-64.4236659107403,-68.58288338899662,-60.26444843248397,1.8185220258592096,1.8183677625080221,1.8186762892103971,-0.00000893077009023191,-0.00002242120888207299,0.000004559668701609171,33.33806315686608,33.31450333879838,33.36162297493377
source_minus_1,source level,-1 dB,45,P0,30,0,0,0,0,0,0,0,0,0,-0.9999999999999986,-1.0000000000000022,-0.9999999999999949,-0.47304956491931016,-0.4730496534508596,-0.47304947638776074,-163.5558005026517,-164.30632602343374,-162.80527498186964
source_minus_1,source level,-1 dB,45,P1,30,0,0,0,0,0,0,0,0,0,-1.0000000000000067,-1.0000000000000093,-1.000000000000004,-0.4165185136821148,-0.42047097063019434,-0.41256605673403524,-29.72543958892222,-29.84006832737944,-29.610810850465
source_minus_1,source level,-1 dB,45,P2,30,0.0009399745580097374,0.0006891601495980658,0.001190788966421409,-1.4333333333333333,-1.8171756540889596,-1.049491012577707,-5.024900043284663,-6.34216472251463,-3.7076353640546955,0.1792641129336,0.17926353695358224,0.17926468891361777,0.04031947075281665,0.04031934305974518,0.04031959844588812,-18.0022940517973,-18.144635099439455,-17.859953004155145
source_minus_1,source level,-1 dB,45,P3-U,30,0.03146562393162415,0.02679290041960674,0.03613834744364156,-48,-55.197513235945394,-40.802486764054606,-122.38779675895087,-141.24908550823417,-103.52650800966757,-0.029698075599283887,-0.1452145409632135,0.08581838976464573,-0.0006569209137482231,-0.0009762949565654835,-0.0003375468709309628,-22.928489530662045,-23.679049833680388,-22.177929227643702
source_minus_1,source level,-1 dB,45,P3-D,30,0.1603048889390913,0.1509131349056241,0.16969664297255851,-244.2,-258.98495817166656,-229.4150418283334,316.6528715277221,273.2262922383053,360.0794508171389,0.22263479584849885,0.1657068919646296,0.27956269973236814,0.000011700197577850051,-0.000009435373322747345,0.00003283576847844745,4.628141019446847,3.0217599384054106,6.234522100488284
source_minus_1,source level,-1 dB,80,P0,30,0,0,0,0,0,0,0,0,0,-0.9999999999999962,-0.9999999999999994,-0.999999999999993,-0.47304976320421427,-0.47304990528563623,-0.4730496211227923,-166.6936437537648,-166.75455079889852,-166.63273670863109
source_minus_1,source level,-1 dB,80,P1,30,0,0,0,0,0,0,0,0,0,-1.000000000000007,-1.0000000000000098,-1.0000000000000044,-0.410694723572836,-0.4150060581899937,-0.40638338895567827,-30.12114267078211,-30.13783059238521,-30.10445474917901
source_minus_1,source level,-1 dB,80,P2,30,0.0005974664562943155,0.00047873615644023723,0.0007161967561483938,-1.6,-1.9200666597236686,-1.2799333402763315,-7.535970081394483,-9.061382117091512,-6.0105580456974534,0.17926497223470694,0.17926458487853586,0.17926535959087803,0.040319663012423415,0.04031957686554965,0.04031974915929718,-18.565022576801287,-18.60926223373902,-18.520782919863553
source_minus_1,source level,-1 dB,80,P3-U,30,0.022621572943758498,0.022455278506394435,0.02278786738112256,-60.53333333333333,-60.86867112265954,-60.19799554400712,-139.04879592774336,-142.8943628550356,-135.2032290004511,-0.18041340977863266,-0.24464266911567512,-0.1161841504415902,0.00003467482742370853,-0.0000012360574928626297,0.00007058571234027969,-21.704513073705314,-21.747935484268734,-21.661090663141895
source_minus_1,source level,-1 dB,80,P3-D,30,0.11677828211608939,0.1160166614837859,0.11753990274839288,-312.46666666666664,-312.7745447337883,-312.158788599545,475.12172095766175,468.3074673753814,481.9359745399421,0.17945564290911875,0.17930132902806487,0.17960995679017264,-0.000007169130076338052,-0.00002158125089944798,0.000007242990746771875,12.044937876844378,12.008233361238194,12.081642392450561
source_plus_1,source level,+1 dB,45,P0,30,0,0,0,0,0,0,0,0,0,1.0000000000000033,0.9999999999999999,1.0000000000000069,0.5955341183151106,0.5955340068604934,0.5955342297697278,205.90455349912838,204.9596978488158,206.84940914944096
source_plus_1,source level,+1 dB,45,P1,30,0,0,0,0,0,0,0,0,0,1.0000000000000009,0.9999999999999986,1.000000000000003,0.5243657413571655,0.5193898928662055,0.5293415898481255,37.42211127524686,37.27780224348117,37.56642030701256
source_plus_1,source level,+1 dB,45,P2,30,-0.011814512827661206,-0.012453355513111617,-0.011175670142210796,18,16.987860352191127,19.012139647808873,43.605097269678105,37.53188382025381,49.6783107191024,-0.014103540812540416,-0.01410446886960034,-0.014102612755480493,-0.0031020629260541093,-0.00310226700917775,-0.003101858842930469,33.58366799564609,33.420230370164,33.74710562112818
source_plus_1,source level,+1 dB,45,P3-U,30,-0.13519614549238898,-0.13785519667999907,-0.1325370943047789,205.83333333333334,201.65479942849666,210.01186723817003,553.7577985180144,525.3472689078678,582.168328128161,0.2544281862966547,0.09009238517970442,0.418763987413605,0.00003807656778340718,0.00001019704807766032,0.00006595608748915404,1.0394352844819177,0.4653730754409614,1.6134974935228739
source_plus_1,source level,+1 dB,45,P3-D,30,0.05455804057574002,0.054119183696723486,0.054996897454756555,-83.03333333333333,-83.30704588216325,-82.75962078450341,652.8963298901729,636.0880877890935,669.7045719912522,0.2603679860965755,0.1571007452908097,0.36363522690234135,-0.006063947348049662,-0.008632547182829822,-0.003495347513269503,38.610854717891606,38.56834262793083,38.65336680785238
source_plus_1,source level,+1 dB,80,P0,30,0,0,0,0,0,0,0,0,0,1.000000000000005,1.0000000000000022,1.000000000000008,0.5955343679410149,0.5955341890711023,0.5955345468109274,209.8548641061816,209.7781866793055,209.9315415330577
source_plus_1,source level,+1 dB,80,P1,30,0,0,0,0,0,0,0,0,0,1,0.9999999999999977,1.0000000000000022,0.5170340239956388,0.5116063752873509,0.5224616727039267,37.92027194052555,37.89926309194938,37.941280789101725
source_plus_1,source level,+1 dB,80,P2,30,-0.008346086026817457,-0.008505591649764522,-0.008186580403870393,22.333333333333332,21.920129052404665,22.746537614262,42.222637370534386,40.505186494832095,43.94008824623668,-0.014102518352504489,-0.014103223100547083,-0.014101813604461895,-0.0031018380148885396,-0.003101992936160926,-0.003101683093616153,33.5671073347095,33.50589889639139,33.6283157730276
source_plus_1,source level,+1 dB,80,P3-U,30,-0.07883317516498432,-0.07937340126054737,-0.07829294906942127,210.93333333333334,210.6226000762009,211.24406659046576,373.16650944537713,368.07842178187593,378.25459710887833,-0.1760113966941333,-0.23570930173633095,-0.11631349165193564,0.000042559715368913524,0.000009019187194002828,0.00007610024354382422,0.336700670488663,0.29292352944897726,0.3804778115283487
source_plus_1,source level,+1 dB,80,P3-D,30,0.03078318253482879,0.030569039237190603,0.03099732583246698,-82.36666666666666,-82.54205833564752,-82.1912749976858,814.3866977002352,810.7415234723388,818.0318719281316,-0.005291581485244971,-0.022181158057980793,0.011597995087490853,-0.02066156009405706,-0.022907408673229088,-0.01841571151488503,38.49814043785075,38.47339003648099,38.52289083922051
validation_minus_rmse,validation error,-2.29 dB,45,P0,30,0,0,0,0,0,0,0,0,0,-2.2863840116087655,-2.286384011608768,-2.286384011608763,-0.9414157702346605,-0.9414159464212652,-0.9414155940480557,-325.4923401796477,-326.9859607505668,-323.99871960872866
validation_minus_rmse,validation error,-2.29 dB,45,P1,30,0,0,0,0,0,0,0,0,0,-2.2863840116087633,-2.2863840116087655,-2.286384011608761,-0.8289133453529967,-0.8367791285140707,-0.8210475621919227,-59.15658671188579,-59.38470932335915,-58.92846410041243
validation_minus_rmse,validation error,-2.29 dB,45,P2,30,0.0011142466327590083,0.000806160963429706,0.0014223323020883106,-1.7,-2.1712815494484956,-1.2287184505515043,-7.776803050181487,-10.026774642518507,-5.526831457844466,0.08892404416041112,0.08892341978396678,0.08892466853685546,0.019792489548941937,0.019792351515357933,0.01979262758252594,-53.55428945668759,-53.7887606925006,-53.31981822087458
validation_minus_rmse,validation error,-2.29 dB,45,P3-U,30,0.01364708499366992,0.01043375509010271,0.01686041489723713,-20.733333333333334,-25.623576185900895,-15.843090480765774,-25.52529057414242,-50.39715514020678,-0.6534260080780676,-0.2622187351059528,-0.3670871796878256,-0.15735029052407995,0.000047103878125961024,0.000023378607074751334,0.00007082914917717071,-54.30205756049148,-54.83336471803644,-53.77075040294651
validation_minus_rmse,validation error,-2.29 dB,45,P3-D,30,0.17711016002703858,0.1747095639749708,0.17951075607910635,-269.56666666666666,-272.84863954310634,-266.284693790227,298.841633314305,283.0784615486653,314.6048050799447,0.054482501685732626,0.019169997879896053,0.0897950054915692,0.00002151684065609949,0.000003130533567641444,0.000039903147744557535,-20.121658718339713,-20.419390497094273,-19.823926939585153
validation_minus_rmse,validation error,-2.29 dB,80,P0,30,0,0,0,0,0,0,0,0,0,-2.286384011608763,-2.286384011608765,-2.2863840116087606,-0.9414161648413775,-0.9414164475975645,-0.9414158820851904,-331.7369609132619,-331.85817200203445,-331.61574982448934
validation_minus_rmse,validation error,-2.29 dB,80,P1,30,0,0,0,0,0,0,0,0,0,-2.286384011608764,-2.2863840116087664,-2.286384011608762,-0.8173234227360151,-0.8259034082181774,-0.8087434372538528,-59.944075273801936,-59.97728590062553,-59.91086464697834
validation_minus_rmse,validation error,-2.29 dB,80,P2,30,0.0006727156322916243,0.0005396026547717735,0.000805828609811475,-1.8,-2.156609319699516,-1.443390680300484,-9.725594993353146,-11.536959723570181,-7.914230263136112,0.0889246774617798,0.08892426254392,0.08892509237963961,0.019792629487522584,0.019792537881357056,0.019792721093688112,-54.572723532919795,-54.62207856480741,-54.52336850103218
validation_minus_rmse,validation error,-2.29 dB,80,P3-U,30,0.014379093587056694,0.013913596136399954,0.014844591037713434,-38.5,-39.78422685717503,-37.21577314282497,-99.37109015079798,-106.98283461437389,-91.75934568722208,-0.31997861730973937,-0.37295988599100544,-0.2669973486284733,0.00004503395319844413,0.00001645327226901507,0.00007361463412787318,-53.14379054398887,-53.25319939558745,-53.03438169239029
validation_minus_rmse,validation error,-2.29 dB,80,P3-D,30,0.10212858928777206,0.10145507327979057,0.10280210529575355,-273.26666666666665,-273.47539512874414,-273.05793820458916,643.756291203863,637.5695566390971,649.943025768629,0.0891157985132556,0.08896151358872514,0.08927008343778606,0.00001051521962704971,-0.0000012588412597285512,0.00002228928051382797,-19.802169050421913,-19.828128328665276,-19.77620977217855
validation_plus_rmse,validation error,+2.29 dB,45,P0,30,0,0,0,0,0,0,0,0,0,2.2863840116087606,2.286384011608757,2.286384011608764,1.5937487983365126,1.593748500065336,1.5937490966076893,551.0349862736464,548.5063946934569,553.5635778538359
validation_plus_rmse,validation error,+2.29 dB,45,P1,30,0,0,0,0,0,0,0,0,0,2.2863840116087646,2.2863840116087624,2.286384011608767,1.4032903312764116,1.3899741293842205,1.4166065331686026,100.14782200032228,99.76162692116144,100.53401707948312
validation_plus_rmse,validation error,+2.29 dB,45,P2,30,-0.18953002193899532,-0.19241397432824178,-0.18664606954974886,288.56666666666666,283.72839370288807,293.40493963044526,881.0092917489303,845.5589011624213,916.4596823354393,-0.07470368946674834,-0.07470452873539961,-0.07470285019809707,-0.016316975101520727,-0.01631715802677892,-0.016316792176262532,30.25083537414718,29.587949277212136,30.913721471082223
validation_plus_rmse,validation error,+2.29 dB,45,P3-U,30,-0.2686076484580207,-0.271508111655523,-0.2657071852605184,408.8666666666667,404.7203289186888,413.01300441464457,1344.762996172563,1310.8860271060264,1378.6399652390994,0.27413918235970886,0.16943000002591924,0.3788483646934985,-0.000049616705261856796,-0.00007379587830493855,-0.000025437532218775033,2.257470718892383,1.6890347458130637,2.8259066919717024
validation_plus_rmse,validation error,+2.29 dB,45,P3-D,30,-0.08579553630752272,-0.08654764799284093,-0.08504342462220452,130.56666666666666,130.21904455272738,130.91428878060594,1476.9932843660415,1451.9898464138964,1501.9967223181866,-0.10782950572974101,-0.14313320969109883,-0.07252580176838319,-0.00005158250807181612,-0.0000688507649949357,-0.000034314251148696536,37.95644779628518,37.88116468219198,38.031730910378386
validation_plus_rmse,validation error,+2.29 dB,80,P0,30,0,0,0,0,0,0,0,0,0,2.286384011608764,2.286384011608761,2.2863840116087673,1.5937494663771383,1.593748987691368,1.5937499450629087,561.60667744872,561.4014758436649,561.8118790537751
validation_plus_rmse,validation error,+2.29 dB,80,P1,30,0,0,0,0,0,0,0,0,0,2.286384011608768,2.286384011608765,2.2863840116087712,1.3836694306842918,1.3691441359268728,1.3981947254417109,101.48098316984971,101.42475998104662,101.5372063586528
validation_plus_rmse,validation error,+2.29 dB,80,P2,30,-0.11550733436982359,-0.11626817657513136,-0.11474649216451582,309.06666666666666,308.569991066963,309.56334226637034,668.4441964825778,660.4940684266933,676.3943245384623,-0.07470240177100701,-0.07470336243839482,-0.0747014411036192,-0.0163166942169361,-0.01631690270693402,-0.016316485726938182,27.449814463332157,27.38175377206078,27.517875154603534
validation_plus_rmse,validation error,+2.29 dB,80,P3-U,30,-0.15467566804381558,-0.15570134886822343,-0.15364998721940773,413.8666666666667,413.57348133305203,414.1598520002813,968.6119612305134,958.9670140364408,978.2569084245861,0.2150600879719794,0.16207866338573465,0.2680415125582241,-0.000019556380185899632,-0.00004583582300409011,0.000006723062632290843,1.572068006734065,1.5318669261980056,1.6122690872701246
validation_plus_rmse,validation error,+2.29 dB,80,P3-D,30,-0.04890769899889945,-0.04922109043732713,-0.04859430756047177,130.86666666666667,130.55878859954504,131.1745447337883,1437.0424531605233,1430.895274671049,1443.1896316499976,-0.07451586224504562,-0.07466979900086543,-0.07436192548922582,-0.00006668468934171538,-0.00007679260886201749,-0.00005657676982141327,37.89317588783813,37.82637018583612,37.95998158984015
altitude_60,altitude,60 m,45,P0,30,0,0,0,0,0,0,0,0,0,1.2896130754886832,1.289613048349342,1.2896131026280244,0.7952390526702764,0.7952390516977025,0.7952390536428503,273.6101692575537,272.35462764273234,274.8657108723751
altitude_60,altitude,60 m,45,P1,30,0,0,0,0,0,0,0,0,0,1.2895320115685824,1.289522472628444,1.2895415505087209,0.7001561768465336,0.6935071890758073,0.70680516461726,46.34468760397026,46.165968220286466,46.52340698765405
altitude_60,altitude,60 m,45,P2,30,-0.05198418093552212,-0.053859806303284005,-0.05010855556776024,79.2,76.11682420781473,82.28317579218528,206.10988968724092,186.44367721495226,225.7761021595296,-0.0539480914639005,-0.05394880395661967,-0.05394737897118133,-0.011811604666584544,-0.01181176065351861,-0.011811448679650479,31.61270005707842,31.220273011920963,32.005127102235875
altitude_60,altitude,60 m,45,P3-U,30,-0.16807289079405033,-0.17073700690711957,-0.16540877468098109,255.86666666666667,251.72032891868878,260.01300441464457,698.486521948505,668.8245577698851,728.1484861271249,-0.12353437786914347,-0.25968375474571587,0.01261499900742892,-0.0006350049676563385,-0.0006601994888681693,-0.0006098104464445077,-0.10189050048639577,-0.6703349845941449,0.4665539836213533
altitude_60,altitude,60 m,45,P3-D,30,0.023194205332977426,0.02297537716071739,0.023413033505237463,-35.3,-35.51326277568824,-35.086737224311754,876.0277133388119,856.3400878228792,895.7153388547445,0.06716474161349832,-0.00835927227049188,0.14268875549748852,0.000032788858173874816,0.000016281239373206216,0.000049296476974543416,39.16586426370576,39.12961420148959,39.202114325921926
altitude_60,altitude,60 m,80,P0,30,0,0,0,0,0,0,0,0,0,1.2896130147044673,1.2896129711494209,1.2896130582595138,0.795239054848559,0.7952390532877064,0.7952390564094115,278.8594266307094,278.7575319929163,278.96132126850245
altitude_60,altitude,60 m,80,P1,30,0,0,0,0,0,0,0,0,0,1.289520624700585,1.2895097451985456,1.2895315042026245,0.690359818574139,0.6831064838984685,0.6976131532498094,46.961620333349934,46.93559527855172,46.987645388148145
altitude_60,altitude,60 m,80,P2,30,-0.03480744369279882,-0.035095228692268055,-0.03451965869332958,93.13333333333334,92.69523196120522,93.57143470546146,184.8167419104967,181.54940054187765,188.08408327911573,-0.0539471659839298,-0.05394791231455084,-0.05394641965330876,-0.011811401821415974,-0.011811564930536176,-0.011811238712295773,29.995575654758955,29.937168385079676,30.053982924438234
altitude_60,altitude,60 m,80,P3-U,30,-0.09749498476080616,-0.09815634346961903,-0.09683362605199329,260.8666666666667,260.57348133305203,261.1598520002813,468.3313004497135,461.9795500350781,474.68305086434896,-0.4628529006839917,-0.5158342084433037,-0.40987159292467973,-0.0006108952825185902,-0.0006369466272847475,-0.0005848439377524329,-0.7872842034194074,-0.8274814436973659,-0.747086963141449
altitude_60,altitude,60 m,80,P3-D,30,0.013143576653260164,0.013012806196716407,0.01327434710980392,-35.166666666666664,-35.39845002436133,-34.934883308972,992.6437294442162,988.9288548927404,996.358603995692,-0.0537584848609967,-0.05391268227666872,-0.05360428744532468,0.000011182640138381512,-0.000002226716201396736,0.000024591996478159762,39.14469901985055,39.105781980180794,39.183616059520304
altitude_120,altitude,120 m,45,P0,30,0,0,0,0,0,0,0,0,0,-1.8410774566954278,-1.8410775123012288,-1.8410774010896267,-0.7947303354654641,-0.7947307099707862,-0.794729960960142,-270.69047818513,-271.93262194901166,-269.4483344212484
altitude_120,altitude,120 m,45,P1,30,0,0,0,0,0,0,0,0,0,-1.8408474674217226,-1.840874843548806,-1.840820091294639,-0.6996873190831081,-0.706334603816064,-0.6930400343501522,-38.93659988136335,-39.086751361506245,-38.786448401220454
altitude_120,altitude,120 m,45,P2,30,0.001048766960066083,0.0007767414840048676,0.0013207924361272987,-1.6,-2.0160442063161024,-1.183955793683898,-6.79631066936358,-8.450463128745955,-5.142158209981203,0.17308513365768807,0.17308450957763777,0.17308575773773838,0.038901844760412425,0.038901705955725424,0.03890198356509943,-35.45045585429338,-35.63015386318123,-35.270757845405534
altitude_120,altitude,120 m,45,P3-U,30,-0.0708455179301608,-0.0744763500675234,-0.06721468579279821,107.9,102.31236986883003,113.48763013116998,220.8699561866221,186.42303101633584,255.31688135690834,-0.18449795581600342,-0.2901051297463121,-0.07889078188569473,0.00008325732726351953,0.000058705563129684594,0.00010780909139735446,-53.79764476890865,-54.467455095766525,-53.12783444205077
altitude_120,altitude,120 m,45,P3-D,30,0.0771398455054162,0.07654896967942833,0.07773072133140406,-117.4,-117.57830465984976,-117.22169534015025,659.4424211847484,642.270604945103,676.6142374243938,0.13220328097568199,0.09675795648107174,0.16764860547029223,-0.00003772633041001875,-0.00005397109814756419,-0.000021481562672473318,-21.872224166250145,-21.896668372624546,-21.847779959875744
altitude_120,altitude,120 m,80,P0,30,0,0,0,0,0,0,0,0,0,-1.8410773321546496,-1.8410774213945837,-1.8410772429147155,-0.7947311742483877,-0.7947317752798737,-0.7947305732169017,-275.8837207475492,-275.9845280248605,-275.78291347023793
altitude_120,altitude,120 m,80,P1,30,0,0,0,0,0,0,0,0,0,-1.8408148288401605,-1.8408460496922545,-1.8407836079880664,-0.6898942307869949,-0.6971461759530378,-0.6826422856209519,-39.45491745031095,-39.47678236542168,-39.433052535200225
altitude_120,altitude,120 m,80,P2,30,0.0006727156322916243,0.0005396026547717735,0.000805828609811475,-1.8,-2.156609319699516,-1.443390680300484,-9.482690802850145,-11.293076482969683,-7.672305122730608,0.17308586564569925,0.173085465700817,0.1730862655905815,0.0389020077279793,0.03890191871853299,0.038902096737425604,-36.191270630808305,-36.23906326346209,-36.143477998154516
altitude_120,altitude,120 m,80,P3-U,30,-0.041061761389992936,-0.04137081805823741,-0.04075270472174846,109.86666666666666,109.57348133305199,110.15985200028133,149.08968125051743,146.0449828651569,152.13437963587796,-0.23581853189482208,-0.28879982203657983,-0.18283724175306434,0.00011820061780883535,0.0000919358502790448,0.0001444653853386259,-54.204903795564874,-54.245109703505626,-54.16469788762412
altitude_120,altitude,120 m,80,P3-D,30,0.04385184745696702,0.04354623453034258,0.04415746038359146,-117.33333333333333,-117.50490707227003,-117.16175959439663,850.7352180261635,846.8371031150964,854.6333329372305,0.1732758839281729,0.17312159626096277,0.17343017159538301,-0.00004915562046060214,-0.00006216196869257294,-0.000036149272228631336,-21.88130994951587,-21.904849215759487,-21.857770683272253
speed_10,speed,10 m/s,45,P0,30,-0.17612203006813207,-0.1790218293837742,-0.17322223075248994,268.1666666666667,263.2627632405927,273.0705700927407,875.6829893641718,839.6806976776664,911.6852810506772,0.4481229208578829,0.44812277892979085,0.44812306278597497,0.2500035251253595,0.25000289991824765,0.25000415033247136,102.09399855810449,98.49182582290557,105.69617129330341
speed_10,speed,10 m/s,45,P1,30,-0.15803376015826062,-0.1605202812849273,-0.15554723903159395,240.6,236.55733530464366,244.64266469535633,813.0231630854863,783.0684395600359,842.9778866109367,0.6775089430632363,0.6273951915645279,0.7276226945619446,0.34249520860429,0.3160220528929386,0.3689683643156414,22.78560779138869,22.22826641196362,23.342949170813757
speed_10,speed,10 m/s,45,P2,30,-0.1751614588080273,-0.17802007424362645,-0.17230284337242815,266.7,261.88416934272595,271.515830657274,873.0078680949649,837.990005837048,908.0257303528819,0.11701713408758489,0.11701636955242474,0.11701789862274505,0.026130088532432424,0.026129917320183802,0.026130259744681045,26.390069104820594,25.72748482020815,27.052653389433036
speed_10,speed,10 m/s,45,P3-U,30,-0.22320354139060167,-0.22596722598688518,-0.22043985679431816,339.76666666666665,335.63638747615533,343.89694585717797,1054.5391269448223,1022.3866604337373,1086.6915934559074,1.3487296272983438,1.239403138991182,1.4580561156055056,-0.00009113039435907726,-0.0001412215123189238,-0.000041039276399230704,-0.651975423707277,-1.2174959339977622,-0.0864549134167919
speed_10,speed,10 m/s,45,P3-D,30,-0.044552658313709345,-0.04496951655821144,-0.04413580006920725,67.8,67.58162228230378,68.01837771769621,1163.5098020522119,1139.6186589794456,1187.400945124978,0.6985104823468191,0.6021973570061213,0.7948236076875169,-0.000038592221867602326,-0.00005847304166914474,-0.000018711402066059914,35.786489017062955,35.74982415244309,35.82315388168282
speed_10,speed,10 m/s,80,P0,30,-0.10737294426106413,-0.10808000482474188,-0.10666588369738637,287.3,286.95921982681386,287.64078017318616,676.6425660190059,669.6463174805077,683.6388145575041,0.4481226638519516,0.4481225097670397,0.4481228179368635,0.2500024706599635,0.25000182603617443,0.2500031152837526,88.63734931309108,88.40283807149905,88.87186055468311
speed_10,speed,10 m/s,80,P1,30,-0.09457800203180648,-0.0952215560214301,-0.09393444804218286,253.06666666666666,252.40929066842432,253.724042664909,609.9869647496957,603.0582350139873,616.9156944854042,0.6845364562508341,0.6399362207794217,0.7291366917222466,0.3408327082768611,0.3181325631904006,0.36353285336332153,21.18386442343597,21.0856366254501,21.28209222142184
speed_10,speed,10 m/s,80,P2,30,-0.10676149033371193,-0.10745703894853215,-0.10606594171889172,285.6666666666667,285.16644755758733,286.16688577574604,670.8713198336791,663.6057069189478,678.1369327484103,0.11701790351984868,0.11701721248687108,0.11701859455282629,0.02613025941448112,0.026130104032041128,0.02613041479692111,23.901752869885854,23.828898562015127,23.97460717775658
speed_10,speed,10 m/s,80,P3-U,30,-0.12882492333885484,-0.12966983268835258,-0.1279800139893571,344.7,344.2996408508903,345.1003591491097,743.6437874067572,735.8763395849676,751.4112352285467,1.2357807856924121,1.1568863667431957,1.3146752046416286,-0.00007764752817958816,-0.00011243422210856463,-0.000042860834250611687,-1.323693419635011,-1.390542299131041,-1.256844540138981
speed_10,speed,10 m/s,80,P3-D,30,-0.025450412980285785,-0.025625953768435086,-0.025274872192136484,68.1,67.8631909445658,68.33680905543419,1178.1597310823277,1173.6564903614417,1182.6629718032136,0.6782630951151674,0.6326102661476917,0.723915924082643,-0.0000830693196248511,-0.00010761008508794801,-0.000058528554161754184,35.72930142349001,35.68730768675277,35.77129516022725
speed_20,speed,20 m/s,45,P0,30,0.11086193679272001,0.1091884602243054,0.11253541336113462,-168.83333333333334,-171.98966065248038,-165.6770060141863,-386.55804126383197,-405.37717971467544,-367.7389028129885,-0.39508564904169485,-0.3950857928554234,-0.3950855052279663,-0.200002682240187,-0.20000323992831784,-0.20000212455205615,-105.77964579157641,-107.30410209084849,-104.25518949230434
speed_20,speed,20 m/s,45,P1,30,0.10944289743279402,0.107012482954323,0.11187331191126504,-166.7,-170.97368452301978,-162.4263154769802,-397.7048992508601,-424.92766597602554,-370.4821325256946,-0.4877070129259778,-0.5359845393248978,-0.4394294865270578,-0.21498960303048134,-0.2361336923445151,-0.1938455137164476,-18.99142584330853,-19.39470392081204,-18.58814776580502
speed_20,speed,20 m/s,45,P2,30,0.09246635741623845,0.09079454202687644,0.09413817280560045,-140.83333333333334,-143.9031370761086,-137.76352959055808,-337.1694469110189,-356.3105946336142,-318.0282991884236,0.10554476858927113,0.10541720138105719,0.10567233579748507,0.023537055244829477,0.023508258935887892,0.023565851553771062,-15.380968296216343,-15.642202393877993,-15.119734198554694
speed_20,speed,20 m/s,45,P3-U,30,0.10630988817503324,0.09850674408247907,0.11411303226758741,-161.96666666666667,-174.1719948392627,-149.76133849407063,-402.93730006651356,-442.599423728256,-363.2751764047711,0.17937669429070316,0.060340117884356656,0.29841327069704965,-0.000174925697198484,-0.00037039124681763846,0.000020539852420670482,-17.956737725199446,-19.227153187971183,-16.68632226242771
speed_20,speed,20 m/s,45,P3-D,30,0.2591313284752011,0.2485179032404807,0.26974475370992146,-394.76666666666665,-411.8666432138935,-377.6666901194398,-8.222500825622781,-70.24219969252387,53.79719804127831,0.5181829559246381,0.402375232726519,0.6339906791227573,0.00002628341134504053,0.000006793326640744564,0.0000457734960493365,14.053530025018663,12.345595206766813,15.761464843270513
speed_20,speed,20 m/s,80,P0,30,0.08813853185140626,0.08751447992841971,0.0887625837743928,-235.83333333333334,-236.49838908820516,-235.16827757846153,-508.4803917520161,-514.1617482711317,-502.79903523290045,-0.39508579476516653,-0.39508597641652293,-0.39508561311381013,-0.2000033073681375,-0.20000402814152587,-0.20000258659474915,-72.67679105638082,-73.01946052457097,-72.33412158819067
speed_20,speed,20 m/s,80,P1,30,0.08457364755445763,0.08397527622923122,0.08517201887968405,-226.3,-227.13076068175187,-225.46923931824816,-497.1607899780736,-502.72931208489996,-491.5922678712472,-0.43461392611345107,-0.4918321347129534,-0.37739571751394874,-0.1904198244434621,-0.21607396155489828,-0.1647656873320259,-13.344140721851437,-13.444675483866407,-13.243605959836467
speed_20,speed,20 m/s,80,P2,30,0.07257717903681307,0.072086733509496,0.07306762456413014,-194.2,-194.78234058052323,-193.61765941947675,-438.36734897055777,-442.87632839311107,-433.8583695480045,0.1055458276591717,0.10541833784197886,0.10567331747636453,0.023537291368930978,0.023508512178897874,0.02356607055896408,-10.599627726429514,-10.667899251404714,-10.531356201454313
speed_20,speed,20 m/s,80,P3-U,30,0.08667759515877492,0.0861599369712637,0.08719525334628614,-231.93333333333334,-232.34224074587394,-231.52442592079274,-488.3031742490393,-494.7716060847116,-481.83474241336694,-0.2982306763225949,-0.35208478819856187,-0.24437656444662798,0.00005660722361526816,0.000024989477410525257,0.00008822496982001106,-10.933603140913693,-10.98360841202383,-10.883597869803555
speed_20,speed,20 m/s,80,P3-D,30,0.16418000340047298,0.16311428384140486,0.1652457229595411,-439.3,-439.49144123674495,-439.1085587632551,229.85773770831344,220.29411549174407,239.4213599248828,0.11090953620238793,0.10045831811566426,0.1213607542891116,6.162885911450052e-7,-0.000010035660427993988,0.000011268237610283999,18.51097616373984,18.485645805942724,18.536306521536957
weight_0,route weight,0 km,45,P0,30,0,0,0,0,0,0,0,0,0,0,0,0,0,0,0,0,0,0
weight_0,route weight,0 km,45,P1,30,0.0185261865820272,0.017574652348348405,0.019477720815705996,-28.233333333333334,-29.756430822559096,-26.710235844107572,-75.19328475873833,-85.21023625351508,-65.17633326396158,0.5541957535568552,0.5128213200212929,0.5955701870924176,0.27486053402328564,0.25564341107447824,0.29407765697209304,650.6987516459566,647.5825052777813,653.8149980141319
weight_0,route weight,0 km,45,P2,30,0,0,0,0,0,0,0,0,0,0,0,0,0,0,0,0,0,0
weight_0,route weight,0 km,45,P3-U,30,0,0,0,0,0,0,0,0,0,0,0,0,0,0,0,0,0,0
weight_0,route weight,0 km,45,P3-D,30,0,0,0,0,0,0,0,0,0,0,0,0,0,0,0,0,0,0
weight_0,route weight,0 km,80,P0,30,0,0,0,0,0,0,0,0,0,0,0,0,0,0,0,0,0,0
weight_0,route weight,0 km,80,P1,30,0.013068082979795581,0.012794859903703146,0.013341306055888017,-34.96666666666667,-35.66032127834781,-34.27301205498553,-79.17001473992497,-82.14649040600071,-76.19353907384922,0.6156326323234197,0.5707288615582714,0.660536403088568,0.30317744172510486,0.2822150191650546,0.3241398642851551,664.0313554945072,663.7295815095866,664.3331294794278
weight_0,route weight,0 km,80,P2,30,0,0,0,0,0,0,0,0,0,0,0,0,0,0,0,0,0,0
weight_0,route weight,0 km,80,P3-U,30,0,0,0,0,0,0,0,0,0,0,0,0,0,0,0,0,0,0
weight_0,route weight,0 km,80,P3-D,30,0,0,0,0,0,0,0,0,0,0,0,0,0,0,0,0,0,0
weight_0_70,route weight,0.70 km,45,P0,30,0,0,0,0,0,0,0,0,0,0,0,0,0,0,0,0,0,0
weight_0_70,route weight,0.70 km,45,P1,30,0,0,0,0,0,0,0,0,0,0,0,0,0,0,0,0,0,0
weight_0_70,route weight,0.70 km,45,P2,30,0,0,0,0,0,0,0,0,0,0,0,0,0,0,0,0,0,0
weight_0_70,route weight,0.70 km,45,P3-U,30,0,0,0,0,0,0,0,0,0,0,0,0,0,0,0,0,0,0
weight_0_70,route weight,0.70 km,45,P3-D,30,0,0,0,0,0,0,0,0,0,0,0,0,0,0,0,0,0,0
weight_0_70,route weight,0.70 km,80,P0,30,0,0,0,0,0,0,0,0,0,0,0,0,0,0,0,0,0,0
weight_0_70,route weight,0.70 km,80,P1,30,0,0,0,0,0,0,0,0,0,0,0,0,0,0,0,0,0,0
weight_0_70,route weight,0.70 km,80,P2,30,0,0,0,0,0,0,0,0,0,0,0,0,0,0,0,0,0,0
weight_0_70,route weight,0.70 km,80,P3-U,30,0,0,0,0,0,0,0,0,0,0,0,0,0,0,0,0,0,0
weight_0_70,route weight,0.70 km,80,P3-D,30,0,0,0,0,0,0,0,0,0,0,0,0,0,0,0,0,0,0
