setting,factor,level,demand,policy,runs,requests_mean,requests_ci_low,requests_ci_high,dispatched_mean,dispatched_ci_low,dispatched_ci_high,completion_rate_mean,completion_rate_ci_low,completion_rate_ci_high,final_queue_mean,final_queue_ci_low,final_queue_ci_high,peak_queue_mean,peak_queue_ci_low,peak_queue_ci_high,mean_wait_mean,mean_wait_ci_low,mean_wait_ci_high,peak_lae_db_mean,peak_lae_db_ci_low,peak_lae_db_ci_high,peak_budget_utilization_mean,peak_budget_utilization_ci_low,peak_budget_utilization_ci_high,population_weighted_equivalent_mean,population_weighted_equivalent_ci_low,population_weighted_equivalent_ci_high,route_1_share_mean,route_1_share_ci_low,route_1_share_ci_high,route_2_share_mean,route_2_share_ci_low,route_2_share_ci_high,route_3_share_mean,route_3_share_ci_low,route_3_share_ci_high
reference,reference,reference,45,P0,30,1522.6,1510.4792169594023,1534.7207830405976,1082.4333333333334,1077.4662661829288,1087.400400483738,0.7111663941437382,0.706040144284621,0.7162926440028553,440.1666666666667,429.25988588711584,451.07344744621753,440.1666666666667,429.25988588711584,451.07344744621753,1055.3615446085862,1029.3655727143296,1081.3575165028428,79.92322632366836,79.92322621786519,79.92322642947153,2.3000219027884294,2.3000214723377583,2.3000223332391005,795.2272898683666,791.5781476549183,798.8764320818149,0,0,0,1,1,1,0,0,0
reference,reference,reference,45,P1,30,1522.6,1510.4792169594023,1534.7207830405976,1054.2,1050.134679823442,1058.2653201765581,0.6926402075617109,0.6875107729364932,0.6977696421869285,468.4,457.1710525810327,479.62894741896724,468.4,457.1710525810327,479.62894741896724,1130.554829367324,1100.4489010169307,1160.6607577177172,79.36903057011152,79.32765609221192,79.41040504801111,2.0251613687651435,2.0059440642275908,2.0443786733026963,144.52853822241016,143.97119998833827,145.08587645648205,0.8025191238908493,0.7982111752747614,0.8068270725069373,0,0,0,0.19748087610915074,0.19317292749306275,0.20178882472523874
reference,reference,reference,45,P2,30,1522.6,1510.4792169594023,1534.7207830405976,1080.4666666666667,1075.6201412912499,1085.3131920420835,0.7098773754809252,0.704748916702743,0.7150058342591075,442.1333333333333,431.1951609699382,453.0715056967285,442.1333333333333,431.1951609699382,453.0715056967285,1065.3102467559734,1039.0995079574602,1091.5209855544865,76.11405999197136,76.11405944574432,76.1140605381984,0.9567792349258825,0.9567791145884299,0.956779355263335,420.6212501260365,419.95679321466343,421.28570703740957,0.4118466324931587,0.4103548224560486,0.41333844253026886,0.4221050616179226,0.4201791727419893,0.4240309504938559,0.16604830588891864,0.1639320415706934,0.16816457020714387
reference,reference,reference,45,P3-U,30,1522.6,1510.4792169594023,1534.7207830405976,1022.8666666666667,1018.7203289186888,1027.0130044146447,0.6720608589526464,0.6668708203594009,0.677250897545892,499.73333333333335,488.21348867707974,511.25317798958696,499.73333333333335,488.21348867707974,511.25317798958696,1198.5540293497866,1164.132847499678,1232.975211199895,76.46388157167071,76.35917241309988,76.56859073024154,0.9999092913229648,0.9998851705915303,0.9999334120543993,344.6025408291065,344.03408055995146,345.1710010982615,0.33520412788813353,0.3340279221022406,0.3363803336740265,0.33439708154097025,0.33300302068198573,0.3357911423999548,0.3303987905708963,0.3278441601034388,0.33295342103835374
reference,reference,reference,45,P3-D,30,1522.6,1510.4792169594023,1534.7207830405976,751.6,751.4216953401502,751.7783046598498,0.4938712944291603,0.4898418387962484,0.4979007500620722,771,758.8154858411442,783.1845141588558,771,758.8154858411442,783.1845141588558,925.6983305756415,895.1914686235261,956.2051925277569,76.14718033487902,76.11187682495179,76.18248384480626,0.9999476332804363,0.9999319040192856,0.9999633625415871,314.5825561592679,314.55811043540587,314.6070018831299,0.30619068192764254,0.30397017488624284,0.30841118896904224,0.4709954103748197,0.47088364476870087,0.4711071759809385,0.22281390769753803,0.220606210724953,0.22502160467012305
reference,reference,reference,80,P0,30,2676.5666666666666,2659.2863673202455,2693.8469660130877,1103.2,1102.7968929864567,1103.6031070135434,0.41229896804455374,0.40964525550164715,0.4149526805874603,1573.3666666666666,1556.073135939942,1590.6601973933912,1573.3666666666666,1556.073135939942,1590.6601973933912,2648.3273239238706,2615.070868884355,2681.583778963386,79.92322656063666,79.92322639083659,79.92322673043674,2.300022866872652,2.300022176056284,2.3000235576890202,810.4838480396191,810.187710915245,810.7799851639933,0,0,0,1,1,1,0,0,0
reference,reference,reference,80,P1,30,2676.5666666666666,2659.2863673202455,2693.8469660130877,1068.2333333333333,1067.6413417728675,1068.8253248937992,0.3992308850647583,0.39665460171677575,0.40180716841274083,1608.3333333333333,1591.0372877462578,1625.6293789204087,1608.3333333333333,1591.0372877462578,1625.6293789204087,2727.4973386637953,2694.0643224194,2760.9303549081906,79.30759392831322,79.26269021012749,79.35249764649896,1.9968454251475467,1.9758832157194413,2.017807634575652,146.45249254511185,146.3713539329123,146.5336311573114,0.7988650283002067,0.7952378390830114,0.802492217517402,0,0,0,0.20113497169979336,0.19750778248259807,0.20476216091698865
reference,reference,reference,80,P2,30,2676.5666666666666,2659.2863673202455,2693.8469660130877,1101.0666666666666,1100.569991066963,1101.5633422663702,0.4115014595995195,0.4088553874054842,0.4141475317935548,1575.5,1558.2153401610815,1592.7846598389185,1575.5,1558.2153401610815,1592.7846598389185,2660.8308165716667,2627.575518920735,2694.0861142225986,76.11405945041517,76.11405904847486,76.11405985235548,0.9567791156174781,0.9567790270673998,0.9567792041675564,423.4454474216337,423.37736835916945,423.5135264840979,0.4109657569209284,0.41004871401696313,0.4118827998248937,0.4141444976108028,0.41395739871476145,0.41433159650684415,0.1748897454682687,0.17391740720409526,0.1758620837324421
reference,reference,reference,80,P3-U,30,2676.5666666666666,2659.2863673202455,2693.8469660130877,1027.8666666666666,1027.5734813330519,1028.1598520002813,0.38414586108804943,0.3816490046659796,0.38664271751011925,1648.7,1631.3448731719302,1666.05512682807,1648.7,1631.3448731719302,1666.05512682807,2781.1035295182796,2748.2640155469476,2813.9430434896117,76.52296079198844,76.46997958636105,76.57594199761583,0.9998791700606117,0.9998530637068972,0.9999052764143261,345.28796469574434,345.24776392166876,345.3281654698199,0.3337010740276268,0.33360590852464234,0.3337962395306112,0.3327281845989748,0.33263329654643636,0.33282307265151323,0.3335707413733985,0.33338068781787566,0.3337607949289213
reference,reference,reference,80,P3-D,30,2676.5666666666666,2659.2863673202455,2693.8469660130877,751.6666666666666,751.49509292773,751.8382404056033,0.28091948439228265,0.27913088279138754,0.28270808599317776,1924.9,1907.667380159282,1942.1326198407182,1924.9,1907.667380159282,1942.1326198407182,2176.8720640037195,2145.638764952559,2208.10536305488,76.11386637616543,76.11371214027562,76.11402061205524,0.9999654989093275,0.9999553892402765,0.9999756085783785,314.5916464199952,314.56809614840654,314.61519669158383,0.30070904278928334,0.29983681622636715,0.30158126935219953,0.47095362212086034,0.47084607561622893,0.47106116862549174,0.2283373350898566,0.2274941374733521,0.2291805327063611
budget_10,budget,10 missions,45,P0,30,1522.6,1510.4792169594023,1534.7207830405976,1082.4333333333334,1077.4662661829288,1087.400400483738,0.7111663941437382,0.706040144284621,0.7162926440028553,440.1666666666667,429.25988588711584,451.07344744621753,440.1666666666667,429.25988588711584,451.07344744621753,1055.3615446085862,1029.3655727143296,1081.3575165028428,79.92322632366836,79.92322621786519,79.92322642947153,4.600043805576859,4.600042944675517,4.600044666478201,795.2272898683666,791.5781476549183,798.8764320818149,0,0,0,1,1,1,0,0,0
budget_10,budget,10 missions,45,P1,30,1522.6,1510.4792169594023,1534.7207830405976,1054.2,1050.134679823442,1058.2653201765581,0.6926402075617109,0.6875107729364932,0.6977696421869285,468.4,457.1710525810327,479.62894741896724,468.4,457.1710525810327,479.62894741896724,1130.554829367324,1100.4489010169307,1160.6607577177172,79.36903057011152,79.32765609221192,79.41040504801111,4.050322737530287,4.0118881284551815,4.088757346605393,144.52853822241016,143.97119998833827,145.08587645648205,0.8025191238908493,0.7982111752747614,0.8068270725069373,0,0,0,0.19748087610915074,0.19317292749306275,0.20178882472523874
budget_10,budget,10 missions,45,P2,30,1522.6,1510.4792169594023,1534.7207830405976,646.8666666666667,645.3232657545641,648.4100675787693,0.4250584697628967,0.4213442625279563,0.42877267699783705,875.7333333333333,863.2966868646516,888.1699798020151,875.7333333333333,863.2966868646516,888.1699798020151,2462.711855119416,2419.3129572393755,2506.110752999457,72.90908317054021,72.87148130844179,72.94668503263864,0.9151038478419479,0.906845730277088,0.9233619654068077,217.79947644318307,217.64212351935367,217.95682936701246,0.33298115865469263,0.3325015586074279,0.33346075870195735,0.33403768269061457,0.3330784825960852,0.33499688278514395,0.33298115865469263,0.3325015586074279,0.33346075870195735
budget_10,budget,10 missions,45,P3-U,30,1522.6,1510.4792169594023,1534.7207830405976,965.4666666666667,965.1313288773405,965.8020044559929,0.6343975767792656,0.6292854002944979,0.6395097532640333,557.1333333333333,545.0303656367255,569.2363010299412,557.1333333333333,545.0303656367255,569.2363010299412,1579.412313827442,1535.0032248263528,1623.821402828531,76.83680937068809,76.79010448711229,76.88351425426389,0.9999380639050527,0.9999218588101427,0.9999542689999626,326.5742660332466,326.5283211296329,326.6202109368603,0.3428396992879241,0.342720529081396,0.34295886949445226,0.3366250823824028,0.33650807236088726,0.33674209240391834,0.32053521832967286,0.3202990381016292,0.3207713985577165
budget_10,budget,10 missions,45,P3-D,30,1522.6,1510.4792169594023,1534.7207830405976,850,850,850,0.5585264314665018,0.5540184891932322,0.5630343737397715,672.6,660.4792169594023,684.7207830405978,672.6,660.4792169594023,684.7207830405978,1424.4944687749557,1381.2766747185367,1467.7122628313748,74.80032439808824,74.80032363283955,74.80032516333692,0.999955051466649,0.9999546792927716,0.9999554236405264,307.75601337020305,307.7559543411823,307.7560723992238,0.32443137254901955,0.3235285525566965,0.3253341925413426,0.3764705882352944,0.3764705882352943,0.3764705882352945,0.29909803921568634,0.2981952192233633,0.3000008592080094
budget_10,budget,10 missions,80,P0,30,2676.5666666666666,2659.2863673202455,2693.8469660130877,1103.2,1102.7968929864567,1103.6031070135434,0.41229896804455374,0.40964525550164715,0.4149526805874603,1573.3666666666666,1556.073135939942,1590.6601973933912,1573.3666666666666,1556.073135939942,1590.6601973933912,2648.3273239238706,2615.070868884355,2681.583778963386,79.92322656063666,79.92322639083659,79.92322673043674,4.600045733745304,4.600044352112568,4.6000471153780405,810.4838480396191,810.187710915245,810.7799851639933,0,0,0,1,1,1,0,0,0
budget_10,budget,10 missions,80,P1,30,2676.5666666666666,2659.2863673202455,2693.8469660130877,1068.2333333333333,1067.6413417728675,1068.8253248937992,0.3992308850647583,0.39665460171677575,0.40180716841274083,1608.3333333333333,1591.0372877462578,1625.6293789204087,1608.3333333333333,1591.0372877462578,1625.6293789204087,2727.4973386637953,2694.0643224194,2760.9303549081906,79.30759392831322,79.26269021012749,79.35249764649896,3.9936908502950934,3.9517664314388825,4.035615269151304,146.45249254511185,146.3713539329123,146.5336311573114,0.7988650283002067,0.7952378390830114,0.802492217517402,0,0,0,0.20113497169979336,0.19750778248259807,0.20476216091698865
budget_10,budget,10 missions,80,P2,30,2676.5666666666666,2659.2863673202455,2693.8469660130877,644.6,642.1250525327763,647.0749474672238,0.24090914567239702,0.23905341730080554,0.2427648740439885,2031.9666666666667,2014.3704057803284,2049.562927553005,2031.9666666666667,2014.3704057803284,2049.562927553005,3710.994675779032,3676.629621145551,3745.3597304125133,72.96430625247078,72.90400918543412,73.02460331950743,0.9272319329959603,0.9139894959999034,0.9404743699920172,217.5683360289752,217.3160118620425,217.82066019590792,0.3322768092974115,0.33150773827189217,0.3330458803229308,0.33544638140517696,0.3339082393541383,0.3369845234562156,0.3322768092974115,0.33150773827189217,0.3330458803229308
budget_10,budget,10 missions,80,P3-U,30,2676.5666666666666,2659.2863673202455,2693.8469660130877,965.2666666666667,964.9420339180784,965.5912994152549,0.3607466028694201,0.3584762238227428,0.36301698191609744,1711.3,1694.1542584597364,1728.4457415402635,1711.3,1694.1542584597364,1728.4457415402635,3159.1889307941315,3126.2972222621547,3192.080639326108,76.83068221779786,76.787822273555,76.87354216204072,0.9999436378047284,0.9999299849579867,0.9999572906514701,326.54679480787706,326.50231449562693,326.5912751201272,0.34284166590665816,0.3426878484118968,0.3429954834014195,0.3366948105818811,0.33658157670574396,0.33680804445801826,0.32046352351146074,0.3202103645160049,0.3207166825069166
budget_10,budget,10 missions,80,P3-D,30,2676.5666666666666,2659.2863673202455,2693.8469660130877,850,850,850,0.31767046268338567,0.3156292859264409,0.31971163944033043,1826.5666666666666,1809.2863673202457,1843.8469660130875,1826.5666666666666,1809.2863673202457,1843.8469660130875,2872.003912283794,2840.024567685431,2903.9832568821566,74.80032452584486,74.80032349697187,74.80032555471784,0.9999548410144229,0.9999544351162598,0.999955246912586,307.75600832695005,307.7559540598223,307.75606259407783,0.32349019607843144,0.32266667676364097,0.3243137153932219,0.3764705882352944,0.3764705882352943,0.3764705882352945,0.30003921568627445,0.299215696371484,0.3008627350010649
budget_30,budget,30 missions,45,P0,30,1522.6,1510.4792169594023,1534.7207830405976,1082.4333333333334,1077.4662661829288,1087.400400483738,0.7111663941437382,0.706040144284621,0.7162926440028553,440.1666666666667,429.25988588711584,451.07344744621753,440.1666666666667,429.25988588711584,451.07344744621753,1055.3615446085862,1029.3655727143296,1081.3575165028428,79.92322632366836,79.92322621786519,79.92322642947153,1.5333479351922865,1.5333476482251727,1.5333482221594004,795.2272898683666,791.5781476549183,798.8764320818149,0,0,0,1,1,1,0,0,0
budget_30,budget,30 missions,45,P1,30,1522.6,1510.4792169594023,1534.7207830405976,1054.2,1050.134679823442,1058.2653201765581,0.6926402075617109,0.6875107729364932,0.6977696421869285,468.4,457.1710525810327,479.62894741896724,468.4,457.1710525810327,479.62894741896724,1130.554829367324,1100.4489010169307,1160.6607577177172,79.36903057011152,79.32765609221192,79.41040504801111,1.3501075791767618,1.3372960428183933,1.3629191155351303,144.52853822241016,143.97119998833827,145.08587645648205,0.8025191238908493,0.7982111752747614,0.8068270725069373,0,0,0,0.19748087610915074,0.19317292749306275,0.20178882472523874
budget_30,budget,30 missions,45,P2,30,1522.6,1510.4792169594023,1534.7207830405976,1082.0666666666666,1077.1610977239914,1086.9722356093419,0.7109261424409915,0.7058141937747202,0.7160380911072628,440.53333333333336,429.63722562658376,451.42944104008296,440.53333333333336,429.63722562658376,451.42944104008296,1058.6094714895232,1032.5496854406424,1084.669257538404,77.93239038825438,77.93239019978024,77.93239057672851,0.9695127431958419,0.9695127011211488,0.969512785270535,564.25663347046,563.5840923048748,564.9291746360451,0.28621969346475934,0.2825453994326076,0.2898939874969111,0.643315091735818,0.6403490956313519,0.6462810878402842,0.07046521479942287,0.0676907283644666,0.07323970123437915
budget_30,budget,30 missions,45,P3-U,30,1522.6,1510.4792169594023,1534.7207830405976,1025.5,1016.4653351619646,1034.5346648380353,0.6737513477642475,0.6669058034590866,0.6805968920694084,497.1,483.95281029461336,510.2471897053867,497.1,483.95281029461336,510.2471897053867,1124.8771267620791,1096.5770933047934,1153.1771602193649,77.99714835433755,77.94966932470524,78.04462738396987,0.998525500846585,0.997828752817281,0.999222248875889,354.80325131626006,353.45917135219463,356.1473312803255,0.35131942849082126,0.3482042284709799,0.3544346285106626,0.34974695125659605,0.34683014678453583,0.35266375572865627,0.29893362025258274,0.29291370228234515,0.30495353822282034
budget_30,budget,30 missions,45,P3-D,30,1522.6,1510.4792169594023,1534.7207830405976,899.2666666666667,882.48856205865,916.0447712746833,0.590768258299377,0.5796772036690684,0.6018593129296855,623.3333333333334,604.6039554550158,642.0627112116509,623.3333333333334,604.6039554550158,642.0627112116509,960.519873792451,909.6053183505588,1011.4344292343432,77.93095678527516,77.93037749143448,77.93153607911583,0.9999720282114709,0.9999623923066283,0.9999816641163135,353.9095070007425,351.82135384006995,355.99766016141507,0.3748788483274022,0.3677878140038052,0.3819698826509992,0.4303534528614563,0.4219094144389123,0.43879749128400036,0.19476769881114128,0.1919983763578183,0.19753702126446426
budget_30,budget,30 missions,80,P0,30,2676.5666666666666,2659.2863673202455,2693.8469660130877,1103.2,1102.7968929864567,1103.6031070135434,0.41229896804455374,0.40964525550164715,0.4149526805874603,1573.3666666666666,1556.073135939942,1590.6601973933912,1573.3666666666666,1556.073135939942,1590.6601973933912,2648.3273239238706,2615.070868884355,2681.583778963386,79.92322656063666,79.92322639083659,79.92322673043674,1.5333485779151015,1.533348117370856,1.533349038459347,810.4838480396191,810.187710915245,810.7799851639933,0,0,0,1,1,1,0,0,0
budget_30,budget,30 missions,80,P1,30,2676.5666666666666,2659.2863673202455,2693.8469660130877,1068.2333333333333,1067.6413417728675,1068.8253248937992,0.3992308850647583,0.39665460171677575,0.40180716841274083,1608.3333333333333,1591.0372877462578,1625.6293789204087,1608.3333333333333,1591.0372877462578,1625.6293789204087,2727.4973386637953,2694.0643224194,2760.9303549081906,79.30759392831322,79.26269021012749,79.35249764649896,1.3312302834316974,1.3172554771462939,1.3452050897171008,146.45249254511185,146.3713539329123,146.5336311573114,0.7988650283002067,0.7952378390830114,0.802492217517402,0,0,0,0.20113497169979336,0.19750778248259807,0.20476216091698865
budget_30,budget,30 missions,80,P2,30,2676.5666666666666,2659.2863673202455,2693.8469660130877,1102.8333333333333,1102.4018330547453,1103.2648336119212,0.4121618432549952,0.4095097214024234,0.414813965107567,1573.7333333333333,1556.445305937212,1591.0213607294547,1573.7333333333333,1556.445305937212,1591.0213607294547,2651.676687096903,2618.764694069529,2684.5886801242773,77.93239041057087,77.93239019604333,77.93239062509842,0.9695127481777515,0.9695127002869289,0.969512796068574,567.1036783425645,567.0445273338369,567.1628293512922,0.29327256896061044,0.290208995276653,0.29633614264456787,0.6311024387883818,0.6308549244166345,0.6313499531601291,0.0756249922510077,0.07261559032929889,0.07863439417271652
budget_30,budget,30 missions,80,P3-U,30,2676.5666666666666,2659.2863673202455,2693.8469660130877,1056.3333333333333,1055.392020318672,1057.2746463479946,0.39478979018801386,0.39210367192830153,0.3974759084477262,1620.2333333333333,1602.575648796479,1637.8910178701876,1620.2333333333333,1602.575648796479,1637.8910178701876,2638.3276981857894,2605.544406975518,2671.1109893960606,77.97026986510544,77.93523064579794,78.00530908441293,0.99781883005349,0.9972068872458539,0.9984307728611261,359.3492985418943,359.2202623420215,359.4783347417671,0.3407403648580409,0.34043653078852604,0.3410441989275557,0.3398568794668036,0.3395542650932793,0.3401594938403279,0.3194027556751556,0.31880242666504266,0.3200030846852685
budget_30,budget,30 missions,80,P3-D,30,2676.5666666666666,2659.2863673202455,2693.8469660130877,851,851,851,0.3180441926394838,0.3160006144981191,0.3200877707808485,1825.5666666666666,1808.2863673202457,1842.8469660130875,1825.5666666666666,1808.2863673202457,1842.8469660130875,2112.4483980929786,2081.352134286359,2143.544661899598,77.93238840202466,77.9323879191913,77.93238888485801,0.9999565681392375,0.9999501276837237,0.9999630085947513,347.9297095768612,347.929670197346,347.92974895637644,0.3418723070896984,0.34118326987791303,0.34256134430148377,0.45475910693301996,0.45475910693301996,0.45475910693301996,0.2033685859772816,0.20267954876549626,0.20405762318906695
source_minus_1,source level,-1 dB,45,P0,30,1522.6,1510.4792169594023,1534.7207830405976,1082.4333333333334,1077.4662661829288,1087.400400483738,0.7111663941437382,0.706040144284621,0.7162926440028553,440.1666666666667,429.25988588711584,451.07344744621753,440.1666666666667,429.25988588711584,451.07344744621753,1055.3615446085862,1029.3655727143296,1081.3575165028428,78.92322632366836,78.92322621786519,78.92322642947153,1.8269723378691187,1.8269719959499973,1.8269726797882402,631.6714893657152,628.7728726730489,634.5701060583814,0,0,0,1,1,1,0,0,0
source_minus_1,source level,-1 dB,45,P1,30,1522.6,1510.4792169594023,1534.7207830405976,1054.2,1050.134679823442,1058.2653201765581,0.6926402075617109,0.6875107729364932,0.6977696421869285,468.4,457.1710525810327,479.62894741896724,468.4,457.1710525810327,479.62894741896724,1130.554829367324,1100.4489010169307,1160.6607577177172,78.36903057011152,78.32765609221192,78.41040504801111,1.6086428550830278,1.5933780074935544,1.6239077026725013,114.80309863348796,114.3603891378733,115.24580812910263,0.8025191238908493,0.7982111752747614,0.8068270725069373,0,0,0,0.19748087610915074,0.19317292749306275,0.20178882472523874
source_minus_1,source level,-1 dB,45,P2,30,1522.6,1510.4792169594023,1534.7207830405976,1081.9,1077.0329123721665,1086.7670876278337,0.7108173500389352,0.705708257900523,0.7159264421773474,440.7,429.8016974178355,451.5983025821645,440.7,429.8016974178355,451.5983025821645,1060.285346712689,1034.1744634337863,1086.3962299915918,76.29332410490497,76.29332385268756,76.29332435712237,0.9970987056786993,0.997098647771987,0.9970987635854116,402.618956074239,402.0889231435774,403.1489890049006,0.3579581370700428,0.3538570921368895,0.36205918200319614,0.5546660789156342,0.5521281497466173,0.5572040080846512,0.08737578401432286,0.08412345238420461,0.0906281156444411
source_minus_1,source level,-1 dB,45,P3-U,30,1522.6,1510.4792169594023,1534.7207830405976,1070.8666666666666,1061.3758004497245,1080.3575328836087,0.7035264828842708,0.6966909446316878,0.7103620211368538,451.73333333333335,438.9977763125999,464.4688903540668,451.73333333333335,438.9977763125999,464.4688903540668,1076.1662325908353,1048.3629728590697,1103.969492322601,76.43418349607141,76.3699428872619,76.49842410488093,0.9992523704092164,0.9989396389055363,0.9995651019128966,321.6740512984443,320.6404561957284,322.70764640116016,0.40362303859466614,0.3999671678344593,0.407278909354873,0.4036653016777843,0.39987211197946126,0.40745849137610735,0.19271165972754947,0.18527871499386048,0.20014460446123847
source_minus_1,source level,-1 dB,45,P3-D,30,1522.6,1510.4792169594023,1534.7207830405976,995.8,981.0123541590542,1010.5876458409457,0.6541761833682517,0.6444928490919137,0.6638595176445896,526.8,510.2496517215518,543.3503482784481,526.8,510.2496517215518,543.3503482784481,1242.351202103364,1204.9766026393552,1279.7258015673726,76.36981513072755,76.32637093465918,76.41325932679591,0.9999593334780141,0.9999470385962625,0.9999716283597657,319.21069717871484,317.60391881130505,320.8174755461246,0.427958602083932,0.4242314431927306,0.4316857609751334,0.44661999375929434,0.44025158761694166,0.452988399901647,0.12542140415677386,0.11583537439066802,0.1350074339228797
source_minus_1,source level,-1 dB,80,P0,30,2676.5666666666666,2659.2863673202455,2693.8469660130877,1103.2,1102.7968929864567,1103.6031070135434,0.41229896804455374,0.40964525550164715,0.4149526805874603,1573.3666666666666,1556.073135939942,1590.6601973933912,1573.3666666666666,1556.073135939942,1590.6601973933912,2648.3273239238706,2615.070868884355,2681.583778963386,78.92322656063666,78.92322639083659,78.92322673043674,1.826973103668437,1.8269725549334908,1.826973652403383,643.7902042858544,643.554974206614,644.0254343650948,0,0,0,1,1,1,0,0,0
source_minus_1,source level,-1 dB,80,P1,30,2676.5666666666666,2659.2863673202455,2693.8469660130877,1068.2333333333333,1067.6413417728675,1068.8253248937992,0.3992308850647583,0.39665460171677575,0.40180716841274083,1608.3333333333333,1591.0372877462578,1625.6293789204087,1608.3333333333333,1591.0372877462578,1625.6293789204087,2727.4973386637953,2694.0643224194,2760.9303549081906,78.30759392831322,78.26269021012749,78.35249764649896,1.5861507015747105,1.5694998267637628,1.6028015763856582,116.33134987432972,116.26689918373327,116.39580056492616,0.7988650283002067,0.7952378390830114,0.802492217517402,0,0,0,0.20113497169979336,0.19750778248259807,0.20476216091698865
source_minus_1,source level,-1 dB,80,P2,30,2676.5666666666666,2659.2863673202455,2693.8469660130877,1102.6666666666667,1102.253462385738,1103.0798709475955,0.41209892605581383,0.4094605493850398,0.4147373027265879,1573.9,1556.6471493236693,1591.152850676331,1573.9,1556.6471493236693,1591.152850676331,2653.2948464902724,2620.4075007618358,2686.182192218709,76.29332442264986,76.29332414661798,76.29332469868174,0.9970987786299015,0.9970987152556045,0.9970988420041985,404.88042484483236,404.8354326109769,404.9254170786878,0.36254271661207216,0.35949701428078223,0.3655884189433621,0.5441360073819081,0.5439316397175944,0.5443403750462219,0.09332127600601962,0.09033156520628145,0.0963109868057578
source_minus_1,source level,-1 dB,80,P3-U,30,2676.5666666666666,2659.2863673202455,2693.8469660130877,1088.4,1088.1984464932284,1088.6015535067718,0.4067674340318081,0.4041579960675302,0.40937687199608597,1588.1666666666667,1570.8985348245128,1605.4347985088207,1588.1666666666667,1570.8985348245128,1605.4347985088207,2642.0547335905358,2608.8994802122024,2675.209986968869,76.34254738220982,76.30151910361835,76.38357566080128,0.9999138448880355,0.9998924880860249,0.999935201690046,323.58345162203904,323.56152942146076,323.6053738226173,0.39657610510768004,0.3963024090465399,0.3968498011688202,0.39691300242983,0.39683949369109583,0.3969865111685642,0.2065108924624902,0.20621102430521437,0.206810760619766
source_minus_1,source level,-1 dB,80,P3-D,30,2676.5666666666666,2659.2863673202455,2693.8469660130877,1064.1333333333334,1063.889481233192,1064.3771854334748,0.397697766508372,0.3951558848779881,0.40023964813875595,1612.4333333333334,1595.1921743800135,1629.6744922866533,1612.4333333333334,1595.1921743800135,1629.6744922866533,2651.993784961381,2619.192509868587,2684.7950600541753,76.29332201907458,76.29332153104204,76.29332250710712,0.999958329779251,0.9999478760153687,0.9999687835431333,326.63658429683954,326.61004211453456,326.6631264791445,0.4147665862094498,0.4141054006755035,0.41542777174339607,0.41724111266599434,0.4171454897388308,0.41733673559315787,0.16799230112455582,0.16730258584133273,0.1686820164077789
source_plus_1,source level,+1 dB,45,P0,30,1522.6,1510.4792169594023,1534.7207830405976,1082.4333333333334,1077.4662661829288,1087.400400483738,0.7111663941437382,0.706040144284621,0.7162926440028553,440.1666666666667,429.25988588711584,451.07344744621753,440.1666666666667,429.25988588711584,451.07344744621753,1055.3615446085862,1029.3655727143296,1081.3575165028428,80.92322632366837,80.9232262178652,80.92322642947154,2.89555602110354,2.8955554791982516,2.895556563008828,1001.1318433674952,996.5378455037344,1005.725841231256,0,0,0,1,1,1,0,0,0
source_plus_1,source level,+1 dB,45,P1,30,1522.6,1510.4792169594023,1534.7207830405976,1054.2,1050.134679823442,1058.2653201765581,0.6926402075617109,0.6875107729364932,0.6977696421869285,468.4,457.1710525810327,479.62894741896724,468.4,457.1710525810327,479.62894741896724,1130.554829367324,1100.4489010169307,1160.6607577177172,80.36903057011152,80.32765609221192,80.41040504801111,2.5495271101223085,2.5253339570937956,2.5737202631508214,181.95064949765705,181.24900223181947,182.65229676349463,0.8025191238908493,0.7982111752747614,0.8068270725069373,0,0,0,0.19748087610915074,0.19317292749306275,0.20178882472523874
source_plus_1,source level,+1 dB,45,P2,30,1522.6,1510.4792169594023,1534.7207830405976,1062.4666666666667,1058.1003931106143,1066.8329402227191,0.698062862653264,0.6929586341948576,0.7031670911116704,460.1333333333333,449.0376449117935,471.22902175487314,460.1333333333333,449.0376449117935,471.22902175487314,1108.9153440256518,1080.6337010702512,1137.1969869810525,76.09995645115883,76.09995581136566,76.099957090952,0.9536771719998285,0.9536770315061802,0.9536773124934768,454.2049181216824,453.451313490307,454.9585227530578,0.33852948870310656,0.3371819281554823,0.3398770492507308,0.3388782343289242,0.3374572836721484,0.34029918498570005,0.32259227696796905,0.31984641746372655,0.32533813647221155
source_plus_1,source level,+1 dB,45,P3-U,30,1522.6,1510.4792169594023,1534.7207830405976,817.0333333333333,816.9188793739773,817.1477872926893,0.5368647134602575,0.5325251022578175,0.5412043246626976,705.5666666666667,693.4367491457133,717.6965841876201,705.5666666666667,693.4367491457133,717.6965841876201,1752.3118278678005,1710.78891506306,1793.834740672541,76.71830975796738,76.58447987805593,76.85213963787882,0.9999473678907481,0.9999396423397908,0.9999550934417054,345.6419761135884,345.62223137726573,345.66172084991103,0.3330341024753464,0.3329261382208748,0.33314206672981805,0.3329118032092418,0.33286518074381927,0.3329584256746643,0.33405409431541183,0.3339549596298721,0.33415322900095157
source_plus_1,source level,+1 dB,45,P3-D,30,1522.6,1510.4792169594023,1534.7207830405976,834.6333333333333,834.4579416643525,834.8087250023142,0.5484293350049003,0.5439975133495614,0.5528611566602393,687.9666666666667,675.8411911032157,700.0921422301177,687.9666666666667,675.8411911032157,700.0921422301177,1578.5946604658143,1539.096585189103,1618.0927357425255,76.4075483209756,76.30829571727764,76.50680092467354,0.9938836859323865,0.9913082574778749,0.9964591143868982,353.1934108771596,353.1631311622562,353.22369059206295,0.3330805056553562,0.3330104890210325,0.3331505222896799,0.3330805056553562,0.3330104890210325,0.3331505222896799,0.3338389886892881,0.33369895542064065,0.3339790219579355
source_plus_1,source level,+1 dB,80,P0,30,2676.5666666666666,2659.2863673202455,2693.8469660130877,1103.2,1102.7968929864567,1103.6031070135434,0.41229896804455374,0.40964525550164715,0.4149526805874603,1573.3666666666666,1556.073135939942,1590.6601973933912,1573.3666666666666,1556.073135939942,1590.6601973933912,2648.3273239238706,2615.070868884355,2681.583778963386,80.92322656063666,80.92322639083659,80.92322673043674,2.895557234813666,2.8955563651273852,2.8955581044999468,1020.3387121458007,1019.9658975945506,1020.7115266970509,0,0,0,1,1,1,0,0,0
source_plus_1,source level,+1 dB,80,P1,30,2676.5666666666666,2659.2863673202455,2693.8469660130877,1068.2333333333333,1067.6413417728675,1068.8253248937992,0.3992308850647583,0.39665460171677575,0.40180716841274083,1608.3333333333333,1591.0372877462578,1625.6293789204087,1608.3333333333333,1591.0372877462578,1625.6293789204087,2727.4973386637953,2694.0643224194,2760.9303549081906,80.30759392831322,80.26269021012749,80.35249764649896,2.5138794491431855,2.487489591006792,2.540269307279579,184.37276448563733,184.27061702486162,184.47491194641304,0.7988650283002067,0.7952378390830114,0.802492217517402,0,0,0,0.20113497169979336,0.19750778248259807,0.20476216091698865
source_plus_1,source level,+1 dB,80,P2,30,2676.5666666666666,2659.2863673202455,2693.8469660130877,1078.7333333333333,1078.346625765144,1079.1200409015228,0.4031553735727021,0.40055423445521965,0.40575651269018453,1597.8333333333333,1580.5210201992186,1615.145646467448,1597.8333333333333,1580.5210201992186,1615.145646467448,2703.053453942202,2669.777636382671,2736.329271501733,76.09995693206267,76.09995635336382,76.09995751076151,0.9536772776025896,0.9536771505247731,0.9536774046804061,457.01255475634304,456.94583313579585,457.0792763768902,0.3337250631082057,0.33360525620316417,0.33384487001324725,0.3337250631082057,0.33360525620316417,0.33384487001324725,0.33254987378358847,0.33231025997350544,0.3327894875936715
source_plus_1,source level,+1 dB,80,P3-U,30,2676.5666666666666,2659.2863673202455,2693.8469660130877,816.9333333333333,816.842545044386,817.0241216222805,0.30531268592306515,0.3033458622075588,0.3072795096385715,1859.6333333333334,1842.3405686265821,1876.9260980400848,1859.6333333333334,1842.3405686265821,1876.9260980400848,3154.2700389636566,3122.55856392924,3185.9815139980733,76.34694939529432,76.33025536298665,76.36364342760199,0.9999217297759807,0.9999018791200983,0.9999415804318631,345.6246653662331,345.60900906132747,345.64032167113874,0.3336461308309534,0.3334337480023167,0.33385851365959013,0.33295253637970895,0.3329154950541491,0.3329895777052688,0.3334013327893377,0.3331910367421628,0.3336116288365126
source_plus_1,source level,+1 dB,80,P3-D,30,2676.5666666666666,2659.2863673202455,2693.8469660130877,834.0333333333333,833.968,834.0986666666666,0.31170266692711146,0.30971109893640697,0.31369423491781595,1842.5333333333333,1825.28576001921,1859.7809066474565,1842.5333333333333,1825.28576001921,1859.7809066474565,2991.2587617039544,2959.6369001866606,3022.8806232212482,76.1085747946802,76.09167316036857,76.12547642899182,0.9793039388152703,0.9770563998534455,0.9815514777770952,353.08978685784604,353.0784927878517,353.10108092784037,0.3333200266134398,0.33329394544244845,0.33334610778443113,0.3333200266134398,0.33329394544244845,0.33334610778443113,0.3333599467731204,0.33330778443113773,0.3334121091151031
validation_minus_rmse,validation error,-2.29 dB,45,P0,30,1522.6,1510.4792169594023,1534.7207830405976,1082.4333333333334,1077.4662661829288,1087.400400483738,0.7111663941437382,0.706040144284621,0.7162926440028553,440.1666666666667,429.25988588711584,451.07344744621753,440.1666666666667,429.25988588711584,451.07344744621753,1055.3615446085862,1029.3655727143296,1081.3575165028428,77.63684231205961,77.63684220625645,77.63684241786278,1.3586061325537682,1.358605878289702,1.3586063868178344,469.73494968871915,467.57942804618995,471.89047133124836,0,0,0,1,1,1,0,0,0
validation_minus_rmse,validation error,-2.29 dB,45,P1,30,1522.6,1510.4792169594023,1534.7207830405976,1054.2,1050.134679823442,1058.2653201765581,0.6926402075617109,0.6875107729364932,0.6977696421869285,468.4,457.1710525810327,479.62894741896724,468.4,457.1710525810327,479.62894741896724,1130.554829367324,1100.4489010169307,1160.6607577177172,77.08264655850276,77.04127208060316,77.12402103640235,1.196248023412146,1.184896502035667,1.207599544788625,85.37195151052438,85.04273588792586,85.70116713312291,0.8025191238908493,0.7982111752747614,0.8068270725069373,0,0,0,0.19748087610915074,0.19317292749306275,0.20178882472523874
validation_minus_rmse,validation error,-2.29 dB,45,P2,30,1522.6,1510.4792169594023,1534.7207830405976,1082.1666666666667,1077.2349288383082,1087.0984044950253,0.7109916221136844,0.7058729124179035,0.7161103318094653,440.43333333333334,429.53116884368325,451.3354978229834,440.43333333333334,429.53116884368325,451.3354978229834,1057.533443705792,1031.4581045320376,1083.6087828795464,76.2029840361318,76.20298383797028,76.20298423429331,0.9765717244748243,0.9765716799154421,0.9765717690342065,367.06696066934876,366.6079315501695,367.525989788528,0.21489572164360762,0.211283247861631,0.21850819542558425,0.7316380632161018,0.7283812405382406,0.734894885893963,0.05346621514029049,0.05154210064743015,0.05539032963315083
validation_minus_rmse,validation error,-2.29 dB,45,P3-U,30,1522.6,1510.4792169594023,1534.7207830405976,1043.6,1038.558884414653,1048.6411155853468,0.6857079439463163,0.6797369600014367,0.6916789278911959,479,466.5732752208946,491.4267247791054,479,466.5732752208946,491.4267247791054,1173.028738775644,1131.8743898008522,1214.1830877504356,76.20166283656478,76.2011369229044,76.20218875022516,0.9999563952010908,0.9999436526380494,0.9999691377641322,290.3004832686149,289.89223946847994,290.7087270687499,0.35586153774280427,0.3519572900485194,0.35976578543708915,0.5587428370931156,0.5560090236686739,0.5614766505175572,0.08539562516407996,0.08225060249232999,0.08854064783582993
validation_minus_rmse,validation error,-2.29 dB,45,P3-D,30,1522.6,1510.4792169594023,1534.7207830405976,1021.1666666666666,1017.8787792712553,1024.454554062078,0.670981454456199,0.6654475943913711,0.6765153145210268,501.43333333333334,489.22901818415204,513.6376484825147,501.43333333333334,489.22901818415204,513.6376484825147,1224.5399638899464,1185.9710475020527,1263.1088802778402,76.20166283656478,76.2011369229044,76.20218875022516,0.9999691501210922,0.9999602677564438,0.9999780324857407,294.4608974409282,294.162704019859,294.7590908619974,0.33161946344380233,0.32856834640192006,0.3346705804856846,0.5875431586786951,0.5856835495572056,0.5894027678001846,0.0808373778775025,0.07790847226101562,0.08376628349398939
validation_minus_rmse,validation error,-2.29 dB,80,P0,30,2676.5666666666666,2659.2863673202455,2693.8469660130877,1103.2,1102.7968929864567,1103.6031070135434,0.41229896804455374,0.40964525550164715,0.4149526805874603,1573.3666666666666,1556.073135939942,1590.6601973933912,1573.3666666666666,1556.073135939942,1590.6601973933912,2648.3273239238706,2615.070868884355,2681.583778963386,77.6368425490279,77.63684237922783,77.63684271882798,1.3586067020312742,1.3586062939710932,1.3586071100914552,478.74688712635725,478.57196109075574,478.92181316195877,0,0,0,1,1,1,0,0,0
validation_minus_rmse,validation error,-2.29 dB,80,P1,30,2676.5666666666666,2659.2863673202455,2693.8469660130877,1068.2333333333333,1067.6413417728675,1068.8253248937992,0.3992308850647583,0.39665460171677575,0.40180716841274083,1608.3333333333333,1591.0372877462578,1625.6293789204087,1608.3333333333333,1591.0372877462578,1625.6293789204087,2727.4973386637953,2694.0643224194,2760.9303549081906,77.02120991670448,76.97630619851874,77.06611363489021,1.1795220024115318,1.1671397784655888,1.1919042263574748,86.50841727130988,86.46048928593393,86.55634525668583,0.7988650283002067,0.7952378390830114,0.802492217517402,0,0,0,0.20113497169979336,0.19750778248259807,0.20476216091698865
validation_minus_rmse,validation error,-2.29 dB,80,P2,30,2676.5666666666666,2659.2863673202455,2693.8469660130877,1102.8666666666666,1102.4285652945384,1103.3047680387947,0.41217417523181116,0.4095244677630006,0.4148238827006217,1573.7,1556.418559324637,1590.981440675363,1573.7,1556.418559324637,1590.981440675363,2651.105221578313,2618.1552197168935,2684.0552234397323,76.20298412787697,76.20298397038383,76.20298428537012,0.9765717451050008,0.9765717096904704,0.9765717805195312,368.87272388871384,368.83725291898315,368.9081948584445,0.22408151617516572,0.2216215778157626,0.22654145453456884,0.7181293710319019,0.7178434289995245,0.7184153130642793,0.057789112792932494,0.05535844271437919,0.0602197828714858
validation_minus_rmse,validation error,-2.29 dB,80,P3-U,30,2676.5666666666666,2659.2863673202455,2693.8469660130877,1066.3666666666666,1065.1253333333332,1067.608,0.39852495467510624,0.39609639612182784,0.40095351322838463,1610.2,1593.3194458444725,1627.0805541555276,1610.2,1593.3194458444725,1627.0805541555276,2681.732439367481,2651.759442769113,2711.7054359658496,76.2029821746787,76.20298174915679,76.2029826002006,0.9999242040138104,0.9999121593205973,0.9999362487070236,292.1441741517556,292.04364629507114,292.24470200844,0.3610979154891959,0.3586606511855995,0.3635351797927923,0.546721951155531,0.5460747619422365,0.5473691403688256,0.09218013335527306,0.08976718629272869,0.09459308041781743
validation_minus_rmse,validation error,-2.29 dB,80,P3-D,30,2676.5666666666666,2659.2863673202455,2693.8469660130877,1024.9333333333334,1024.8425450443863,1025.0241216222805,0.3830480736800546,0.3805912603781253,0.38550488698198393,1651.6333333333334,1634.3640764042925,1668.9025902623744,1651.6333333333334,1634.3640764042925,1668.9025902623744,2820.628355207583,2787.9185456585096,2853.338164756656,76.2029821746787,76.20298174915679,76.2029826002006,0.9999760141289545,0.999970939111663,0.9999810891462461,294.7894773695733,294.7821244459917,294.7968302931549,0.33003709349593496,0.32681842918265613,0.3332557578092138,0.5854039634146343,0.5853520646214099,0.5854558622078587,0.08455894308943093,0.081355147379757,0.08776273879910486
validation_plus_rmse,validation error,+2.29 dB,45,P0,30,1522.6,1510.4792169594023,1534.7207830405976,1082.4333333333334,1077.4662661829288,1087.400400483738,0.7111663941437382,0.706040144284621,0.7162926440028553,440.1666666666667,429.25988588711584,451.07344744621753,440.1666666666667,429.25988588711584,451.07344744621753,1055.3615446085862,1029.3655727143296,1081.3575165028428,82.20961033527712,82.20961022947395,82.20961044108029,3.8937707011249425,3.8937699724030947,3.8937714298467903,1346.2622761420134,1340.0845423483756,1352.4400099356512,0,0,0,1,1,1,0,0,0
validation_plus_rmse,validation error,+2.29 dB,45,P1,30,1522.6,1510.4792169594023,1534.7207830405976,1054.2,1050.134679823442,1058.2653201765581,0.6926402075617109,0.6875107729364932,0.6977696421869285,468.4,457.1710525810327,479.62894741896724,468.4,457.1710525810327,479.62894741896724,1130.554829367324,1100.4489010169307,1160.6607577177172,81.6554145817203,81.6140401038207,81.69678905961989,3.4284517000415544,3.3959181936118106,3.4609852064712983,244.67636022273243,243.7328269094997,245.61989353596516,0.8025191238908493,0.7982111752747614,0.8068270725069373,0,0,0,0.19748087610915074,0.19317292749306275,0.20178882472523874
validation_plus_rmse,validation error,+2.29 dB,45,P2,30,1522.6,1510.4792169594023,1534.7207830405976,791.9,791.7559393486605,792.0440606513395,0.52034735354193,0.5161828551086766,0.5245118519751834,730.7,718.6315893074657,742.7684106925344,730.7,718.6315893074657,742.7684106925344,1946.319538504904,1904.1035315301988,1988.535545479609,76.03935630250463,76.039355611063,76.03935699394626,0.9404622598243618,0.9404621100930721,0.9404624095556515,450.8720855001837,450.83865089663277,450.9055201037346,0.33337550964525314,0.3333147392672553,0.333436280023251,0.33337550964525314,0.3333147392672553,0.333436280023251,0.3332489807094937,0.3331274399534981,0.33337052146548934
validation_plus_rmse,validation error,+2.29 dB,45,P3-U,30,1522.6,1510.4792169594023,1534.7207830405976,614,614,614,0.403453210494626,0.4001968851348759,0.40670953585437614,908.6,896.4792169594023,920.7207830405978,908.6,896.4792169594023,920.7207830405978,2543.317025522348,2502.3901063664334,2584.243944678263,76.73802075403042,76.73801969032114,76.73802181773969,0.9998596746177028,0.9998589064939917,0.9998604427414138,346.86001154799874,346.8599319119704,346.86009118402706,0.3355048859934852,0.33550488599348516,0.33550488599348527,0.3289902280130293,0.3289902280130293,0.3289902280130293,0.3355048859934852,0.33550488599348516,0.33550488599348527
validation_plus_rmse,validation error,+2.29 dB,45,P3-D,30,1522.6,1510.4792169594023,1534.7207830405976,621.0333333333333,620.7148802716579,621.3517863950087,0.40807575812163766,0.404758657947192,0.4113928582960833,901.5666666666667,889.4163806671631,913.7169526661703,901.5666666666667,889.4163806671631,913.7169526661703,2402.6916149416834,2361.846541283995,2443.5366885993717,76.03935082914929,76.03934948046007,76.0393521778385,0.9998960507723644,0.9998902690668012,0.9999018324779276,352.53900395555314,352.46507446356827,352.612933447538,0.33395919049430106,0.3338074568564765,0.3341109241321256,0.3317058809545005,0.33153577339998286,0.3318759885090181,0.3343349285511985,0.3341860337654654,0.3344838233369316
validation_plus_rmse,validation error,+2.29 dB,80,P0,30,2676.5666666666666,2659.2863673202455,2693.8469660130877,1103.2,1102.7968929864567,1103.6031070135434,0.41229896804455374,0.40964525550164715,0.4149526805874603,1573.3666666666666,1556.073135939942,1590.6601973933912,1573.3666666666666,1556.073135939942,1590.6601973933912,2648.3273239238706,2615.070868884355,2681.583778963386,82.20961057224541,82.20961040244534,82.20961074204548,3.8937723332497916,3.893771163747653,3.8937735027519302,1372.090525488339,1371.5891867589098,1372.591864217768,0,0,0,1,1,1,0,0,0
validation_plus_rmse,validation error,+2.29 dB,80,P1,30,2676.5666666666666,2659.2863673202455,2693.8469660130877,1068.2333333333333,1067.6413417728675,1068.8253248937992,0.3992308850647583,0.39665460171677575,0.40180716841274083,1608.3333333333333,1591.0372877462578,1625.6293789204087,1608.3333333333333,1591.0372877462578,1625.6293789204087,2727.4973386637953,2694.0643224194,2760.9303549081906,81.593977939922,81.54907422173626,81.63888165810774,3.3805148558318376,3.3450273516463134,3.416002360017362,247.9334757149615,247.79611391395886,248.07083751596414,0.7988650283002067,0.7952378390830114,0.802492217517402,0,0,0,0.20113497169979336,0.19750778248259807,0.20476216091698865
validation_plus_rmse,validation error,+2.29 dB,80,P2,30,2676.5666666666666,2659.2863673202455,2693.8469660130877,792,792,792,0.29599412522969576,0.29409222876910723,0.2978960216902843,1884.5666666666666,1867.2863673202457,1901.8469660130875,1884.5666666666666,1867.2863673202457,1901.8469660130875,3329.275013054244,3297.7363301938963,3360.813695914592,76.03935704864416,76.03935612517668,76.03935797211165,0.9404624214005419,0.9404622214241177,0.9404626213769661,450.89526188496586,450.89518025679257,450.89534351313915,0.3333333333333333,0.3333333333333333,0.3333333333333333,0.3333333333333333,0.3333333333333333,0.3333333333333333,0.3333333333333333,0.3333333333333333,0.3333333333333333
validation_plus_rmse,validation error,+2.29 dB,80,P3-U,30,2676.5666666666666,2659.2863673202455,2693.8469660130877,614,614,614,0.22947019304423394,0.22799574301039385,0.23094464307807402,2062.5666666666666,2045.2863673202457,2079.8469660130877,2062.5666666666666,2045.2863673202457,2079.8469660130877,3749.715490748793,3719.671271004537,3779.7597104930487,76.73802087996042,76.73801945298766,76.73802230693317,0.9998596136804256,0.9998588897132146,0.9998603376476367,346.8600327024785,346.8599378088329,346.86012759612413,0.3355048859934852,0.33550488599348516,0.33550488599348527,0.3289902280130293,0.3289902280130293,0.3289902280130293,0.3355048859934852,0.33550488599348516,0.33550488599348527
validation_plus_rmse,validation error,+2.29 dB,80,P3-D,30,2676.5666666666666,2659.2863673202455,2693.8469660130877,620.8,620.5118786973209,621.088121302679,0.23201178539338316,0.23051272135061598,0.23351084943615033,2055.766666666667,2038.4705317257988,2073.062801607535,2055.766666666667,2038.4705317257988,2073.062801607535,3613.914517164242,3583.2710543081753,3644.557980020309,76.03935051392038,76.03934911384168,76.03935191399908,0.9998988142199859,0.9998984965717177,0.9998991318682542,352.4848223078333,352.41794343533707,352.5517011803296,0.33392375129188323,0.3337539779728519,0.33409352461091457,0.3318304362246071,0.3316765020308652,0.33198437041834905,0.3342458124835096,0.3340630411079545,0.3344285838590647
altitude_60,altitude,60 m,45,P0,30,1522.6,1510.4792169594023,1534.7207830405976,1082.4333333333334,1077.4662661829288,1087.400400483738,0.7111663941437382,0.706040144284621,0.7162926440028553,440.1666666666667,429.25988588711584,451.07344744621753,440.1666666666667,429.25988588711584,451.07344744621753,1055.3615446085862,1029.3655727143296,1081.3575165028428,81.21283939915706,81.21283932049323,81.21283947782089,3.0952609554587047,3.09526052403546,3.0952613868819494,1068.8374591259205,1063.932775297691,1073.74214295415,0,0,0,1,1,1,0,0,0
altitude_60,altitude,60 m,45,P1,30,1522.6,1510.4792169594023,1534.7207830405976,1054.2,1050.134679823442,1058.2653201765581,0.6926402075617109,0.6875107729364932,0.6977696421869285,468.4,457.1710525810327,479.62894741896724,468.4,457.1710525810327,479.62894741896724,1130.554829367324,1100.4489010169307,1160.6607577177172,80.65856258168009,80.6171796551257,80.69994550823448,2.7253175456116763,2.6994512536435185,2.751183837579834,190.87322582638046,190.13716820895988,191.60928344380105,0.8025191238908493,0.7982111752747614,0.8068270725069373,0,0,0,0.19748087610915074,0.19317292749306275,0.20178882472523874
altitude_60,altitude,60 m,45,P2,30,1522.6,1510.4792169594023,1534.7207830405976,1001.2666666666667,998.5301865492621,1004.0031467840712,0.6578931945454032,0.6527850049470293,0.6630013841437771,521.3333333333334,509.59274910563573,533.0739175610311,521.3333333333334,509.59274910563573,533.0739175610311,1271.4201364432145,1235.5518593808815,1307.2884135055474,76.06011190050748,76.06011134704383,76.06011245397113,0.9449676302592979,0.9449675098328795,0.9449677506857163,452.23395018311476,451.73846861692033,452.7294317493092,0.33546051558856466,0.3345288604518118,0.3363921707253175,0.3355941831915082,0.3346613336508522,0.33652703273216417,0.3289453012199272,0.3270920892394723,0.3307985132003821
altitude_60,altitude,60 m,45,P3-U,30,1522.6,1510.4792169594023,1534.7207830405976,767,767,767,0.5039879681585963,0.4999202131896576,0.5080557231275349,755.6,743.4792169594023,767.7207830405978,755.6,743.4792169594023,767.7207830405978,1897.040551298291,1855.4351191041903,1938.6459834923915,76.34034719380155,76.20655321104488,76.47414117655822,0.9992742863553083,0.9992609809365837,0.999287591774033,344.50065032862005,344.50059054046335,344.50071011677676,0.3337679269882658,0.33376792698826574,0.33376792698826585,0.3324641460234681,0.3324641460234681,0.3324641460234681,0.3337679269882658,0.33376792698826574,0.33376792698826585
altitude_60,altitude,60 m,45,P3-D,30,1522.6,1510.4792169594023,1534.7207830405976,786.9,786.68263564145,787.1173643585499,0.5170654997621379,0.5128661437988684,0.5212648557254074,735.7,723.5408256254274,747.8591743745727,735.7,723.5408256254274,747.8591743745727,1801.7260439144534,1761.0444230868077,1842.407664742099,76.21434507649252,76.13511342816649,76.29357672481855,0.9999804221386103,0.9999730429877293,0.9999878012894913,353.7484204229737,353.7090766096521,353.78776423629535,0.3334179715354776,0.33323385993194804,0.33360208313900713,0.33295228225729595,0.3328603137670408,0.3330442507475511,0.33362974620722685,0.33344242479695263,0.3338170676175011
altitude_60,altitude,60 m,80,P0,30,2676.5666666666666,2659.2863673202455,2693.8469660130877,1103.2,1102.7968929864567,1103.6031070135434,0.41229896804455374,0.40964525550164715,0.4149526805874603,1573.3666666666666,1556.073135939942,1590.6601973933912,1573.3666666666666,1556.073135939942,1590.6601973933912,2648.3273239238706,2615.070868884355,2681.583778963386,81.21283957534112,81.2128394490961,81.21283970158615,3.0952619217212103,3.09526122934399,3.0952626140984307,1089.3432746703288,1088.9452429087132,1089.7413064319444,0,0,0,1,1,1,0,0,0
altitude_60,altitude,60 m,80,P1,30,2676.5666666666666,2659.2863673202455,2693.8469660130877,1068.2333333333333,1067.6413417728675,1068.8253248937992,0.3992308850647583,0.39665460171677575,0.40180716841274083,1608.3333333333333,1591.0372877462578,1625.6293789204087,1608.3333333333333,1591.0372877462578,1625.6293789204087,2727.4973386637953,2694.0643224194,2760.9303549081906,80.59711455301384,80.55220063468677,80.64202847134091,2.6872052437216856,2.6589896998445823,2.715420787598789,193.41411287846174,193.30694921380933,193.52127654311414,0.7988650283002067,0.7952378390830114,0.802492217517402,0,0,0,0.20113497169979336,0.19750778248259807,0.20476216091698865
altitude_60,altitude,60 m,80,P2,30,2676.5666666666666,2659.2863673202455,2693.8469660130877,1007.9333333333333,1007.8026666666666,1008.064,0.37669401590672064,0.37429140121621174,0.37909663059722953,1668.6333333333334,1651.3988857666952,1685.8677808999716,1668.6333333333334,1651.3988857666952,1685.8677808999716,2845.647558482163,2813.066648911118,2878.2284680532075,76.06011228443124,76.06011171348233,76.06011285538015,0.944967713796062,0.9449675895650881,0.944967838027036,453.4410230763925,453.4173467850478,453.46469936773724,0.33335542301745086,0.33331212723658055,0.33339871879832117,0.33335542301745086,0.33331212723658055,0.33339871879832117,0.3332891539650983,0.3332025624033576,0.33337574552683896
altitude_60,altitude,60 m,80,P3-U,30,2676.5666666666666,2659.2863673202455,2693.8469660130877,767,767,767,0.28665087632724334,0.2848090144771532,0.2884927381773335,1909.5666666666666,1892.2863673202457,1926.8469660130875,1909.5666666666666,1892.2863673202457,1926.8469660130875,3249.434829967993,3218.17266132962,3280.6969986063664,76.06010789130444,76.06010711097497,76.06010867163391,0.999268274778093,0.9992676702086911,0.9992688793474949,344.50068049232505,344.50063556456394,344.50072542008616,0.3337679269882658,0.33376792698826574,0.33376792698826585,0.3324641460234681,0.3324641460234681,0.3324641460234681,0.3337679269882658,0.33376792698826574,0.33376792698826585
altitude_60,altitude,60 m,80,P3-D,30,2676.5666666666666,2659.2863673202455,2693.8469660130877,786.8333333333334,786.6214553955098,787.045211271157,0.2940630610455429,0.29217473882284095,0.2959513832682449,1889.7333333333333,1872.4580814384794,1907.0085852281873,1889.7333333333333,1872.4580814384794,1907.0085852281873,3169.515793447936,3138.0543710712445,3200.977215824628,76.06010789130444,76.06010711097497,76.06010867163391,0.9999766815494658,0.9999674913545903,0.9999858717443414,353.73634543984576,353.69798771213107,353.77470316756046,0.3334885810093662,0.3332998590061438,0.3336773030125886,0.332980483046918,0.33289082065499,0.33307014543884605,0.3335309359437161,0.33334116590732066,0.3337207059801115
altitude_120,altitude,120 m,45,P0,30,1522.6,1510.4792169594023,1534.7207830405976,1082.4333333333334,1077.4662661829288,1087.400400483738,0.7111663941437382,0.706040144284621,0.7162926440028553,440.1666666666667,429.25988588711584,451.07344744621753,440.1666666666667,429.25988588711584,451.07344744621753,1055.3615446085862,1029.3655727143296,1081.3575165028428,78.08214886697296,78.08214870556398,78.08214902838193,1.505291567322965,1.5052915113776162,1.5052916232683138,524.5368116832367,522.1298132335909,526.9438101328825,0,0,0,1,1,1,0,0,0
altitude_120,altitude,120 m,45,P1,30,1522.6,1510.4792169594023,1534.7207830405976,1054.2,1050.134679823442,1058.2653201765581,0.6926402075617109,0.6875107729364932,0.6977696421869285,468.4,457.1710525810327,479.62894741896724,468.4,457.1710525810327,479.62894741896724,1130.554829367324,1100.4489010169307,1160.6607577177172,77.5281831026898,77.48683285570816,77.56953334967143,1.325474049682035,1.3129040276380037,1.3380440717260662,105.59193834104681,105.1847515866254,105.99912509546823,0.8025191238908493,0.7982111752747614,0.8068270725069373,0,0,0,0.19748087610915074,0.19317292749306275,0.20178882472523874
altitude_120,altitude,120 m,45,P2,30,1522.6,1510.4792169594023,1534.7207830405976,1082.0666666666666,1077.1610977239914,1086.9722356093419,0.7109261424409915,0.7058141937747202,0.7160380911072628,440.53333333333336,429.63722562658376,451.42944104008296,440.53333333333336,429.63722562658376,451.42944104008296,1058.51393608661,1032.4570968094924,1084.5707753637278,76.28714512562904,76.28714482652538,76.2871454247327,0.995681079686295,0.9956810111125783,0.9956811482600118,385.1707942717429,384.679442144534,385.66214639895185,0.26828589321967755,0.2646112680404312,0.2719605183989239,0.6654983707611908,0.6624300989289844,0.6685666425933972,0.06621573601913155,0.06359185427627113,0.06883961776199198
altitude_120,altitude,120 m,45,P3-U,30,1522.6,1510.4792169594023,1534.7207830405976,914.9666666666667,911.6581617178766,918.2751716154568,0.6012153410224857,0.595886856903689,0.6065438251412825,607.6333333333333,595.0872625033073,620.1794041633593,607.6333333333333,595.0872625033073,620.1794041633593,1419.4239855364078,1372.5143216884974,1466.3336493843183,76.2793836158547,76.27634972180664,76.28241750990276,0.9999925486502281,0.9999878292559995,0.9999972680444568,290.8048960601978,290.50835308882245,291.10143903157314,0.3489196199901469,0.34550307056856694,0.3523361694117269,0.5662743898700782,0.5640512374929838,0.5684975422471725,0.08480599013977505,0.08203598849305799,0.08757599178649211
altitude_120,altitude,120 m,45,P3-D,30,1522.6,1510.4792169594023,1534.7207830405976,869,869,869,0.5710111399345765,0.5664024318928456,0.5756198479763075,653.6,641.4792169594023,665.7207830405978,653.6,641.4792169594023,665.7207830405978,1585.1407517603902,1544.8811623633978,1625.4003411573826,76.2793836158547,76.27634972180664,76.28241750990276,0.9999099069500266,0.9999020303669427,0.9999177835331104,292.71033199301775,292.71029873543466,292.71036525060083,0.30805523590333717,0.30533843408204986,0.3107720377246245,0.6156501726121985,0.6156501726121982,0.6156501726121987,0.0762945914844649,0.0735777896631776,0.07901139330575219
altitude_120,altitude,120 m,80,P0,30,2676.5666666666666,2659.2863673202455,2693.8469660130877,1103.2,1102.7968929864567,1103.6031070135434,0.41229896804455374,0.40964525550164715,0.4149526805874603,1573.3666666666666,1556.073135939942,1590.6601973933912,1573.3666666666666,1556.073135939942,1590.6601973933912,2648.3273239238706,2615.070868884355,2681.583778963386,78.08214922848202,78.08214896944202,78.08214948752203,1.505291692624264,1.5052916028393821,1.505291782409146,534.60012729207,534.404797443919,534.7954571402211,0,0,0,1,1,1,0,0,0
altitude_120,altitude,120 m,80,P1,30,2676.5666666666666,2659.2863673202455,2693.8469660130877,1068.2333333333333,1067.6413417728675,1068.8253248937992,0.3992308850647583,0.39665460171677575,0.40180716841274083,1608.3333333333333,1591.0372877462578,1625.6293789204087,1608.3333333333333,1591.0372877462578,1625.6293789204087,2727.4973386637953,2694.0643224194,2760.9303549081906,77.46677909947309,77.42190464353047,77.5116535554157,1.3069511943605514,1.2932409286522877,1.3206614600688151,106.99757509480087,106.93830139426493,107.0568487953368,0.7988650283002067,0.7952378390830114,0.802492217517402,0,0,0,0.20113497169979336,0.19750778248259807,0.20476216091698865
altitude_120,altitude,120 m,80,P2,30,2676.5666666666666,2659.2863673202455,2693.8469660130877,1102.8666666666666,1102.4285652945384,1103.3047680387947,0.41217417523181116,0.4095244677630006,0.4148238827006217,1573.7,1556.418559324637,1590.981440675363,1573.7,1556.418559324637,1590.981440675363,2651.348125768816,2618.3979843375528,2684.298267200079,76.28714531606086,76.28714503486475,76.28714559725697,0.9956811233454576,0.9956810588772944,0.9956811878136207,387.2541767908254,387.2103018148224,387.2980517668284,0.27609672919406736,0.27321325421111364,0.2789802041770211,0.6528448827562745,0.6525849354541132,0.6531048300584358,0.07105838804965821,0.06822137380887412,0.0738954022904423
altitude_120,altitude,120 m,80,P3-U,30,2676.5666666666666,2659.2863673202455,2693.8469660130877,918,918,918,0.34308409969805653,0.34087962880055617,0.3452885705955569,1758.5666666666666,1741.2863673202457,1775.8469660130875,1758.5666666666666,1741.2863673202457,1775.8469660130875,2930.193210768797,2897.9190825502974,2962.467338987297,76.28714226009362,76.28714153204176,76.28714298814548,0.9999973706784208,0.9999968594818343,0.9999978818750073,291.08306090017953,291.08301743711445,291.0831043632446,0.34807552650689905,0.34560435042262044,0.35054670259117765,0.5642701525054469,0.5642701525054468,0.564270152505447,0.08765432098765431,0.08518314490337568,0.09012549707193294
altitude_120,altitude,120 m,80,P3-D,30,2676.5666666666666,2659.2863673202455,2693.8469660130877,869,869,869,0.3247713318492496,0.3226845287883261,0.3268581349101731,1807.5666666666666,1790.2863673202457,1824.8469660130875,1807.5666666666666,1790.2863673202457,1824.8469660130875,3027.607282029882,2995.8068140305886,3059.407750029175,76.28714226009362,76.28714153204176,76.28714298814548,0.999916343288867,0.9999086324959106,0.9999240540818235,292.7103364704792,292.71030227744825,292.71037066351016,0.3068661296509398,0.30474332536346255,0.30898893393841703,0.6156501726121985,0.6156501726121982,0.6156501726121987,0.0774836977368623,0.07536089344938503,0.07960650202433957
speed_10,speed,10 m/s,45,P0,30,1522.6,1510.4792169594023,1534.7207830405976,814.2666666666667,813.6297605433159,814.9035727900174,0.5350443640756058,0.5307416047671639,0.5393471233840478,708.3333333333334,696.2443835644987,720.4222831021681,708.3333333333334,696.2443835644987,720.4222831021681,1931.044533972758,1888.5680479192035,1973.5210200263125,80.37134924452627,80.37134910050183,80.37134938855071,2.550025427913789,2.5500247782818763,2.5500260775457018,897.3212884264715,896.6194327269636,898.0231441259793,0,0,0,1,1,1,0,0,0
speed_10,speed,10 m/s,45,P1,30,1522.6,1510.4792169594023,1534.7207830405976,813.6,812.9938807067077,814.2061192932923,0.5346064474034501,0.5303057750264907,0.5389071197804095,709,696.9104414767388,721.0895585232612,709,696.9104414767388,721.0895585232612,1943.5779924528108,1901.0056604502315,1986.15032445539,80.04653951317476,79.99228967766155,80.10078934868798,2.3676565773694325,2.3380391552702857,2.397273999468579,167.31414601379885,167.18949035458627,167.43880167301143,0.8015346829073648,0.7969250123377034,0.8061443534770263,0,0,0,0.1984653170926349,0.19385564652297346,0.20307498766229634
speed_10,speed,10 m/s,45,P2,30,1522.6,1510.4792169594023,1534.7207830405976,813.7666666666667,813.117741306856,814.4155920264773,0.5347159166728978,0.5304129007877739,0.5390189325580216,708.8333333333334,696.7419182983637,720.9247483683031,708.8333333333334,696.7419182983637,720.9247483683031,1938.3181148509382,1895.808093850542,1980.8281358513343,76.23107712605896,76.23107648194677,76.23107777017115,0.9829093234583148,0.9829091776807382,0.9829094692358915,447.011319230857,446.87787958001206,447.14475888170193,0.3827477663155791,0.3823413621423237,0.3831541704888345,0.3834041284383488,0.38309800841389186,0.38371024846280577,0.2338481052460719,0.23325875760610132,0.2344374528860425
speed_10,speed,10 m/s,45,P3-U,30,1522.6,1510.4792169594023,1534.7207830405976,683.1,682.9279978615476,683.2720021384524,0.4488573175620449,0.44524622091012067,0.4524684142139691,839.5,827.3981207880854,851.6018792119146,839.5,827.3981207880854,851.6018792119146,2253.093156294608,2211.1670505177512,2295.0192620714647,77.81261119896907,77.75790873995888,77.86731365797925,0.9998181609286056,0.9997797785508863,0.999856543306325,343.9505654053991,343.91518308303546,343.9859477277628,0.3348948094237526,0.3346928141314615,0.3350968047160437,0.3323087521925043,0.33222509539998396,0.3323924089850246,0.3327964383837429,0.33258452154737916,0.33300835522010663
speed_10,speed,10 m/s,45,P3-D,30,1522.6,1510.4792169594023,1534.7207830405976,683.8,683.6544148548692,683.9455851451307,0.4493186361154511,0.44568214436720416,0.452955127863698,838.8,826.6639986664545,850.9360013335454,838.8,826.6639986664545,850.9360013335454,2089.2081326278535,2046.9856789976027,2131.4305862581045,76.84569081722584,76.76036784208864,76.93101379236305,0.9999090410585686,0.999890690230684,0.9999273918864532,350.36904517633087,350.3391009232342,350.39898942942756,0.3310419574232474,0.3307044909645161,0.33137942388197866,0.34220544039454437,0.3421325188068623,0.34227836198222644,0.32675260218220864,0.3264430519666752,0.32706215239774206
speed_10,speed,10 m/s,80,P0,30,2676.5666666666666,2659.2863673202455,2693.8469660130877,815.9,815.7908111411518,816.0091888588481,0.3049260237834896,0.30297155852496815,0.30688048904201104,1860.6666666666667,1843.3992380410434,1877.93409529229,1860.6666666666667,1843.3992380410434,1877.93409529229,3324.9698899428777,3293.3739534043243,3356.565826481431,80.37134922448863,80.37134909838154,80.37134935059571,2.5500253375326154,2.5500247687181377,2.550025906347093,899.1211973527102,899.0008797190854,899.2415149863349,0,0,0,1,1,1,0,0,0
speed_10,speed,10 m/s,80,P1,30,2676.5666666666666,2659.2863673202455,2693.8469660130877,815.1666666666666,814.934883308972,815.3984500243613,0.3046528830329516,0.3026793399863465,0.30662642607955676,1861.4,1844.081179876136,1878.7188201238641,1861.4,1844.081179876136,1878.7188201238641,3337.484303413492,3305.419897377221,3369.548709449763,79.99213038456408,79.94890336821734,80.03535740091081,2.3376781334244074,2.3142301852499534,2.3611260815988615,167.6363569685478,167.58866996311056,167.68404397398504,0.7985665715993215,0.7949023271494985,0.8022308160491446,0,0,0,0.20143342840067854,0.19776918395085552,0.20509767285050157
speed_10,speed,10 m/s,80,P2,30,2676.5666666666666,2659.2863673202455,2693.8469660130877,815.4,815.1984464932283,815.6015535067717,0.3047399692658076,0.30276892899772345,0.30671100953389174,1861.1666666666667,1843.8540984771114,1878.479234856222,1861.1666666666667,1843.8540984771114,1878.479234856222,3331.7021364053453,3299.58746125117,3363.8168115595204,76.231077353935,76.23107671948468,76.23107798838534,0.9829093750319592,0.9829092314410746,0.9829095186228438,447.34720029151947,447.3057457021748,447.3886548808641,0.382307418430208,0.38206209531542557,0.3825527415449904,0.38263446642732096,0.3825398732874806,0.3827290595671613,0.23505811514247102,0.2347648534663919,0.23535137681855015
speed_10,speed,10 m/s,80,P3-U,30,2676.5666666666666,2659.2863673202455,2693.8469660130877,683.1666666666666,682.934883308972,683.3984500243613,0.2553209377491946,0.2536557879082841,0.25698608759010516,1993.4,1976.058503149627,2010.741496850373,1993.4,1976.058503149627,2010.741496850373,3524.7473169250366,3494.0002848914028,3555.4943489586703,77.75874157768085,77.70580883233669,77.81167432302502,0.9998015225324323,0.999780097482408,0.9998229475824565,343.9642712761093,343.91658305131995,344.0119595008986,0.33471567035173366,0.334515402395089,0.33491593830837835,0.33227645369418535,0.3321637028545811,0.3323892045337896,0.33300787595408105,0.33280105492631773,0.33321469698184436
speed_10,speed,10 m/s,80,P3-D,30,2676.5666666666666,2659.2863673202455,2693.8469660130877,683.5666666666667,683.3863101019915,683.7470232313419,0.2554690714119968,0.25383214745846583,0.2571059953655278,1993,1975.7324008950122,2010.2675991049878,1993,1975.7324008950122,2010.2675991049878,3355.031795086047,3323.413813138014,3386.64977703408,76.79212947128062,76.74643323549869,76.83782570706255,0.9998824295897024,0.999859907751575,0.9999049514278299,350.32094784348516,350.2838562388672,350.3580394481031,0.3309600461214856,0.3307320633553901,0.3311880288875811,0.34232231383730205,0.3422319757259983,0.3424126519486058,0.3267176400412126,0.3264944541579782,0.32694082592444706
speed_20,speed,20 m/s,45,P0,30,1522.6,1510.4792169594023,1534.7207830405976,1251.2666666666667,1244.2110838778092,1258.3222494555241,0.8220283309364579,0.8166687001070538,0.8273879617658619,271.3333333333333,261.456883632286,281.2097830343806,271.46666666666664,261.58690907583275,281.34642425750053,668.8035033447542,645.0977974604916,692.5092092290167,79.5281406746267,79.52814055865124,79.52814079060215,2.100019220548242,2.1000187897226024,2.1000196513738816,689.4476440767904,685.560020234278,693.3352679193029,0,0,0,1,1,1,0,0,0
speed_20,speed,20 m/s,45,P1,30,1522.6,1510.4792169594023,1534.7207830405976,1220.9,1213.9038612028517,1227.8961387971485,0.8020831049945047,0.7967047400591446,0.8074614699298649,301.7,291.60868521376216,311.7913147862378,301.73333333333335,291.6456145347453,311.8210521319214,732.8499301164643,708.6942423702221,757.0056178627065,78.88132355718554,78.83591030354538,78.9267368108257,1.8101717657346614,1.7912282708233733,1.8291152606459495,125.53711237910164,124.81774660511293,126.25647815309036,0.8017244285083991,0.7973516834545861,0.8060971735622121,0,0,0,0.19827557149160105,0.19390282643778797,0.20264831654541413
speed_20,speed,20 m/s,45,P2,30,1522.6,1510.4792169594023,1534.7207830405976,1221.3,1214.253675215723,1228.346324784277,0.8023437328971637,0.7969794003560337,0.8077080654382937,301.3,291.2384838052145,311.3615161947855,301.3333333333333,291.2752481732185,311.39141849344816,728.1407998449547,704.1558885998509,752.1257110900585,76.21960476056066,76.2194772681675,76.21973225295382,0.9803162901707122,0.9802875103379476,0.9803450700034768,405.24028182982005,404.5157555760564,405.9648080835837,0.3914078497142183,0.3877568257467671,0.39505887368166953,0.511060405039207,0.5080878607556552,0.5140329493227589,0.09753174524657461,0.09499166534966313,0.10007182514348609
speed_20,speed,20 m/s,45,P3-U,30,1522.6,1510.4792169594023,1534.7207830405976,1184.8333333333333,1172.1501863895157,1197.5164802771508,0.7783707471276797,0.7698969337227163,0.7868445605326432,337.76666666666665,323.4652930895738,352.0680402437595,337.8,323.49223146148483,352.1077685385152,795.6167292832725,766.2441190756833,824.9893394908618,76.64325826596145,76.55802072196806,76.72849580995484,0.9997343656257665,0.9995450359679106,0.9999236952836223,326.64580310390704,325.3416339554366,327.9499722523775,0.3865062483231594,0.38254538751968453,0.39046710912663424,0.3860318637930142,0.3820271560212476,0.3900365715647808,0.22746188788382635,0.21949845291250536,0.23542532285514733
speed_20,speed,20 m/s,45,P3-D,30,1522.6,1510.4792169594023,1534.7207830405976,1146.3666666666666,1129.3360867349008,1163.3972465984323,0.7530026229043614,0.7425807903669203,0.7634244554418025,376.23333333333335,359.4650349807918,393.0016316858749,376.26666666666665,359.5085755419116,393.0247577914217,917.4758297500188,871.2174767199774,963.7341827800601,76.66536329080367,76.56011667006244,76.7706099115449,0.9999739166917813,0.999963730639328,0.9999841027442345,328.6360861842866,326.93764220369826,330.334530164875,0.41007810499698594,0.4043554902993763,0.4158007196945956,0.41093167926177976,0.40461709891184094,0.4172462596117186,0.17899021574123428,0.16696529262599974,0.1910151388564688
speed_20,speed,20 m/s,80,P0,30,2676.5666666666666,2659.2863673202455,2693.8469660130877,1339.0333333333333,1338.1247211879977,1339.941945478669,0.5004374998959601,0.4971973637992391,0.5036776359926811,1337.5333333333333,1320.1775492450818,1354.8891174215848,1337.5333333333333,1320.1775492450818,1354.8891174215848,2139.8469321718544,2105.221722724916,2174.4721416187926,79.5281407658715,79.52814064045378,79.52814089128921,2.100019559504514,2.100019093602759,2.100020025406269,737.8070569832381,737.3064296018476,738.3076843646286,0,0,0,1,1,1,0,0,0
speed_20,speed,20 m/s,80,P1,30,2676.5666666666666,2659.2863673202455,2693.8469660130877,1294.5333333333333,1293.9335610138244,1295.1331056528422,0.4838045326192159,0.48071872516233144,0.4868903400761004,1382.0333333333333,1364.8083681332062,1399.2582985334604,1382.0333333333333,1364.8083681332062,1399.2582985334604,2230.336548685722,2196.0704289885284,2264.6026683829155,78.8729800021998,78.83662649466066,78.90933350973893,1.8064256007040846,1.7914502183651257,1.8214009830430435,133.1083518232604,133.04667373004452,133.17002991647627,0.7989215199803364,0.795555824322286,0.8022872156383869,0,0,0,0.20107848001966355,0.19771278436161316,0.20444417567771395
speed_20,speed,20 m/s,80,P2,30,2676.5666666666666,2659.2863673202455,2693.8469660130877,1295.2666666666667,1294.6654237140071,1295.8679096193262,0.48407863863633255,0.48099095651001667,0.48716632076264843,1381.3,1364.071275399603,1398.5287246003968,1381.3,1364.071275399603,1398.5287246003968,2222.463467601109,2188.034922112988,2256.89201308923,76.21960527807434,76.21947779951891,76.21973275662977,0.9803164069864091,0.9802876302740684,0.9803451836987498,412.84581969520406,412.78399351865386,412.90764587175426,0.41471403841372656,0.4116611417321069,0.41776693509534624,0.4817548646309527,0.481530647817671,0.48197908144423435,0.10353109695532074,0.10049276873032,0.10656942518032149
speed_20,speed,20 m/s,80,P3-U,30,2676.5666666666666,2659.2863673202455,2693.8469660130877,1259.8,1259.5276351331584,1260.0723648668416,0.4708234562468246,0.46782989391078084,0.47381701858286834,1416.7666666666667,1399.5649938601923,1433.968339473141,1416.7666666666667,1399.5649938601923,1433.968339473141,2292.80035526924,2259.7270182109155,2325.873692327564,76.22473011566585,76.214356874931,76.2351033564007,0.9999357772842268,0.999920511798225,0.9999510427702285,334.3543615548307,334.32635105337124,334.38237205629014,0.3630736869312626,0.36289617835161453,0.3632511955109106,0.36275612134939605,0.3626774876589603,0.3628347550398318,0.274170191719341,0.27393493387206314,0.27440544956661883
speed_20,speed,20 m/s,80,P3-D,30,2676.5666666666666,2659.2863673202455,2693.8469660130877,1190.9666666666667,1190.9013333333335,1191.032,0.44509948779275577,0.44224856261406664,0.4479504129714449,1485.6,1468.3427349858061,1502.8572650141937,1485.6,1468.3427349858061,1502.8572650141937,2406.7298017120324,2373.1058498120005,2440.3537536120643,76.22477591236785,76.21431291130968,76.23523891342602,0.9999661151979187,0.9999625646172159,0.9999696657786215,333.10262258373496,333.0959068848689,333.109338282601,0.3944414340043324,0.3941290690690482,0.3947537989396166,0.3946374183594514,0.39461575259826864,0.3946590841206341,0.21092114763621658,0.2106175509099218,0.21122474436251137
weight_0,route weight,0 km,45,P0,30,1522.6,1510.4792169594023,1534.7207830405976,1082.4333333333334,1077.4662661829288,1087.400400483738,0.7111663941437382,0.706040144284621,0.7162926440028553,440.1666666666667,429.25988588711584,451.07344744621753,440.1666666666667,429.25988588711584,451.07344744621753,1055.3615446085862,1029.3655727143296,1081.3575165028428,79.92322632366836,79.92322621786519,79.92322642947153,2.3000219027884294,2.3000214723377583,2.3000223332391005,795.2272898683666,791.5781476549183,798.8764320818149,0,0,0,1,1,1,0,0,0
weight_0,route weight,0 km,45,P1,30,1522.6,1510.4792169594023,1534.7207830405976,1082.4333333333334,1077.4662661829288,1087.400400483738,0.7111663941437382,0.706040144284621,0.7162926440028553,440.1666666666667,429.25988588711584,451.07344744621753,440.1666666666667,429.25988588711584,451.07344744621753,1055.3615446085862,1029.3655727143296,1081.3575165028428,79.92322632366836,79.92322621786519,79.92322642947153,2.3000219027884294,2.3000214723377583,2.3000223332391005,795.2272898683666,791.5781476549183,798.8764320818149,0,0,0,1,1,1,0,0,0
weight_0,route weight,0 km,45,P2,30,1522.6,1510.4792169594023,1534.7207830405976,1080.4666666666667,1075.6201412912499,1085.3131920420835,0.7098773754809252,0.704748916702743,0.7150058342591075,442.1333333333333,431.1951609699382,453.0715056967285,442.1333333333333,431.1951609699382,453.0715056967285,1065.3102467559734,1039.0995079574602,1091.5209855544865,76.11405999197136,76.11405944574432,76.1140605381984,0.9567792349258825,0.9567791145884299,0.956779355263335,420.6212501260365,419.95679321466343,421.28570703740957,0.4118466324931587,0.4103548224560486,0.41333844253026886,0.4221050616179226,0.4201791727419893,0.4240309504938559,0.16604830588891864,0.1639320415706934,0.16816457020714387
weight_0,route weight,0 km,45,P3-U,30,1522.6,1510.4792169594023,1534.7207830405976,1022.8666666666667,1018.7203289186888,1027.0130044146447,0.6720608589526464,0.6668708203594009,0.677250897545892,499.73333333333335,488.21348867707974,511.25317798958696,499.73333333333335,488.21348867707974,511.25317798958696,1198.5540293497866,1164.132847499678,1232.975211199895,76.46388157167071,76.35917241309988,76.56859073024154,0.9999092913229648,0.9998851705915303,0.9999334120543993,344.6025408291065,344.03408055995146,345.1710010982615,0.33520412788813353,0.3340279221022406,0.3363803336740265,0.33439708154097025,0.33300302068198573,0.3357911423999548,0.3303987905708963,0.3278441601034388,0.33295342103835374
weight_0,route weight,0 km,45,P3-D,30,1522.6,1510.4792169594023,1534.7207830405976,751.6,751.4216953401502,751.7783046598498,0.4938712944291603,0.4898418387962484,0.4979007500620722,771,758.8154858411442,783.1845141588558,771,758.8154858411442,783.1845141588558,925.6983305756415,895.1914686235261,956.2051925277569,76.14718033487902,76.11187682495179,76.18248384480626,0.9999476332804363,0.9999319040192856,0.9999633625415871,314.5825561592679,314.55811043540587,314.6070018831299,0.30619068192764254,0.30397017488624284,0.30841118896904224,0.4709954103748197,0.47088364476870087,0.4711071759809385,0.22281390769753803,0.220606210724953,0.22502160467012305
weight_0,route weight,0 km,80,P0,30,2676.5666666666666,2659.2863673202455,2693.8469660130877,1103.2,1102.7968929864567,1103.6031070135434,0.41229896804455374,0.40964525550164715,0.4149526805874603,1573.3666666666666,1556.073135939942,1590.6601973933912,1573.3666666666666,1556.073135939942,1590.6601973933912,2648.3273239238706,2615.070868884355,2681.583778963386,79.92322656063666,79.92322639083659,79.92322673043674,2.300022866872652,2.300022176056284,2.3000235576890202,810.4838480396191,810.187710915245,810.7799851639933,0,0,0,1,1,1,0,0,0
weight_0,route weight,0 km,80,P1,30,2676.5666666666666,2659.2863673202455,2693.8469660130877,1103.2,1102.7968929864567,1103.6031070135434,0.41229896804455374,0.40964525550164715,0.4149526805874603,1573.3666666666666,1556.073135939942,1590.6601973933912,1573.3666666666666,1556.073135939942,1590.6601973933912,2648.3273239238706,2615.070868884355,2681.583778963386,79.92322656063666,79.92322639083659,79.92322673043674,2.300022866872652,2.300022176056284,2.3000235576890202,810.4838480396191,810.187710915245,810.7799851639933,0,0,0,1,1,1,0,0,0
weight_0,route weight,0 km,80,P2,30,2676.5666666666666,2659.2863673202455,2693.8469660130877,1101.0666666666666,1100.569991066963,1101.5633422663702,0.4115014595995195,0.4088553874054842,0.4141475317935548,1575.5,1558.2153401610815,1592.7846598389185,1575.5,1558.2153401610815,1592.7846598389185,2660.8308165716667,2627.575518920735,2694.0861142225986,76.11405945041517,76.11405904847486,76.11405985235548,0.9567791156174781,0.9567790270673998,0.9567792041675564,423.4454474216337,423.37736835916945,423.5135264840979,0.4109657569209284,0.41004871401696313,0.4118827998248937,0.4141444976108028,0.41395739871476145,0.41433159650684415,0.1748897454682687,0.17391740720409526,0.1758620837324421
weight_0,route weight,0 km,80,P3-U,30,2676.5666666666666,2659.2863673202455,2693.8469660130877,1027.8666666666666,1027.5734813330519,1028.1598520002813,0.38414586108804943,0.3816490046659796,0.38664271751011925,1648.7,1631.3448731719302,1666.05512682807,1648.7,1631.3448731719302,1666.05512682807,2781.1035295182796,2748.2640155469476,2813.9430434896117,76.52296079198844,76.46997958636105,76.57594199761583,0.9998791700606117,0.9998530637068972,0.9999052764143261,345.28796469574434,345.24776392166876,345.3281654698199,0.3337010740276268,0.33360590852464234,0.3337962395306112,0.3327281845989748,0.33263329654643636,0.33282307265151323,0.3335707413733985,0.33338068781787566,0.3337607949289213
weight_0,route weight,0 km,80,P3-D,30,2676.5666666666666,2659.2863673202455,2693.8469660130877,751.6666666666666,751.49509292773,751.8382404056033,0.28091948439228265,0.27913088279138754,0.28270808599317776,1924.9,1907.667380159282,1942.1326198407182,1924.9,1907.667380159282,1942.1326198407182,2176.8720640037195,2145.638764952559,2208.10536305488,76.11386637616543,76.11371214027562,76.11402061205524,0.9999654989093275,0.9999553892402765,0.9999756085783785,314.5916464199952,314.56809614840654,314.61519669158383,0.30070904278928334,0.29983681622636715,0.30158126935219953,0.47095362212086034,0.47084607561622893,0.47106116862549174,0.2283373350898566,0.2274941374733521,0.2291805327063611
weight_0_70,route weight,0.70 km,45,P0,30,1522.6,1510.4792169594023,1534.7207830405976,1082.4333333333334,1077.4662661829288,1087.400400483738,0.7111663941437382,0.706040144284621,0.7162926440028553,440.1666666666667,429.25988588711584,451.07344744621753,440.1666666666667,429.25988588711584,451.07344744621753,1055.3615446085862,1029.3655727143296,1081.3575165028428,79.92322632366836,79.92322621786519,79.92322642947153,2.3000219027884294,2.3000214723377583,2.3000223332391005,795.2272898683666,791.5781476549183,798.8764320818149,0,0,0,1,1,1,0,0,0
weight_0_70,route weight,0.70 km,45,P1,30,1522.6,1510.4792169594023,1534.7207830405976,1054.2,1050.134679823442,1058.2653201765581,0.6926402075617109,0.6875107729364932,0.6977696421869285,468.4,457.1710525810327,479.62894741896724,468.4,457.1710525810327,479.62894741896724,1130.554829367324,1100.4489010169307,1160.6607577177172,79.36903057011152,79.32765609221192,79.41040504801111,2.0251613687651435,2.0059440642275908,2.0443786733026963,144.52853822241016,143.97119998833827,145.08587645648205,0.8025191238908493,0.7982111752747614,0.8068270725069373,0,0,0,0.19748087610915074,0.19317292749306275,0.20178882472523874
weight_0_70,route weight,0.70 km,45,P2,30,1522.6,1510.4792169594023,1534.7207830405976,1080.4666666666667,1075.6201412912499,1085.3131920420835,0.7098773754809252,0.704748916702743,0.7150058342591075,442.1333333333333,431.1951609699382,453.0715056967285,442.1333333333333,431.1951609699382,453.0715056967285,1065.3102467559734,1039.0995079574602,1091.5209855544865,76.11405999197136,76.11405944574432,76.1140605381984,0.9567792349258825,0.9567791145884299,0.956779355263335,420.6212501260365,419.95679321466343,421.28570703740957,0.4118466324931587,0.4103548224560486,0.41333844253026886,0.4221050616179226,0.4201791727419893,0.4240309504938559,0.16604830588891864,0.1639320415706934,0.16816457020714387
weight_0_70,route weight,0.70 km,45,P3-U,30,1522.6,1510.4792169594023,1534.7207830405976,1022.8666666666667,1018.7203289186888,1027.0130044146447,0.6720608589526464,0.6668708203594009,0.677250897545892,499.73333333333335,488.21348867707974,511.25317798958696,499.73333333333335,488.21348867707974,511.25317798958696,1198.5540293497866,1164.132847499678,1232.975211199895,76.46388157167071,76.35917241309988,76.56859073024154,0.9999092913229648,0.9998851705915303,0.9999334120543993,344.6025408291065,344.03408055995146,345.1710010982615,0.33520412788813353,0.3340279221022406,0.3363803336740265,0.33439708154097025,0.33300302068198573,0.3357911423999548,0.3303987905708963,0.3278441601034388,0.33295342103835374
weight_0_70,route weight,0.70 km,45,P3-D,30,1522.6,1510.4792169594023,1534.7207830405976,751.6,751.4216953401502,751.7783046598498,0.4938712944291603,0.4898418387962484,0.4979007500620722,771,758.8154858411442,783.1845141588558,771,758.8154858411442,783.1845141588558,925.6983305756415,895.1914686235261,956.2051925277569,76.14718033487902,76.11187682495179,76.18248384480626,0.9999476332804363,0.9999319040192856,0.9999633625415871,314.5825561592679,314.55811043540587,314.6070018831299,0.30619068192764254,0.30397017488624284,0.30841118896904224,0.4709954103748197,0.47088364476870087,0.4711071759809385,0.22281390769753803,0.220606210724953,0.22502160467012305
weight_0_70,route weight,0.70 km,80,P0,30,2676.5666666666666,2659.2863673202455,2693.8469660130877,1103.2,1102.7968929864567,1103.6031070135434,0.41229896804455374,0.40964525550164715,0.4149526805874603,1573.3666666666666,1556.073135939942,1590.6601973933912,1573.3666666666666,1556.073135939942,1590.6601973933912,2648.3273239238706,2615.070868884355,2681.583778963386,79.92322656063666,79.92322639083659,79.92322673043674,2.300022866872652,2.300022176056284,2.3000235576890202,810.4838480396191,810.187710915245,810.7799851639933,0,0,0,1,1,1,0,0,0
weight_0_70,route weight,0.70 km,80,P1,30,2676.5666666666666,2659.2863673202455,2693.8469660130877,1068.2333333333333,1067.6413417728675,1068.8253248937992,0.3992308850647583,0.39665460171677575,0.40180716841274083,1608.3333333333333,1591.0372877462578,1625.6293789204087,1608.3333333333333,1591.0372877462578,1625.6293789204087,2727.4973386637953,2694.0643224194,2760.9303549081906,79.30759392831322,79.26269021012749,79.35249764649896,1.9968454251475467,1.9758832157194413,2.017807634575652,146.45249254511185,146.3713539329123,146.5336311573114,0.7988650283002067,0.7952378390830114,0.802492217517402,0,0,0,0.20113497169979336,0.19750778248259807,0.20476216091698865
weight_0_70,route weight,0.70 km,80,P2,30,2676.5666666666666,2659.2863673202455,2693.8469660130877,1101.0666666666666,1100.569991066963,1101.5633422663702,0.4115014595995195,0.4088553874054842,0.4141475317935548,1575.5,1558.2153401610815,1592.7846598389185,1575.5,1558.2153401610815,1592.7846598389185,2660.8308165716667,2627.575518920735,2694.0861142225986,76.11405945041517,76.11405904847486,76.11405985235548,0.9567791156174781,0.9567790270673998,0.9567792041675564,423.4454474216337,423.37736835916945,423.5135264840979,0.4109657569209284,0.41004871401696313,0.4118827998248937,0.4141444976108028,0.41395739871476145,0.41433159650684415,0.1748897454682687,0.17391740720409526,0.1758620837324421
weight_0_70,route weight,0.70 km,80,P3-U,30,2676.5666666666666,2659.2863673202455,2693.8469660130877,1027.8666666666666,1027.5734813330519,1028.1598520002813,0.38414586108804943,0.3816490046659796,0.38664271751011925,1648.7,1631.3448731719302,1666.05512682807,1648.7,1631.3448731719302,1666.05512682807,2781.1035295182796,2748.2640155469476,2813.9430434896117,76.52296079198844,76.46997958636105,76.57594199761583,0.9998791700606117,0.9998530637068972,0.9999052764143261,345.28796469574434,345.24776392166876,345.3281654698199,0.3337010740276268,0.33360590852464234,0.3337962395306112,0.3327281845989748,0.33263329654643636,0.33282307265151323,0.3335707413733985,0.33338068781787566,0.3337607949289213
weight_0_70,route weight,0.70 km,80,P3-D,30,2676.5666666666666,2659.2863673202455,2693.8469660130877,751.6666666666666,751.49509292773,751.8382404056033,0.28091948439228265,0.27913088279138754,0.28270808599317776,1924.9,1907.667380159282,1942.1326198407182,1924.9,1907.667380159282,1942.1326198407182,2176.8720640037195,2145.638764952559,2208.10536305488,76.11386637616543,76.11371214027562,76.11402061205524,0.9999654989093275,0.9999553892402765,0.9999756085783785,314.5916464199952,314.56809614840654,314.61519669158383,0.30070904278928334,0.29983681622636715,0.30158126935219953,0.47095362212086034,0.47084607561622893,0.47106116862549174,0.2283373350898566,0.2274941374733521,0.2291805327063611
