demand,fleet_size,charger_capacity,runs,periods,requests_mean,requests_ci_low,requests_ci_high,dispatched_mean,dispatched_ci_low,dispatched_ci_high,completion_rate_mean,completion_rate_ci_low,completion_rate_ci_high,late_service_ratio_mean,late_service_ratio_ci_low,late_service_ratio_ci_high,final_queue_mean,final_queue_ci_low,final_queue_ci_high,late_queue_slope_mean,late_queue_slope_ci_low,late_queue_slope_ci_high,mean_wait_minutes_mean,mean_wait_minutes_ci_low,mean_wait_minutes_ci_high,late_mean_wait_minutes_mean,late_mean_wait_minutes_ci_low,late_mean_wait_minutes_ci_high,late_p95_wait_mean_mean,late_p95_wait_mean_ci_low,late_p95_wait_mean_ci_high,final_oldest_queue_age_mean,final_oldest_queue_age_ci_low,final_oldest_queue_age_ci_high,north_completion_rate_mean,north_completion_rate_ci_low,north_completion_rate_ci_high,central_completion_rate_mean,central_completion_rate_ci_low,central_completion_rate_ci_high,south_completion_rate_mean,south_completion_rate_ci_low,south_completion_rate_ci_high,late_budget_mean_mean,late_budget_mean_ci_low,late_budget_mean_ci_high,late_budget_sd_mean,late_budget_sd_ci_low,late_budget_sd_ci_high,late_exposure_mean_mean,late_exposure_mean_ci_low,late_exposure_mean_ci_high,stable_mean,stable_ci_low,stable_ci_high,runtime_ms_mean,runtime_ms_ci_low,runtime_ms_ci_high,configuration_stable
10,1,1,30,120,1870.1333333333334,1854.8857266115133,1885.3809400551536,1868.3,1853.0821299057031,1883.5178700942968,0.9990206413758621,0.9987332363250327,0.9993080464266915,0.9994464156703374,0.9970971956285716,1.0017956357121034,1.8333333333333333,1.2928079751536738,2.373858691512993,0.007028985507246375,-0.0064573946387359304,0.02051536565322868,24.17259431784111,23.18944832280339,25.15574031287883,24.674512398846698,22.6737937545025,26.675231043190895,55.37332924931973,52.742307080783355,58.00435141785611,25.9,16.742228580090547,35.05777141990945,0.9988316604685018,0.9982257633108756,0.999437557626128,0.9990626805379651,0.9987451424852936,0.9993802185906366,0.9991104310897622,0.9985896366118372,0.9996312255676871,40,40,40,0,0,0,5.56945760452376,5.474613272925051,5.6643019361224685,1,1,1,9.816343033333329,8.834240643286252,10.798445423380405,1
10,2,2,30,120,1870.1333333333334,1854.8857266115133,1885.3809400551536,1869.3,1854.0998400310898,1884.50015996891,0.999555885985804,0.9993898462814742,0.9997219256901339,0.9997505509876811,0.9987055045655228,1.0007955974098393,0.8333333333333334,0.5204757830915421,1.1461908835751247,0.00436231884057971,-0.003019022428621833,0.011743660109781253,1.8575127339338282,1.7862783926272912,1.9287470752403653,1.9251628511106225,1.775151651899936,2.075174050321309,11.146404635956996,10.49453509070848,11.798274181205512,6.066666666666666,3.5839999999999996,8.549333333333333,0.9993775701180385,0.9988982123727326,0.9998569278633445,0.9996179380116276,0.999420106851357,0.9998157691718982,0.9995589124832177,0.9991996200896921,0.9999182048767433,40,40,40,0,0,0,5.575013554432092,5.481213204910145,5.668813903954038,1,1,1,6.623979200000006,6.153819337286807,7.0941390627132055,1
10,3,3,30,120,1870.1333333333334,1854.8857266115133,1885.3809400551536,1869.3333333333333,1854.1403842931898,1884.5262823734768,0.9995739430461145,0.999413433518825,0.999734452573404,0.9998375831895957,0.9988343063312249,1.0008408600479664,0.8,0.4969403533538533,1.1030596466461469,0.0033768115942029,-0.0036090173602567983,0.010362640548662597,0.4827988657958719,0.46179533166474734,0.5038023999269964,0.5105735693454572,0.45692303729961214,0.5642241013913022,4.6170753758582475,4.202685946622381,5.031464805094114,5.933333333333334,3.5897340318690762,8.276932634797591,0.9993775701180385,0.9988982123727326,0.9998569278633445,0.9996179380116276,0.999420106851357,0.9998157691718982,0.9996490025733078,0.9993229819570305,0.9999750231895851,40,40,40,0,0,0,5.577784365827164,5.4839136711414875,5.671655060512841,1,1,1,6.206084800000008,5.727815094354006,6.68435450564601,1
10,4,4,30,120,1870.1333333333334,1854.8857266115133,1885.3809400551536,1869.3666666666666,1854.1806508994805,1884.5526824338526,0.9995920001064251,0.9994293268212456,0.9997546733916046,0.9999246153915105,0.9989350679781044,1.0009141628049165,0.7666666666666667,0.4595065439355925,1.073826789397741,0.002710144927536234,-0.004464897592346771,0.009885187447419239,0.30384720600690507,0.29070233967424053,0.3169920723395696,0.32244431480952956,0.2834241068936317,0.36146452272542745,3.3511446157561595,2.9772009489431177,3.7250882825692013,5.166666666666667,3.096908430280561,7.236424903052773,0.9993775701180385,0.9988982123727326,0.9998569278633445,0.9996486599778334,0.9994527747634168,0.99984454519225,0.9996490025733078,0.9993229819570305,0.9999750231895851,40,40,40,0,0,0,5.577791339500678,5.48499107541433,5.670591603587026,1,1,1,6.217837466666682,5.861939655008126,6.573735278325237,1
10,6,6,30,120,1870.1333333333334,1854.8857266115133,1885.3809400551536,1869.3666666666666,1854.1806508994805,1884.5526824338526,0.9995920001064251,0.9994293268212456,0.9997546733916046,0.9999246153915105,0.9989350679781044,1.0009141628049165,0.7666666666666667,0.4595065439355925,1.073826789397741,0.0026086956521739145,-0.00458555337948781,0.00980294468383564,0.27607126770597146,0.26392999124365224,0.2882125441682907,0.29537616066441247,0.2602689227165214,0.3304833986123035,3.1365740740740766,2.758643030223278,3.5145051179248754,5.166666666666667,3.096908430280561,7.236424903052773,0.9993775701180385,0.9988982123727326,0.9998569278633445,0.9996486599778334,0.9994527747634168,0.99984454519225,0.9996490025733078,0.9993229819570305,0.9999750231895851,40,40,40,0,0,0,5.576409431130549,5.483770190656728,5.6690486716043695,1,1,1,11.969995866666652,5.922913107251182,18.017078626082125,1
15,1,1,30,120,2808.9333333333334,2791.8917506608036,2825.974916005863,2683.7,2678.6662914108065,2688.733708589193,0.95564330644419,0.9504269817294578,0.9608596311589223,0.9549876533351643,0.941090876439887,0.9688844302304417,125.23333333333333,109.88184075598143,140.58482591068523,1.2146666666666668,0.844018502539877,1.5853148307934566,1238.6408908345475,1081.2311530636039,1396.050628605491,2186.6073118612576,1898.4778911763738,2474.7367325461414,2241.4926889260696,1953.6784289612888,2529.3069488908504,2458,2156.1186465109713,2759.8813534890287,0.9558210365241041,0.9496647504852499,0.9619773225629583,0.9557584110171169,0.9504540224951316,0.9610627995391022,0.9551455345854801,0.9498163291768679,0.9604747399940924,40,40,40,0,0,0,7.97693217041683,7.953997896628678,7.999866444204981,0,0,0,18.259986133333328,17.92165281676286,18.598319449903794,0
15,2,2,30,120,2808.9333333333334,2791.8917506608036,2825.974916005863,2807.6,2790.6820289143416,2824.5179710856582,0.9995272343398186,0.9993857162148745,0.9996687524647627,0.9999182445267507,0.9987563059494903,1.0010801831040113,1.3333333333333333,0.9309572487930593,1.7357094178736072,0.008942028985507248,-0.0011405885886972798,0.019024646559711776,4.553217146695002,4.413617167190255,4.692817126199749,4.7758007213802625,4.442412186803206,5.109189255957319,18.600225826352617,17.843632880281536,19.356818772423697,11.566666666666666,6.827984495397263,16.30534883793607,0.9997068329080828,0.9994678696049422,0.9999457962112235,0.9995477186219635,0.9993753072421121,0.9997201300018148,0.9992968524599114,0.9988129802770175,0.9997807246428053,39.999966446202514,39.99990068075944,40.00003221164559,0.00016437936555907434,-0.00015780419093671118,0.0004865629220548598,8.293469110771857,8.181550405323826,8.40538781621989,1,1,1,10.338894499999984,9.802735385974104,10.875053614025864,1
15,3,3,30,120,2808.9333333333334,2791.8917506608036,2825.974916005863,2807.9,2791.0032486724435,2824.7967513275566,0.9996344043696557,0.9994964310230736,0.9997723777162377,0.9998587118288782,0.9990560722566507,1.0006613514011056,1.0333333333333334,0.6403957572511803,1.4262709094154866,0.008695652173913044,-0.0003647392300459469,0.017756043577872034,0.9401656214886679,0.9067709675935354,0.9735602753838004,0.9841494671332514,0.9098088744920353,1.0584900597744675,6.130519411271649,5.730255335563867,6.5307834869794315,4.466666666666667,2.625783586889474,6.3075497464438595,0.9997685613031445,0.9995535021463313,0.9999836204599577,0.9996864120063385,0.9995241898719766,0.9998486341407004,0.9993559541147577,0.9989053597149247,0.9998065485145908,39.999932883964384,39.999841483713084,40.000024284215684,0.00032880008166026874,-0.00011896787442819174,0.0007765680377487292,8.28655285191797,8.175625428415012,8.397480275420927,1,1,1,9.089291566666695,8.753990971718137,9.424592161615253,1
15,4,4,30,120,2808.9333333333334,2791.8917506608036,2825.974916005863,2807.9,2791.0032486724435,2824.7967513275566,0.9996344043696557,0.9994964310230736,0.9997723777162377,0.9998587118288782,0.9990560722566507,1.0006613514011056,1.0333333333333334,0.6403957572511803,1.4262709094154866,0.009608695652173914,0.0005657931467635945,0.018651598157584236,0.39972696640240524,0.381494353610759,0.41795957919405147,0.423642893776213,0.3819869710591071,0.4652988164933189,2.9271413613577955,2.591463643409838,3.262819079305753,4.466666666666667,2.625783586889474,6.3075497464438595,0.9997685613031445,0.9995535021463313,0.9999836204599577,0.9996864120063385,0.9995241898719766,0.9998486341407004,0.9993559541147577,0.9989053597149247,0.9998065485145908,39.999930791862326,39.9998364960363,40.00002508768835,0.0003390492467050412,-0.00012290407055596533,0.0008010025639660477,8.290698572228134,8.181134560150886,8.400262584305382,1,1,1,9.818345800000042,9.05389798148222,10.582793618517865,1
15,6,6,30,120,2808.9333333333334,2791.8917506608036,2825.974916005863,2807.9,2791.0032486724435,2824.7967513275566,0.9996344043696557,0.9994964310230736,0.9997723777162377,0.9998587118288782,0.9990560722566507,1.0006613514011056,1.0333333333333334,0.6403957572511803,1.4262709094154866,0.01008695652173913,0.0009590658350353033,0.019214847208442958,0.28161055650042177,0.2661153481159606,0.29710576488488294,0.29060328643275996,0.2603262652497745,0.32088030761574543,1.9833972780449787,1.6821505266498828,2.2846440294400745,4.466666666666667,2.625783586889474,6.3075497464438595,0.9997685613031445,0.9995535021463313,0.9999836204599577,0.9996864120063385,0.9995241898719766,0.9998486341407004,0.9993559541147577,0.9989053597149247,0.9998065485145908,39.999930791862326,39.9998364960363,40.00002508768835,0.0003390492467050412,-0.00012290407055596533,0.0008010025639660477,8.290698599186637,8.18290468299358,8.398492515379694,1,1,1,8.913311133333355,8.543518512525063,9.283103754141647,1
18,1,1,30,120,3370.366666666667,3350.411125047407,3390.3222082859265,2710.8,2706.404831325403,2715.1951686745974,0.8045085521166625,0.7997516726471643,0.8092654315861607,0.7971092845294057,0.7861430418983664,0.808075527160445,659.5666666666667,639.7505274476389,679.3828058856946,5.781710144927536,5.374956106139318,6.188464183715754,5265.606456100738,5092.367406951804,5438.845505249672,9761.803505184156,9471.572158099932,10052.03485226838,9823.222068952713,9532.990808917248,10113.453328988178,10965.333333333334,10668.584471491466,11262.082195175202,0.8022923879362701,0.7967152742857426,0.8078695015867976,0.8048748115685892,0.7998464483398631,0.8099031747973153,0.8058367491605376,0.7979443187800374,0.8137291795410379,40,40,40,0,0,0,7.968668763353974,7.9493140328719445,7.988023493836003,0,0,0,22.02239863333325,21.476469304973186,22.568327961693313,0
18,2,2,30,120,3370.366666666667,3350.411125047407,3390.3222082859265,3368.866666666667,3348.9662429448836,3388.76709038845,0.9995556465256504,0.9994206098269776,0.9996906832243233,0.9997205337968406,0.998639377540802,1.0008016900528791,1.5,1.0420234408448046,1.9579765591551954,0.008347826086956523,-0.007924800222517939,0.024620452396430986,7.639789453661943,7.3682136183132885,7.911365289010598,7.738971076113925,7.314656347231747,8.163285804996104,24.31001721249084,23.354012669567908,25.266021755413774,11.566666666666666,6.431751006672918,16.701582326660414,0.9996595260430076,0.9993626951776797,0.9999563569083354,0.9994873496246914,0.9992805100104782,0.9996941892389046,0.9996553506182763,0.9994277320743197,0.9998829691622328,39.997955965945174,39.99591036385429,40.000001568036055,0.010013680902415426,-0.000007681776435227577,0.02003504358126608,9.872042270814054,9.73982138936681,10.004263152261299,0.9666666666666667,0.9013333333333333,1.032,21.559808366666736,15.772778672854237,27.346838060479236,1
18,3,3,30,120,3370.366666666667,3350.411125047407,3390.3222082859265,3369.3,3349.3777509324864,3389.222249067514,0.9996839080879594,0.9995881054333828,0.9997797107425359,0.9999043672407867,0.9991975594086375,1.0006111750729358,1.0666666666666667,0.7420339180784524,1.3912994152548808,0.0030869565217391307,-0.008469268194288601,0.014643181237766863,1.3961775213837664,1.3436210244803808,1.448734018287152,1.383334691615372,1.287890513631887,1.4787788695988568,8.26248245111419,7.804255831974335,8.720709070254046,4.5,2.8702752506571274,6.129724749342873,0.9998528505812491,0.9996921685205526,1.0000135326419455,0.9996203048283334,0.9994754202874442,0.9997651893692227,0.9997043702261194,0.9994889206361333,0.9999198198161054,39.99781756651012,39.99616460972312,39.99947052329713,0.010691696895549746,0.0025938955054825123,0.01878949828561698,9.865160739204777,9.729858304832073,10.000463173577481,1,1,1,12.357612466666797,11.736340919222625,12.97888401411097,1
18,4,4,30,120,3370.366666666667,3350.411125047407,3390.3222082859265,3369.3,3349.3777509324864,3389.222249067514,0.9996839080879594,0.9995881054333828,0.9997797107425359,0.9998571528876234,0.9991835128664274,1.0005307929088196,1.0666666666666667,0.7420339180784524,1.3912994152548808,0.0038115942028985514,-0.007536563113861973,0.015159751519659077,0.49764870577427495,0.4766782433516054,0.5186191681969445,0.48654960501301564,0.45011145597043706,0.5229877540555942,3.5441361701299794,3.1900817633051815,3.8981905769547773,4.5,2.8702752506571274,6.129724749342873,0.9998528505812491,0.9996921685205526,1.0000135326419455,0.9996203048283334,0.9994754202874442,0.9997651893692227,0.9997043702261194,0.9994889206361333,0.9999198198161054,39.99774837235338,39.99610179776527,39.999394946941486,0.010923415758895128,0.0028531661539545217,0.018993665363835732,9.866535720973145,9.732147746951137,10.000923694995153,1,1,1,11.907744299999893,11.094405959474805,12.72108264052498,1
18,6,6,30,120,3370.366666666667,3350.411125047407,3390.3222082859265,3369.3,3349.3777509324864,3389.222249067514,0.9996839080879594,0.9995881054333828,0.9997797107425359,0.9998571528876234,0.9991835128664274,1.0005307929088196,1.0666666666666667,0.7420339180784524,1.3912994152548808,0.004159420289855073,-0.007099161350748097,0.015418001930458242,0.2876973265190627,0.27714256407223176,0.29825208896589367,0.28398538481669505,0.2622765590717627,0.3056942105616274,1.781512424781785,1.5299100407190058,2.0331148088445645,4.5,2.8702752506571274,6.129724749342873,0.9998528505812491,0.9996921685205526,1.0000135326419455,0.9996203048283334,0.9994754202874442,0.9997651893692227,0.9997043702261194,0.9994889206361333,0.9999198198161054,39.99774837235338,39.99610179776527,39.999394946941486,0.010923415758895128,0.0028531661539545217,0.018993665363835732,9.86791763216587,9.733071911356712,10.002763352975029,1,1,1,11.158882000000025,10.694151688232367,11.623612311767683,1
20,1,1,30,120,3744.266666666667,3725.5392692743935,3762.9940640589402,2726.4333333333334,2722.402610089332,2730.4640565773348,0.7282843660992154,0.7248989705926273,0.7316697616058035,0.7163047129629407,0.7089102710098835,0.723699154915998,1017.8333333333334,1000.2612798592792,1035.4053868073875,8.873869565217394,8.427143211207184,9.320595919227603,7191.505241749075,7064.21110656187,7318.79937693628,13612.806422288051,13394.80756711953,13830.805277456573,13681.840996819721,13463.876033112223,13899.80596052722,15233.666666666666,15028.772635242103,15438.560698091229,0.7261893155372152,0.7200233999239417,0.7323552311504887,0.7291376291033881,0.7252856144145791,0.7329896437921971,0.7278572314007288,0.721745631156442,0.7339688316450156,40,40,40,0,0,0,7.993508743156953,7.971276034942017,8.01574145137189,0,0,0,24.870956900000024,24.390324653834377,25.351589146165672,0
20,2,2,30,120,3744.266666666667,3725.5392692743935,3762.9940640589402,3741.9666666666667,3723.181696643021,3760.7516366903124,0.9993851560454474,0.9991946242807096,0.9995756878101852,0.9994509185952328,0.998540850442189,1.0003609867482768,2.3,1.5833843268609695,3.01661567313903,0.012434782608695657,-0.006806005780551178,0.03167557099794249,10.825630548935615,10.449516888748962,11.20174420912227,11.332671481150873,10.523292117325855,12.142050844975891,31.123967361276296,29.822090826685322,32.42584389586727,18.833333333333332,13.185390093954148,24.481276572712517,0.9995110954800359,0.9992767427947167,0.9997454481653552,0.9993455400396215,0.9991200328267432,0.9995710472524998,0.9993741006415874,0.9990269851045249,0.9997212161786498,39.987883159831306,39.9821452624899,39.99362105717271,0.04020440145137378,0.024472837869760615,0.055935965032986944,10.941197376227292,10.830579424161895,11.051815328292689,0.9333333333333333,0.8425450443861255,1.0241216222805412,16.128765233333343,15.344129839085527,16.913400627581158,1
20,3,3,30,120,3744.266666666667,3725.5392692743935,3762.9940640589402,3742.9333333333334,3724.1670718060923,3761.6995948605745,0.999643499719253,0.9995176434219386,0.9997693560165675,1.0000026528327595,0.9994712368536578,1.0005340688118611,1.3333333333333333,0.8603371769169472,1.8063294897497193,0.004420289855072462,-0.008117851633870599,0.01695843134401552,1.8347741285653572,1.7700089337913207,1.8995393233393936,1.8943074309544121,1.769763157045373,2.0188517048634513,10.283418605096196,9.876160085634496,10.690677124557897,8.3,5.580975732819356,11.019024267180646,0.9997760493951723,0.9995934706813843,0.9999586281089603,0.9996134051922354,0.9994633397588667,0.9997634706256041,0.9995999812812084,0.9993146520818561,0.9998853104805607,39.9771286953562,39.9679022667237,39.9863551239887,0.07423814188957704,0.04944827949615077,0.09902800428300332,10.960635229797841,10.850450875421771,11.070819584173911,1,1,1,13.18074586666653,12.765123786162924,13.596367947170137,1
20,4,4,30,120,3744.266666666667,3725.5392692743935,3762.9940640589402,3743.0666666666666,3724.28652778788,3761.846805545453,0.9996789619657385,0.9995742849371074,0.9997836389943695,1.000001326334851,0.9995811672876629,1.0004214853820392,1.2,0.8079999999999999,1.592,0.004144927536231884,-0.006783413263203922,0.015073268335667689,0.60878963224599,0.5859009658837923,0.6316782986081878,0.6159796175554721,0.5806683629253547,0.6512908721855896,4.245733001000381,3.9640493442388443,4.5274166577619175,7.166666666666667,4.8588563727970815,9.474476960536252,0.9998179254420734,0.9996487557634972,0.9999870951206495,0.9996582201661098,0.9995212160511687,0.9997952242810509,0.9995999812812084,0.9993146520818561,0.9998853104805607,39.97540116541367,39.96588410793644,39.984918222890904,0.08241765714022807,0.05492832723105923,0.10990698704939691,10.964780791889758,10.854189999744685,11.075371584034832,1,1,1,14.74015966666666,12.68819476222503,16.79212457110829,1
20,6,6,30,120,3744.266666666667,3725.5392692743935,3762.9940640589402,3743.1,3724.342112968539,3761.857887031461,0.9996880943858298,0.9995845151093322,0.9997916736623275,1.0000472400171283,0.9996175705648482,1.0004769094694084,1.1666666666666667,0.7782500952511419,1.5550832380821915,0.004405797101449275,-0.005749909284303185,0.014561503487201734,0.2967579177736547,0.2864441160983907,0.30707171944891865,0.3060848156790392,0.2856345970263133,0.3265350343317652,1.9111054799228644,1.6316686380667789,2.19054232177895,6.9,4.7175375291241295,9.082462470875871,0.9998652067659505,0.9997178334446379,1.000012580087263,0.9996582201661098,0.9995212160511687,0.9997952242810509,0.9995999812812084,0.9993146520818561,0.9998853104805607,39.97577383297102,39.9666389529871,39.98490871295495,0.08236038732084208,0.05508291062366712,0.10963786401801705,10.957878123947,10.844869587291178,11.07088666060282,1,1,1,13.544958299999962,12.01219890876484,15.077717691235083,1
22,1,1,30,120,4123.133333333333,4101.875755591903,4144.390911074764,2738.633333333333,2735.101476352678,2742.165190313988,0.664339564148429,0.6609450935536898,0.6677340347431682,0.6498958336092853,0.6423421095778962,0.6574495576406744,1384.5,1363.6514078867792,1405.3485921132208,12.63831884057971,12.12365370494994,13.152983976209482,8870.780343831117,8731.536266979652,9010.024420682581,16803.13113150061,16580.732209023172,17025.530053978047,16881.987840075595,16659.255080000592,17104.7206001506,18805.066666666666,18566.932114727344,19043.201218605987,0.6600765637073038,0.6538527696960528,0.6663003577185549,0.6667900499322515,0.6626558216309529,0.6709242782335502,0.6612393167837751,0.6550496012578382,0.6674290323097121,40,40,40,0,0,0,7.979758667066062,7.959077456404542,8.000439877727581,0,0,0,27.51375153333314,26.90118476653582,28.126318300130457,0
22,2,2,30,120,4123.133333333333,4101.875755591903,4144.390911074764,4121.2,4100.106182774342,4142.293817225657,0.9995326197869127,0.999415769718493,0.9996494698553323,1.0008083422898837,0.9997554763596912,1.0018612082200762,1.9333333333333333,1.4456291330508464,2.42103753361582,-0.011840579710144926,-0.03508653321856217,0.011405373798272316,16.455138649137506,15.82169748295926,17.08857981531575,17.69048080714487,15.278367655647514,20.102593958642224,41.21099022371347,38.454563202588325,43.96741724483862,19.4,14.132714158322994,24.667285841677003,0.9993889970903737,0.9990171640721339,0.9997608301086134,0.99961137125051,0.9994836388414682,0.9997391036595519,0.9994415358667016,0.999150573246418,0.9997324984869852,39.93132601948407,39.908188876538915,39.95446316242922,0.15046787518444607,0.11276777053059256,0.18816797983829958,12.106396302842718,11.96726606767096,12.245526538014476,1,1,1,19.18144443333337,18.746688283595745,19.61620058307099,1
22,3,3,30,120,4123.133333333333,4101.875755591903,4144.390911074764,4122.033333333334,4100.854680061196,4143.211986605472,0.9997339581522624,0.999642338151337,0.9998255781531878,1.0005369238834887,0.9998880056617755,1.001185842105202,1.1,0.7200116154225329,1.4799883845774673,-0.006043478260869564,-0.01735255966245218,0.00526560314071305,2.4044190841843873,2.3453197189795296,2.463518449389245,2.5441676143389085,2.3378501337777506,2.7504850949000663,12.60460896572431,12.058980364748535,13.150237566700085,7.233333333333333,4.64828583678961,9.818380829877057,0.9997118013495072,0.9994621329588623,0.9999614697401521,0.9997314024944225,0.9996099089912863,0.9998528959975587,0.9997612022257036,0.9995873348781765,0.9999350695732308,39.89954566171519,39.860870568518266,39.93822075491211,0.21747451643641813,0.15742171374586095,0.2775273191269753,12.091146259813312,11.952543125774183,12.229749393852442,1,1,1,15.193305500000132,14.54869661272796,15.837914387272304,1
22,4,4,30,120,4123.133333333333,4101.875755591903,4144.390911074764,4122.1,4100.909076907383,4143.290923092618,0.9997500098553256,0.9996636878855074,0.9998363318251438,1.0004999757826698,0.9998995351005613,1.0011004164647783,1.0333333333333334,0.6756936465061165,1.3909730201605504,-0.005463768115942029,-0.016876470228222626,0.005948933996338567,0.739786211477623,0.719707128774497,0.759865294180749,0.7763650255402138,0.7220682564370513,0.8306617946433763,5.480971626385903,5.188221823033677,5.77372142973813,6.5,4.306639276277654,8.693360723722346,0.9997514838891897,0.9995361197554856,0.9999668480228937,0.999744886852567,0.9996285753563985,0.9998611983487355,0.9997612022257036,0.9995873348781765,0.9999350695732308,39.89497647230596,39.85526705367518,39.93468589093675,0.22641841146350597,0.1660267904504839,0.28681003247652803,12.086993496130951,11.947884456749684,12.226102535512219,1,1,1,14.101279199999954,13.520382097975531,14.682176302024377,1
22,6,6,30,120,4123.133333333333,4101.875755591903,4144.390911074764,4122.1,4100.909076907383,4143.290923092618,0.9997500098553256,0.9996636878855074,0.9998363318251438,1.0004219090941553,0.9998037078169955,1.0010401103713151,1.0333333333333334,0.6756936465061165,1.3909730201605504,-0.005652173913043476,-0.017303256201336773,0.0059989083752498215,0.3041049215858118,0.2917670652160043,0.3164427779556193,0.31118342594347886,0.2913233224488483,0.33104352943810944,2.0277654863457837,1.779746946754393,2.2757840259371744,6.5,4.306639276277654,8.693360723722346,0.9997514838891897,0.9995361197554856,0.9999668480228937,0.999744886852567,0.9996285753563985,0.9998611983487355,0.9997612022257036,0.9995873348781765,0.9999350695732308,39.89590002117077,39.85992696292068,39.93187307942085,0.22340787952800858,0.16753139307142761,0.27928436598458956,12.08836148204445,11.95107754884192,12.22564541524698,1,1,1,13.656101433333424,13.27185746400594,14.040345402660908,1
25,1,1,30,120,4676.633333333333,4656.378223214755,4696.888443451911,2749.133333333333,2747.3809278448207,2750.8857388218457,0.5879283641792884,0.585335964973606,0.5905207633849708,0.5719043997775544,0.5663797748883629,0.5774290246667458,1927.5,1907.0964808309263,1947.9035191690737,17.246565217391304,16.787855130161805,17.705275304620802,10863.74286158476,10736.33108675552,10991.154636414001,20571.234688897104,20385.296772165504,20757.172605628704,20664.109433866102,20477.92950657415,20850.289361158055,23019.433333333334,22826.55538884009,23212.31127782658,0.5856849990166773,0.5813212742157381,0.5900487238176164,0.5888926234785251,0.5850857516325696,0.5926994953244806,0.5873537498323572,0.5815599074472811,0.5931475922174333,40,40,40,0,0,0,7.983946344023141,7.966789387857138,8.001103300189143,0,0,0,31.162465266666427,30.457686778734676,31.867243754598178,0
25,2,2,30,120,4676.633333333333,4656.378223214755,4696.888443451911,4672.5,4652.553916375538,4692.446083624462,0.9991183642703754,0.9989150508030633,0.9993216777376874,0.9996916398027555,0.9973702510544913,1.0020130285510198,4.133333333333334,3.1762040367273547,5.090462629939313,-0.026318840579710154,-0.06337998292853869,0.01074230176911838,33.39474381057621,31.767368191585778,35.02211942956664,34.769496196293275,30.805688667843015,38.733303724743536,63.45551875309931,58.55561826541438,68.35541924078424,31.466666666666665,21.100119455173218,41.83321387816011,0.9993704308496272,0.9990101186917114,0.9997307430075429,0.9990165806607401,0.9987828666798482,0.999250294641632,0.9991774396341774,0.9988618212580527,0.9994930580103021,39.07149252013771,38.78372977143834,39.35925526883708,0.6838472838289607,0.5575449880953087,0.8101495795626126,13.669864727403612,13.544919158673355,13.794810296133868,0.9333333333333333,0.8425450443861255,1.0241216222805412,24.97263610000015,24.583199456304527,25.362072743695776,1
25,3,3,30,120,4676.633333333333,4656.378223214755,4696.888443451911,4674.533333333334,4654.409613402696,4694.657053263972,0.9995518430933005,0.9994369177638293,0.9996667684227717,0.9992043168604267,0.9985346890296757,0.9998739446911776,2.1,1.5573005742893526,2.6426994257106475,-0.0004057971014492734,-0.016460524722559575,0.01564893051966103,3.386623670794356,3.2718843331232734,3.501363008465438,3.398804953134629,3.204783535759538,3.5928263705097203,14.847918214162405,14.326257643670953,15.369578784653857,12.033333333333333,9.43499647652359,14.631670190143076,0.9996882640529258,0.9994897475911096,0.9998867805147419,0.9994785236701571,0.9993238931349806,0.9996331542053336,0.9996415178703868,0.999429997442636,0.9998530382981375,38.97054740796602,38.661454014269474,39.27964080166257,0.7637743507467482,0.6228571720056009,0.9046915294878954,13.662865137053105,13.537659847142212,13.788070426963998,0.9666666666666667,0.9013333333333333,1.032,17.940001366666607,17.354663506120467,18.525339227212747,1
25,4,4,30,120,4676.633333333333,4656.378223214755,4696.888443451911,4674.733333333334,4654.617689835846,4694.848976830821,0.9995946630378785,0.9994851101336499,0.999704215942107,0.9992736268487703,0.9985870227816125,0.9999602309159281,1.9,1.3822849494526759,2.417715050547324,0.003057971014492754,-0.011532300189552388,0.017648242218537898,0.9644134050026189,0.9374830903626832,0.9913437196425545,0.9668729029340407,0.9091884213987756,1.0245573844693059,6.591367812102038,6.243577461209664,6.939158162994412,11.166666666666666,8.89161570938295,13.441717623950382,0.9996882640529258,0.9994897475911096,0.9998867805147419,0.9995381948025018,0.9993820105317497,0.999694379073254,0.9996780275454508,0.9994713041055752,0.9998847509853264,38.965225610715784,38.65528362340431,39.27516759802726,0.768700524896715,0.621699298583716,0.9157017512097141,13.658732926528376,13.53343188520501,13.784033967851743,1,1,1,16.58788316666681,15.909990261116738,17.265776072216884,1
25,6,6,30,120,4676.633333333333,4656.378223214755,4696.888443451911,4674.9,4654.77987529117,4695.020124708829,0.999630276897905,0.9995160114619259,0.999744542333884,0.9993763903413939,0.9986278741153197,1.0001249065674682,1.7333333333333334,1.194034739621022,2.2726319270456448,0.0030289855072463774,-0.010761536447487317,0.01681950746198007,0.3244835252459818,0.3115776251067516,0.337389425385212,0.3203751655369944,0.2954120278025695,0.34533830327141934,2.0010425529727396,1.6670964016110938,2.3349887043343855,9.166666666666666,6.948615677268343,11.38471765606499,0.9997226283140942,0.9995292438976711,0.9999160127305173,0.9995736901986355,0.999413080710556,0.999734299686715,0.9997141416660719,0.9995129965831099,0.9999152867490338,38.96471015274618,38.65092903684058,39.27849126865178,0.7637923117396066,0.62264954388633,0.9049350795928832,13.66428171621409,13.5416290479492,13.786934384478979,1,1,1,15.816583266666505,15.441178349787956,16.191988183545057,1
30,1,1,30,120,5621.833333333333,5596.400673213591,5647.265993453075,2752.9666666666667,2751.889093431741,2754.0442399015924,0.48976749634286115,0.4875467188336514,0.4919882738520709,0.48127606780882115,0.47517294356191275,0.48737919205572955,2868.866666666667,2843.51353624836,2894.2197970849734,24.8880579710145,24.28492298715927,25.49119295486973,13702.132489684192,13591.00969580516,13813.255283563225,25674.62498040538,25508.391481468436,25840.858479342325,25784.852011657487,25618.57596197193,25951.128061343046,28685,28517.84129652595,28852.15870347405,0.4868501997195669,0.4823013646436298,0.49139903479550395,0.4910784919668909,0.4885606547684121,0.4935963291653697,0.4888178661649052,0.4838108184534456,0.4938249138763648,40,40,40,0,0,0,7.98662022234606,7.966070836301003,8.007169608391116,0,0,0,37.80606109999984,37.27023824308048,38.3418839569192,0
30,2,2,30,120,5621.833333333333,5596.400673213591,5647.265993453075,5079.166666666667,5079.001652328499,5079.3316810048345,0.9036120145910868,0.8994990764124553,0.9077249527697182,0.8789644046814975,0.8678527660876085,0.8900760432753865,542.6666666666666,517.2360466700964,568.0972866632369,5.91446376811594,5.315131743925317,6.5137957923065635,2114.632237311358,1984.843461969283,2244.421012653433,4673.961503992029,4454.999180909134,4892.923827074924,4713.178468286587,4494.367448787856,4931.9894877853185,5416.233333333334,5184.818378168855,5647.648288497812,0.9022018736944516,0.896663255311218,0.9077404920776851,0.904112136471946,0.9002146575449103,0.9080096153989817,0.9035926484733955,0.8988558528414006,0.9083294441053904,14.379884398782965,14.378008506272725,14.381760291293205,0.16487125594340188,0.1635345155255381,0.16620799636126565,14.057257753623837,14.057256783719465,14.057258723528209,0,0,0,37.880829166666324,37.40514935921434,38.356508974118306,0
30,3,3,30,120,5621.833333333333,5596.400673213591,5647.265993453075,5077.766666666666,5077.489746439416,5078.043586893917,0.9033631722056795,0.899244659596579,0.9074816848147801,0.8789644046814975,0.8678527660876085,0.8900760432753865,544.0666666666667,518.5977717096903,569.5355616236432,5.9297681159420295,5.330263109563325,6.529273122320734,1924.7579627065384,1803.9130685505552,2045.6028568625215,4617.435814210227,4399.2395309436,4835.632097476855,4679.94018892407,4461.943578602229,4897.936799245911,5432.233333333334,5200.688148724332,5663.778517942335,0.9021127460200714,0.8965633516628411,0.9076621403773018,0.9037656806440605,0.8998640424393213,0.9076673188487997,0.9034715853113967,0.8987309721189437,0.9082121985038497,14.37900042704432,14.376701255478038,14.381299598610601,0.16254396154929365,0.1609670181585272,0.1641209049400601,14.057250306383363,14.057248753312637,14.05725185945409,0,0,0,37.796620833333264,36.890693112302664,38.702548554363865,0
30,4,4,30,120,5621.833333333333,5596.400673213591,5647.265993453075,5077.633333333333,5077.394051009182,5077.872615657485,0.9033395319932683,0.8992188089013766,0.90746025508516,0.8789644046814975,0.8678527660876085,0.8900760432753865,544.2,518.7185443386629,569.6814556613372,5.9278550724637675,5.326341082901377,6.529369062026158,1897.6646947894121,1777.333682244138,2017.9957073346864,4582.022616202294,4363.443807767364,4800.601424637223,4673.478646905912,4455.045232569478,4891.912061242346,5432.433333333333,5200.863168001228,5664.003498665439,0.9020840845124761,0.8965313729497278,0.9076367960752244,0.9037264161465972,0.8998204931291864,0.907632339164008,0.9035024495089276,0.8987652442073563,0.9082396548104988,14.37956907098105,14.37729287736336,14.381845264598741,0.16283077322821096,0.16125778355733378,0.16440376289908815,14.057249256154337,14.057247515745019,14.057250996563656,0,0,0,38.41075973333282,37.49521975216373,39.32629971450191,0
30,6,6,30,120,5621.833333333333,5596.400673213591,5647.265993453075,5077.833333333333,5077.583223778794,5078.0834428878725,0.9033750718174591,0.8992553731980995,0.9074947704368188,0.8789644046814975,0.8678527660876085,0.8900760432753865,544,518.525199469496,569.474800530504,5.9297681159420295,5.329975182124831,6.529561049759228,1871.633173170723,1751.9936573038408,1991.2726890376052,4543.735410849035,4325.279981801441,4762.19083989663,4667.583360189029,4449.298166385237,4885.868553992821,5430.633333333333,5199.226835029137,5662.0398316375295,0.9021123570598327,0.8965699948836839,0.9076547192359815,0.9037760062505814,0.8998685813660606,0.9076834311351022,0.9035024495089276,0.8987652442073563,0.9082396548104988,14.378901513315371,14.376737580140993,14.38106544648975,0.16254506552716283,0.16096766492731113,0.16412246612701453,14.057250430201245,14.057248643173498,14.057252217228992,0,0,0,39.3018180333335,38.62135993331994,39.98227613334706,0
45,1,1,30,120,8423.1,8392.481174847799,8453.718825152202,2754.5,2753.666056315471,2755.333943684529,0.327050725091174,0.3258318133342514,0.3282696368480966,0.3204958293357738,0.31702898874956187,0.32396266992198575,5668.6,5637.71792803092,5699.482071969081,48.598695652173916,47.71684171255768,49.48054959179015,18291.08203080264,18233.047263291297,18349.116798313986,33929.088282220706,33818.44464914145,34039.73191529996,34071.91501901292,33961.49672207243,34182.333315953416,37871.76666666667,37752.74191831292,37990.79141502042,0.32750719221331176,0.32397462175957004,0.3310397626670535,0.327658876714139,0.3259506503692732,0.32936710305900485,0.3247405542224513,0.32078498855137194,0.32869611989353065,40,40,40,0,0,0,7.970050373389126,7.9502744032666675,7.989826343511585,0,0,0,58.46690969999994,56.92001131249362,60.013808087506256,0
45,2,2,30,120,8423.1,8392.481174847799,8453.718825152202,5078.033333333334,5077.918879373978,5078.14778729269,0.6029297952935323,0.6007463711219242,0.6051132194651404,0.5852615530709409,0.5789027924642961,0.5916203136775856,3345.0666666666666,3314.4741596773283,3375.659173656005,29.668782608695647,28.78332737536848,30.554237842022815,10251.026389902954,10164.083134723673,10337.969645082236,19924.159758155514,19766.730227042055,20081.589289268974,19995.43121048117,19837.41336139231,20153.449059570026,22362.066666666666,22188.306970513873,22535.826362819458,0.6034774110228388,0.5987792251112042,0.6081755969344734,0.6027307215934161,0.6000481161740279,0.6054133270128044,0.6029336351895863,0.5976467517649913,0.6082205186141814,14.373446133332843,14.372610217050662,14.374282049615024,0.15850005670584497,0.1579339981189896,0.15906611529270034,14.057250801696807,14.05725015438185,14.057251449011764,0,0,0,60.42901929999995,59.586168932662915,61.271869667336986,0
45,3,3,30,120,8423.1,8392.481174847799,8453.718825152202,5077.9,5077.645225996021,5078.154774003979,0.6029137688184434,0.6007374186225417,0.6050901190143451,0.5852615530709409,0.5789027924642961,0.5916203136775856,3345.2,3314.66651644468,3375.7334835553197,29.61904347826087,28.73298754932492,30.50509940719682,10155.311951586214,10068.384283445832,10242.239619726597,19843.073453476867,19685.884102179356,20000.26280477438,19872.86701163748,19715.48976536149,20030.244257913473,22363.266666666666,22189.12820651859,22537.40512681474,0.6034364079590534,0.598730594986281,0.6081422209318258,0.6027239148912308,0.6000438636714642,0.6054039661109973,0.6029120432218663,0.5976403406437246,0.608183745800008,14.38313718537716,14.38187057944373,14.384403791310591,0.16601801893238044,0.16507077466761635,0.16696526319714453,14.057253223304757,14.057250995737101,14.057255450872413,0,0,0,65.38267496666656,64.30009676612372,66.4652531672094,0
45,4,4,30,120,8423.1,8392.481174847799,8453.718825152202,5077.9,5077.645225996021,5078.154774003979,0.6029137717905413,0.6007373574694042,0.6050901861116784,0.5852615530709409,0.5789027924642961,0.5916203136775856,3345.2,3314.6652149278516,3375.734785072148,29.61904347826087,28.73340235770473,30.50468459881701,10121.220484268946,10034.246870944024,10208.194097593869,19806.6763416519,19649.296459515106,19964.05622378869,19844.617235642283,19687.63922041748,20001.595250867085,22363.2,22189.122573058234,22537.277426941768,0.6034373576504267,0.598741695900828,0.6081330194000254,0.6027172033798774,0.6000379842929175,0.6053964224668373,0.6029329812453168,0.5976647012026192,0.6082012612880144,14.383135280123314,14.381863694345205,14.384406865901424,0.16601794829237748,0.16507077302063317,0.1669651235641218,14.05725330102566,14.057251059585582,14.05725554246574,0,0,0,70.62376666666665,67.09292384727776,74.15460948605555,0
45,6,6,30,120,8423.1,8392.481174847799,8453.718825152202,5077.866666666667,5077.605333333334,5078.128,0.6029099276450685,0.6007293013004555,0.6050905539896814,0.5852615530709409,0.5789027924642961,0.5916203136775856,3345.233333333333,3314.6639651066625,3375.8027015600037,29.62095652173913,28.736239623605066,30.505673419873197,10087.644502907955,10000.765701966295,10174.523303849615,19770.60402073763,19613.419346335264,19927.78869514,19836.004838086137,19679.188965073543,19992.82071109873,22362.933333333334,22188.814957102208,22537.05170956446,0.6034373576504267,0.598741695900828,0.6081330194000254,0.6027107544313649,0.6000245460813383,0.6053969627813915,0.6029329812453168,0.5976647012026192,0.6082012612880144,14.382826310019734,14.381336539512954,14.384316080526514,0.16572789637323188,0.1646548574947758,0.16680093525168796,14.057252825435464,14.05725056149941,14.057255089371518,0,0,0,71.48106529999956,70.64599319112949,72.31613740886962,0
