demand,fleet_size,charger_capacity,target,runs,periods,requests_mean,requests_ci_low,requests_ci_high,dispatched_mean,dispatched_ci_low,dispatched_ci_high,completion_rate_mean,completion_rate_ci_low,completion_rate_ci_high,late_service_ratio_mean,late_service_ratio_ci_low,late_service_ratio_ci_high,final_queue_mean,final_queue_ci_low,final_queue_ci_high,late_queue_slope_mean,late_queue_slope_ci_low,late_queue_slope_ci_high,late_mean_wait_minutes_mean,late_mean_wait_minutes_ci_low,late_mean_wait_minutes_ci_high,late_p95_wait_mean_mean,late_p95_wait_mean_ci_low,late_p95_wait_mean_ci_high,final_oldest_queue_age_mean,final_oldest_queue_age_ci_low,final_oldest_queue_age_ci_high,north_completion_rate_mean,north_completion_rate_ci_low,north_completion_rate_ci_high,central_completion_rate_mean,central_completion_rate_ci_low,central_completion_rate_ci_high,south_completion_rate_mean,south_completion_rate_ci_low,south_completion_rate_ci_high,destination_completion_gap_mean,destination_completion_gap_ci_low,destination_completion_gap_ci_high,late_budget_mean_mean,late_budget_mean_ci_low,late_budget_mean_ci_high,late_budget_sd_mean,late_budget_sd_ci_low,late_budget_sd_ci_high,late_budget_saturation_share_mean,late_budget_saturation_share_ci_low,late_budget_saturation_share_ci_high,late_exposure_mean_mean,late_exposure_mean_ci_low,late_exposure_mean_ci_high,gate_pass_mean,gate_pass_ci_low,gate_pass_ci_high,runtime_ms_mean,runtime_ms_ci_low,runtime_ms_ci_high,configuration_gate_pass
25,2,2,14.05,30,120,4687.933333333333,4663.1398416449965,4712.72682502167,4683.533333333334,4658.881512483687,4708.18515418298,0.9990627118918868,0.9987732034236225,0.999352220360151,0.9999392956955956,0.9975964024086555,1.0022821889825357,4.4,3.0297712582938203,5.77022874170618,-0.04504347826086956,-0.14826571250808587,0.05817875598634675,40.85003214710273,35.01262260346773,46.68744169073773,69.91763029659357,64.01225242858506,75.82300816460209,47.833333333333336,31.259074817068285,64.40759184959839,0.9988476577320278,0.9982094033747653,0.9994859120892903,0.9990852036214883,0.9988444551683024,0.9993259520746742,0.9992208424883892,0.9989049487083953,0.999536736268383,0.001255033639563589,0.0008068871771744778,0.0017031801019527,38.87398657624063,38.490544818739195,39.25742833374207,0.7521075605931083,0.6368125689187626,0.8674025522674541,0.22638888888888886,0.17583596381732886,0.27694181396044887,13.689623747309025,13.584274527804737,13.794972966813312,0.06666666666666667,-0.0241216222805411,0.15745495561387443,28.80293606666668,26.123386873649082,31.482485259684275,0
25,2,2,14.5,30,120,4687.933333333333,4663.1398416449965,4712.72682502167,4683.533333333334,4658.881512483687,4708.18515418298,0.9990627118918868,0.9987732034236225,0.999352220360151,0.9999741997095573,0.9976239997372511,1.0023243996818634,4.4,3.0297712582938203,5.77022874170618,-0.04492753623188406,-0.14917515415361013,0.059320081689842014,40.97350722980738,35.06036280244273,46.88665165717203,70.0788230030821,64.10440005293384,76.05324595323037,47.833333333333336,31.259074817068285,64.40759184959839,0.9988476577320278,0.9982094033747653,0.9994859120892903,0.9990852036214883,0.9988444551683024,0.9993259520746742,0.9992208424883892,0.9989049487083953,0.999536736268383,0.001255033639563589,0.0008068871771744778,0.0017031801019527,39.57267060117143,39.46951513023933,39.67582607210353,0.46290836310195405,0.3814175249201042,0.5443992012838038,0.43888888888888894,0.38151029067127407,0.4962674871065038,13.728324771148753,13.613270695580805,13.8433788467167,0.03333333333333333,-0.03199999999999998,0.09866666666666665,34.16138466666669,29.030806661281975,39.29196267205141,0
25,2,2,15,30,120,4687.933333333333,4663.1398416449965,4712.72682502167,4683.533333333334,4658.881512483687,4708.18515418298,0.9990627118918868,0.9987732034236225,0.999352220360151,0.9999741997095573,0.9976239997372511,1.0023243996818634,4.4,3.0297712582938203,5.77022874170618,-0.04491304347826086,-0.14902428318696453,0.05919819623044281,40.930008391291715,35.03337885788357,46.82663792469986,70.02219237981723,64.06523799060054,75.97914676903392,47.833333333333336,31.259074817068285,64.40759184959839,0.9988476577320278,0.9982094033747653,0.9994859120892903,0.9990852036214883,0.9988444551683024,0.9993259520746742,0.9992208424883892,0.9989049487083953,0.999536736268383,0.001255033639563589,0.0008068871771744778,0.0017031801019527,39.86846378441274,39.83589145174579,39.90103611707969,0.20806281709821697,0.16834798057013434,0.2477776536262996,0.5722222222222222,0.5342723718250446,0.6101720726193998,13.743525866676434,13.622495825617081,13.864555907735786,0,0,0,25.909665366666633,25.35267168006006,26.466659053273208,0
25,2,2,15.5,30,120,4687.933333333333,4663.1398416449965,4712.72682502167,4683.533333333334,4658.881512483687,4708.18515418298,0.9990627118918868,0.9987732034236225,0.999352220360151,0.9999741997095573,0.9976239997372511,1.0023243996818634,4.4,3.0297712582938203,5.77022874170618,-0.04307246376811594,-0.14570082140599883,0.059555893869766965,40.75405923268518,34.990446083937904,46.517672381432455,69.87649678433374,64.03046903712908,75.7225245315384,47.833333333333336,31.259074817068285,64.40759184959839,0.9988476577320278,0.9982094033747653,0.9994859120892903,0.9990852036214883,0.9988444551683024,0.9993259520746742,0.9992208424883892,0.9989049487083953,0.999536736268383,0.001255033639563589,0.0008068871771744778,0.0017031801019527,39.96033847710071,39.947143161344364,39.97353379285706,0.08799473772400769,0.06642149952269384,0.10956797592532154,0.8319444444444446,0.7988387578693251,0.8650501310195641,13.750435213615082,13.62738655480559,13.873483872424575,0,0,0,25.532016600000013,25.034340505197157,26.02969269480287,0
25,2,2,16,30,120,4687.933333333333,4663.1398416449965,4712.72682502167,4683.5,4658.852475417479,4708.147524582521,0.9990556631853245,0.9987547503936797,0.9993565759769693,0.9999400816611097,0.997549952442306,1.0023302108799133,4.433333333333334,3.0091162720860343,5.857550394580633,-0.042376811594202896,-0.14570147710664727,0.06094785391824148,40.5737989402112,34.83735067508292,46.31024720533948,69.69304049060656,63.8699408392956,75.51614014191753,48.1,31.100596375572263,65.09940362442774,0.9988476577320278,0.9982094033747653,0.9994859120892903,0.9990733031097663,0.9988146992797341,0.9993319069397985,0.9992208424883892,0.9989049487083953,0.999536736268383,0.001255033639563589,0.0008068871771744778,0.0017031801019527,39.99366173034792,39.991648535681364,39.99567492501447,0.017577173353496,0.013538186934488265,0.021616159772503737,0.8916666666666664,0.8710956980225346,0.9122376353107982,13.739371969974336,13.620634041109408,13.858109898839263,0,0,0,25.797779099999843,25.268509683899037,26.32704851610065,0
25,2,2,17,30,120,4687.933333333333,4663.1398416449965,4712.72682502167,4683.5,4658.852475417479,4708.147524582521,0.9990556631853245,0.9987547503936797,0.9993565759769693,0.9999400816611097,0.997549952442306,1.0023302108799133,4.433333333333334,3.0091162720860343,5.857550394580633,-0.042376811594202896,-0.14570147710664727,0.06094785391824148,40.55883814461653,34.82938813318321,46.28828815604985,69.67839295491582,63.86128811173781,75.49549779809384,48.1,31.100596375572263,65.09940362442774,0.9988476577320278,0.9982094033747653,0.9994859120892903,0.9990733031097663,0.9988146992797341,0.9993319069397985,0.9992208424883892,0.9989049487083953,0.999536736268383,0.001255033639563589,0.0008068871771744778,0.0017031801019527,40,40,40,0,0,0,1,1,1,13.73937189587667,13.620633997464438,13.858109794288904,0,0,0,42.488873600000076,23.06917465186707,61.90857254813308,0
25,3,3,14.05,30,120,4687.933333333333,4663.1398416449965,4712.72682502167,4686.566666666667,4661.917720859392,4711.215612473941,0.9997096347143782,0.999629069009026,0.9997902004197304,1.0001845232176463,0.9996144536000044,1.0007545928352881,1.3666666666666667,0.9851320360897007,1.7482012972436327,-0.009260869565217393,-0.027608303960424435,0.009086564829989647,3.550912471884092,3.3430141772527735,3.7588107665154107,15.224569728244742,14.625040270482163,15.82409918600732,11.666666666666666,7.680391669568445,15.652941663764887,0.9995836245835271,0.9993203810355707,0.9998468681314835,0.9997275076611903,0.9996348807794196,0.999820134542961,0.9997854371082572,0.9996291772596655,0.9999416969568489,0.0006805243260768664,0.0004510076290583273,0.0009100410230954055,38.694329753109805,38.28601597415618,39.10264353206343,0.8842037253496866,0.7403632405377909,1.0280442101615823,0.22916666666666666,0.1796763042007128,0.2786570291326205,13.671714379897944,13.551048903396461,13.792379856399426,0.16666666666666666,0.03102571623889136,0.302307617094442,17.977834800000103,17.58027903942426,18.375390560575948,0
25,3,3,14.5,30,120,4687.933333333333,4663.1398416449965,4712.72682502167,4686.566666666667,4661.917720859392,4711.215612473941,0.9997096347143782,0.999629069009026,0.9997902004197304,1.0001845232176463,0.9996144536000044,1.0007545928352881,1.3666666666666667,0.9851320360897007,1.7482012972436327,-0.008898550724637683,-0.027226484020490167,0.009429382571214803,3.5459229007689133,3.339143072230378,3.7527027293074484,15.20694619235188,14.607497043031715,15.806395341672046,11.666666666666666,7.680391669568445,15.652941663764887,0.9995836245835271,0.9993203810355707,0.9998468681314835,0.9997275076611903,0.9996348807794196,0.999820134542961,0.9997854371082572,0.9996291772596655,0.9999416969568489,0.0006805243260768664,0.0004510076290583273,0.0009100410230954055,39.41146235251368,39.26010461835291,39.56282008667445,0.6339274687450366,0.5041511602624963,0.7637037772275769,0.426388888888889,0.3650143773012059,0.4877634004765721,13.695207457750916,13.568029205215552,13.82238571028628,0.16666666666666666,0.031025716238891415,0.30230761709444187,18.327380599999984,17.659883892125574,18.994877307874393,0
25,3,3,15,30,120,4687.933333333333,4663.1398416449965,4712.72682502167,4686.566666666667,4661.917720859392,4711.215612473941,0.9997096347143782,0.999629069009026,0.9997902004197304,1.0001845232176463,0.9996144536000044,1.0007545928352881,1.3666666666666667,0.9851320360897007,1.7482012972436327,-0.008898550724637683,-0.027226484020490167,0.009429382571214803,3.5463415576900434,3.3390668578189544,3.7536162575611325,15.208172646822897,14.607799210004794,15.808546083641,11.666666666666666,7.680391669568445,15.652941663764887,0.9995836245835271,0.9993203810355707,0.9998468681314835,0.9997275076611903,0.9996348807794196,0.999820134542961,0.9997854371082572,0.9996291772596655,0.9999416969568489,0.0006805243260768664,0.0004510076290583273,0.0009100410230954055,39.7192341156546,39.64693321602871,39.791535015280495,0.4168453553891033,0.3179038540868313,0.5157868566913753,0.5513888888888889,0.5017541641880707,0.6010236135897071,13.704880579090887,13.570606470581167,13.839154687600606,0.03333333333333333,-0.031999999999999994,0.09866666666666665,17.913695900000253,17.400370122972483,18.427021677028023,0
25,3,3,15.5,30,120,4687.933333333333,4663.1398416449965,4712.72682502167,4686.566666666667,4661.917720859392,4711.215612473941,0.9997096347143782,0.999629069009026,0.9997902004197304,1.0001845232176463,0.9996144536000044,1.0007545928352881,1.3666666666666667,0.9851320360897007,1.7482012972436327,-0.008898550724637683,-0.027226484020490167,0.009429382571214803,3.5469751657116393,3.3396938065651995,3.754256524858079,15.208901107425646,14.607752215562801,15.810049999288491,11.666666666666666,7.680391669568445,15.652941663764887,0.9995836245835271,0.9993203810355707,0.9998468681314835,0.9997275076611903,0.9996348807794196,0.999820134542961,0.9997854371082572,0.9996291772596655,0.9999416969568489,0.0006805243260768664,0.0004510076290583273,0.0009100410230954055,39.85095101651955,39.80582870448684,39.89607332855226,0.27324935672697964,0.19944124090896712,0.3470574725449922,0.7208333333333332,0.6786335901238344,0.763033076542832,13.713172207643161,13.57600094449826,13.850343470788063,0,0,0,18.18756399999984,17.58660627504526,18.788521724954418,0
25,3,3,16,30,120,4687.933333333333,4663.1398416449965,4712.72682502167,4686.566666666667,4661.917720859392,4711.215612473941,0.9997096347143782,0.999629069009026,0.9997902004197304,1.0001845232176463,0.9996144536000044,1.0007545928352881,1.3666666666666667,0.9851320360897007,1.7482012972436327,-0.008898550724637683,-0.027226484020490167,0.009429382571214803,3.5446121216660234,3.3375213713799203,3.7517028719521264,15.201200832155378,14.601795314460265,15.80060634985049,11.666666666666666,7.680391669568445,15.652941663764887,0.9995836245835271,0.9993203810355707,0.9998468681314835,0.9997275076611903,0.9996348807794196,0.999820134542961,0.9997854371082572,0.9996291772596655,0.9999416969568489,0.0006805243260768664,0.0004510076290583273,0.0009100410230954055,39.91920020238326,39.89100222541706,39.947398179349456,0.1770585801748181,0.12432785990182699,0.2297893004478092,0.7819444444444444,0.7459115480111503,0.8179773408777385,13.711789864422311,13.574931543841684,13.848648185002938,0,0,0,17.43038193333335,17.172365855991448,17.688398010675254,0
25,3,3,17,30,120,4687.933333333333,4663.1398416449965,4712.72682502167,4686.566666666667,4661.917720859392,4711.215612473941,0.9997096347143782,0.999629069009026,0.9997902004197304,1.0001845232176463,0.9996144536000044,1.0007545928352881,1.3666666666666667,0.9851320360897007,1.7482012972436327,-0.008898550724637683,-0.027226484020490167,0.009429382571214803,3.5442277082508933,3.337293324202258,3.7511620922995284,15.202026238881112,14.602514045722732,15.801538432039493,11.666666666666666,7.680391669568445,15.652941663764887,0.9995836245835271,0.9993203810355707,0.9998468681314835,0.9997275076611903,0.9996348807794196,0.999820134542961,0.9997854371082572,0.9996291772596655,0.9999416969568489,0.0006805243260768664,0.0004510076290583273,0.0009100410230954055,39.979817472462045,39.96975796173291,39.98987698319118,0.06003702779668478,0.03272158721312922,0.08735246838024034,0.9000000000000002,0.8763113264046936,0.9236886735953069,13.709025853192545,13.572018664274383,13.846033042110706,0,0,0,17.34403316666697,17.149798886620268,17.538267446713675,0
25,4,4,14.05,30,120,4687.933333333333,4663.1398416449965,4712.72682502167,4686.866666666667,4662.115812304386,4711.6175210289475,0.9997728041995313,0.9996927446756495,0.9998528637234131,1.000385327994812,0.9998546989057787,1.0009159570838455,1.0666666666666667,0.6915513791520106,1.4417819541813226,-0.007884057971014494,-0.02457242437925323,0.00880430843722424,1.0114566667480787,0.9404694815978413,1.0824438518983162,6.733517637183165,6.3081335239876735,7.158901750378656,6.3,4.462918706708677,8.137081293291322,0.9997862326723475,0.9996304667380609,0.999941998606634,0.9997390297259444,0.9996448682561486,0.9998331911957402,0.9998562652978014,0.9997228188390286,0.9999897117565741,0.00043039705227205794,0.00028253421872862525,0.0005782598858154906,38.69581166240516,38.286563593833534,39.10505973097679,0.8876914894620839,0.7443269058222184,1.0310560731019494,0.225,0.17615670011346618,0.27384329988653383,13.674520216439083,13.557655435367813,13.791384997510352,0.16666666666666666,0.03102571623889136,0.302307617094442,15.969557000000169,15.726288074035747,16.21282592596459,0
25,4,4,14.5,30,120,4687.933333333333,4663.1398416449965,4712.72682502167,4686.866666666667,4662.115812304386,4711.6175210289475,0.9997728041995313,0.9996927446756495,0.9998528637234131,1.000385327994812,0.9998546989057787,1.0009159570838455,1.0666666666666667,0.6915513791520106,1.4417819541813226,-0.007550724637681161,-0.02418983849952084,0.009088389224158515,1.0108073901253043,0.9398332084987882,1.0817815717518204,6.730180979374978,6.304792425238598,7.1555695335113585,6.3,4.462918706708677,8.137081293291322,0.9997862326723475,0.9996304667380609,0.999941998606634,0.9997390297259444,0.9996448682561486,0.9998331911957402,0.9998562652978014,0.9997228188390286,0.9999897117565741,0.00043039705227205794,0.00028253421872862525,0.0005782598858154906,39.424382906433515,39.28391321886972,39.56485259399731,0.6426297836867083,0.5135604101973122,0.7716991571761044,0.42500000000000004,0.3641628537383466,0.4858371462616535,13.703541031651332,13.576863811744836,13.830218251557827,0.16666666666666666,0.031025716238891415,0.30230761709444187,15.971201333333193,15.742865828203609,16.199536838462777,0
25,4,4,15,30,120,4687.933333333333,4663.1398416449965,4712.72682502167,4686.866666666667,4662.115812304386,4711.6175210289475,0.9997728041995313,0.9996927446756495,0.9998528637234131,1.000385327994812,0.9998546989057787,1.0009159570838455,1.0666666666666667,0.6915513791520106,1.4417819541813226,-0.007884057971014494,-0.02457242437925323,0.00880430843722424,1.0114132432286285,0.9403273986179471,1.08249908783931,6.734085721479087,6.308138681228286,7.160032761729887,6.3,4.462918706708677,8.137081293291322,0.9997862326723475,0.9996304667380609,0.999941998606634,0.9997390297259444,0.9996448682561486,0.9998331911957402,0.9998562652978014,0.9997228188390286,0.9999897117565741,0.00043039705227205794,0.00028253421872862525,0.0005782598858154906,39.7194423085109,39.646890574690815,39.791994042330984,0.41932149790634504,0.319689444017945,0.5189535517947451,0.5666666666666667,0.5200724700635689,0.6132608632697644,13.713214402175383,13.579725804390046,13.846702999960721,0,0,0,15.916087599999809,15.68050396722227,16.151671232777346,0
25,4,4,15.5,30,120,4687.933333333333,4663.1398416449965,4712.72682502167,4686.866666666667,4662.115812304386,4711.6175210289475,0.9997728041995313,0.9996927446756495,0.9998528637234131,1.000385327994812,0.9998546989057787,1.0009159570838455,1.0666666666666667,0.6915513791520106,1.4417819541813226,-0.007884057971014494,-0.02457242437925323,0.00880430843722424,1.0114106612422775,0.9403320187509898,1.0824893037335652,6.736400021766146,6.3105775761590435,7.162222467373248,6.3,4.462918706708677,8.137081293291322,0.9997862326723475,0.9996304667380609,0.999941998606634,0.9997390297259444,0.9996448682561486,0.9998331911957402,0.9998562652978014,0.9997228188390286,0.9999897117565741,0.00043039705227205794,0.00028253421872862525,0.0005782598858154906,39.84980499630964,39.80416973959509,39.8954402530242,0.2773768744359147,0.2029483602139571,0.35180538865787225,0.7208333333333332,0.6793665984465456,0.7623000682201209,13.717360151844156,13.583085785755783,13.85163451793253,0,0,0,16.053983300000073,15.804577838459647,16.3033887615405,0
25,4,4,16,30,120,4687.933333333333,4663.1398416449965,4712.72682502167,4686.866666666667,4662.115812304386,4711.6175210289475,0.9997728041995313,0.9996927446756495,0.9998528637234131,1.000385327994812,0.9998546989057787,1.0009159570838455,1.0666666666666667,0.6915513791520106,1.4417819541813226,-0.007884057971014494,-0.02457242437925323,0.00880430843722424,1.011028271867889,0.9399519009916687,1.082104642744109,6.733754735544385,6.306945674030141,7.160563797058629,6.3,4.462918706708677,8.137081293291322,0.9997862326723475,0.9996304667380609,0.999941998606634,0.9997390297259444,0.9996448682561486,0.9998331911957402,0.9998562652978014,0.9997228188390286,0.9999897117565741,0.00043039705227205794,0.00028253421872862525,0.0005782598858154906,39.91872744186737,39.89044257214068,39.94701231159406,0.17963119716658432,0.12701361244033357,0.23224878189283507,0.7722222222222223,0.7376995943555125,0.806744850088932,13.71459586080424,13.580152865532986,13.849038856075493,0,0,0,15.904030466666821,15.672291617298324,16.13576931603532,0
25,4,4,17,30,120,4687.933333333333,4663.1398416449965,4712.72682502167,4686.866666666667,4662.115812304386,4711.6175210289475,0.9997728041995313,0.9996927446756495,0.9998528637234131,1.000385327994812,0.9998546989057787,1.0009159570838455,1.0666666666666667,0.6915513791520106,1.4417819541813226,-0.007884057971014494,-0.02457242437925323,0.00880430843722424,1.0108805585833696,0.9398325981688326,1.0819285189979067,6.7334572655487746,6.306208340950019,7.16070619014753,6.3,4.462918706708677,8.137081293291322,0.9997862326723475,0.9996304667380609,0.999941998606634,0.9997390297259444,0.9996448682561486,0.9998331911957402,0.9998562652978014,0.9997228188390286,0.9999897117565741,0.00043039705227205794,0.00028253421872862525,0.0005782598858154906,39.981427303344816,39.97317444192892,39.98968016476071,0.05875562982193658,0.03469107575608951,0.08282018388778364,0.902777777777778,0.8808596476701269,0.9246959078854291,13.710449846993429,13.576284646631954,13.844615047354903,0,0,0,16.07420003333324,15.730691498146346,16.417708568520137,0
30,2,2,14.05,30,120,5624.633333333333,5596.089658132657,5653.1770085340095,5079.133333333333,5078.855616975373,5079.411049691294,0.9031920469210646,0.8985930532442363,0.9077910405978928,0.8690618335358328,0.8594484977013148,0.8786751693703507,545.5,516.875799789319,574.124200210681,6.186608695652174,5.642142689417304,6.731074701887043,4615.724855946121,4372.5147683602245,4858.934943532018,4655.723211072597,4412.520253744789,4898.926168400405,5395.466666666666,5127.858594257911,5663.074739075421,0.9031573294383516,0.898092537640578,0.9082221212361252,0.9028606299101319,0.8981727557764044,0.9075485040438594,0.904163449971931,0.8989422038991663,0.9093846960446956,0.010577523755295486,0.008353047352582167,0.012802000158008805,14.37590461295989,14.373835606114666,14.377973619805113,0.16168807695602158,0.16013975752634604,0.16323639638569712,0,0,0,14.05725470270477,14.057253289124203,14.057256116285336,0,0,0,39.24163333333327,38.03989704326504,40.443369623401495,0
30,2,2,14.5,30,120,5624.633333333333,5596.089658132657,5653.1770085340095,5232,5232,5232,0.9303748562713402,0.925652406062278,0.9350973064804023,0.8942002338186372,0.8843138788642979,0.9040865887729765,392.6333333333333,364.08965813265735,421.1770085340093,4.896202898550723,4.351844947972333,5.440560849129113,3257.8097518875643,3010.4339123403583,3505.1855914347702,3296.01868728468,3048.1614948623387,3543.875879707021,3869.4333333333334,3588.4920885957595,4150.374578070907,0.9310788614419158,0.9257859948569068,0.9363717280269247,0.9297131155111515,0.9249294252528777,0.9344968057694254,0.931622467665827,0.9265442743716416,0.9367006609600125,0.00962779426786341,0.007690705305562545,0.011564883230164276,15.073633995038715,15.069859174399973,15.077408815677458,0.15048075834420785,0.14695149267875693,0.15401002400965877,0,0,0,14.440603048354916,14.436053493663177,14.445152603046655,0,0,0,38.32270836666679,37.47130209048679,39.17411464284679,0
30,2,2,15,30,120,5624.633333333333,5596.089658132657,5653.1770085340095,5349.166666666667,5342.749430370112,5355.583902963222,0.9511846944639901,0.9469108580981145,0.9554585308298658,0.9452981659882399,0.9346638589118461,0.9559324730646337,275.46666666666664,250.0733359659368,300.8599973673965,2.484434782608696,1.935638563166228,3.0332310020511635,2389.3824441476468,2172.6127367213967,2606.152151573897,2430.9614730984863,2213.920569374512,2648.0023768224605,2705.6666666666665,2444.438772189985,2966.8945611433483,0.9513441548874322,0.9463764075424086,0.9563119022324558,0.9506032254009075,0.9463583023902977,0.9548481484115172,0.952750859720627,0.9477861356984889,0.9577155837427651,0.01068984260929167,0.008626689069131992,0.01275299614945135,22.32318354338361,21.6670280963421,22.97933899042512,0.6600544273445444,0.6340097481853889,0.6860991065037,0,0,0,15.305610644920591,15.292449812478383,15.3187714773628,0,0,0,38.05230276666686,37.7072929902188,38.39731254311493,0
30,2,2,15.5,30,120,5624.633333333333,5596.089658132657,5653.1770085340095,5363,5356.348335961374,5369.651664038626,0.9536432755699512,0.9493832506053494,0.957903300534553,0.9499816309154715,0.9394167869809451,0.9605464748499979,261.6333333333333,236.4091080511146,286.8575586155521,2.2676231884057976,1.719997312491368,2.815249064320227,2279.475224611141,2063.1178963276184,2495.832552894664,2321.092807166064,2104.397700834054,2537.7879134980744,2565.633333333333,2305.3155610839067,2825.9511055827597,0.9541702792112728,0.9493918050166856,0.95894875340586,0.9529614284088662,0.9486999807620428,0.9572228760556897,0.9551336004484094,0.9502082351982134,0.9600589656986055,0.010259671138274806,0.008298323273593394,0.012221019002956218,36.768919728714714,36.17968464238922,37.35815481504021,0.28296031511277175,0.24472680116830428,0.32119382905723926,0,0,0,15.395180895940962,15.37257853213668,15.417783259745244,0,0,0,38.02847086666637,37.60582783995866,38.45111389337408,0
30,2,2,16,30,120,5624.633333333333,5596.089658132657,5653.1770085340095,5365.933333333333,5358.504606505436,5373.362060161231,0.9541633071537736,0.9499074358265229,0.9584191784810243,0.9500914795230807,0.9396072203930852,0.9605757386530762,258.7,233.51753077210668,283.8824692278933,2.2649130434782614,1.7248449699237782,2.8049811170327446,2252.942938149416,2035.8495824465972,2470.036293852235,2294.0056842145195,2076.5501894946283,2511.461178934411,2537.0333333333333,2276.4015038255343,2797.6651628411323,0.9545190270000048,0.9497683301541177,0.9592697238458919,0.9535167267695404,0.9492411281579074,0.9577923253811733,0.9557257197668575,0.9508825686489423,0.9605688708847727,0.010080848189266118,0.008178072261313219,0.011983624117219017,39.957435154898754,39.949297068862265,39.96557324093524,0.05281261468754568,0.04433601179959005,0.06128921757550131,0.5069444444444444,0.4647568136758408,0.549132075213048,15.64533630710982,15.604586445170003,15.686086169049638,0,0,0,38.02044856666641,37.54353299402557,38.49736413930725,0
30,2,2,17,30,120,5624.633333333333,5596.089658132657,5653.1770085340095,5366.266666666666,5358.615978365675,5373.917354967658,0.9542225118868625,0.9499554781085555,0.9584895456651694,0.9500003355038908,0.9395777834525658,0.9604228875552159,258.3666666666667,233.13386513686928,283.59946819646404,2.276753623188406,1.7374721382372598,2.8160351081395523,2248.640851458733,2031.2294978141017,2466.052205103364,2289.877105057047,2072.214712334702,2507.539497779392,2534.0333333333333,2274.9048874805985,2793.161779186068,0.9545778695220667,0.9498346116113585,0.9593211274327749,0.9535964476503375,0.9493065654899037,0.9578863298107713,0.9557235910346318,0.9508503293521795,0.9605968527170841,0.010169456926045702,0.008247528401247116,0.012091385450844289,40,40,40,0,0,0,1,1,1,15.6314962437775,15.596454448235153,15.666538039319846,0,0,0,38.39475130000016,37.96396123749924,38.82554136250108,0
30,3,3,14.05,30,120,5624.633333333333,5596.089658132657,5653.1770085340095,5077.666666666667,5077.364579926694,5077.96875340664,0.902931107348697,0.8983370023500251,0.9075252123473688,0.8690618335358328,0.8594484977013148,0.8786751693703507,546.9666666666667,518.3602532722018,575.5730800611316,6.178956521739129,5.635736378509826,6.722176664968432,4555.61652231633,4313.93783939593,4797.29520523673,4617.391818485161,4375.673818567879,4859.109818402443,5410.233333333334,5142.750512368175,5677.716154298492,0.9028651962385644,0.8977769665145167,0.9079534259626122,0.9026424248144417,0.8979685303561195,0.9073163192727639,0.9038098707431601,0.8986488171511554,0.9089709243351648,0.010356803994494934,0.008187306789195815,0.012526301199794053,14.379540711572538,14.377202529879758,14.381878893265318,0.1628304157864246,0.1612579710588469,0.1644028605140023,0,0,0,14.057248002504911,14.057246383939829,14.057249621069994,0,0,0,37.61747359999984,36.99392502657398,38.2410221734257,0
30,3,3,14.5,30,120,5624.633333333333,5596.089658132657,5653.1770085340095,5232,5232,5232,0.9303748562713402,0.925652406062278,0.9350973064804023,0.8941143118385555,0.8842238520088079,0.9040047716683031,392.6333333333333,364.08965813265735,421.1770085340093,4.896521739130433,4.352154537586106,5.4408889406747605,3182.5360246393407,2935.155577528527,3429.9164717501544,3242.99315920876,2996.2556921678047,3489.7306262497154,3869.4333333333334,3588.4920885957595,4150.374578070907,0.9310788614419158,0.9257859948569068,0.9363717280269247,0.9297131155111515,0.9249294252528777,0.9344968057694254,0.931622467665827,0.9265442743716416,0.9367006609600125,0.00962779426786341,0.007690705305562545,0.011564883230164276,15.074023076646776,15.072883468383555,15.075162684909998,0.14994731167965777,0.1488490740383374,0.15104554932097816,0,0,0,14.4364364234699,14.436435597688032,14.436437249251767,0,0,0,36.44175556666632,35.616239416793015,37.26727171653963,0
30,3,3,15,30,120,5624.633333333333,5596.089658132657,5653.1770085340095,5408.666666666667,5408.286872005469,5409.046461327865,0.9617912823858675,0.9568867383973485,0.9666958263743866,0.9271235693586243,0.9167527200266925,0.937494418690556,215.96666666666667,187.2922621413548,244.64107119197854,3.3999275362318846,2.843869916674958,3.9559851557888113,1611.9428376783408,1356.7570416674448,1867.1286336892367,1676.0634342052078,1421.7637740451644,1930.3630943652513,2113.3333333333335,1822.3490065992219,2404.317660067445,0.9616222092812675,0.9560743130705075,0.9671701054920275,0.9612970561345231,0.9564985062688329,0.9660956060002133,0.9634095885004844,0.9579196660772281,0.9688995109237407,0.00954485067807122,0.0074204553083461,0.01166924604779634,15.345436612025992,15.336033262633334,15.35483996141865,0.15523228935883715,0.1541802829792516,0.1562842957384227,0,0,0,15.00825046795936,14.999836616397458,15.016664319521263,0,0,0,34.13811663333363,32.96588926928861,35.31034399737865,0
30,3,3,15.5,30,120,5624.633333333333,5596.089658132657,5653.1770085340095,5565.766666666666,5554.809960444035,5576.723372889298,0.9896699758314802,0.985909448889014,0.9934305027739464,0.9726236782002623,0.962014466299901,0.9832328901006236,58.86666666666667,37.25925825358988,80.47407507974346,1.3767536231884059,0.8576421180783996,1.895865128298412,353.0424365197038,198.27694543504734,507.8079276043603,399.7318617531454,239.15706154706962,560.3066619592212,543.7,337.1004923048895,750.2995076951106,0.9896867427516483,0.9855549303661123,0.9938185551371842,0.9894962821437999,0.9857915960332628,0.993200968254337,0.9901686153766183,0.9862220204250939,0.9941152103281427,0.0041693321855032755,0.002692145099820331,0.00564651927118622,18.48665765822697,17.195891474066958,19.777423842386984,0.7102823283615091,0.4604335186149179,0.9601311381081002,0,0,0,15.737917726705597,15.619497855017677,15.856337598393516,0.1,-0.009188858848106454,0.20918885884810645,27.962761166666557,26.22875645628431,29.696765877048804,0
30,3,3,16,30,120,5624.633333333333,5596.089658132657,5653.1770085340095,5620.6,5593.272294141399,5647.927705858602,0.9992913863311632,0.9988892885486276,0.9996934841136988,0.9985654935486117,0.9965040036452634,1.00062698345196,4.033333333333333,1.7019183057907594,6.3647483608759075,0.06868115942028985,-0.04698773384570368,0.18435005268628338,11.189967889614822,2.446556302477873,19.93337947675177,28.066500694849275,17.021760840998617,39.11124054869993,32.8,7.608721202601167,57.99127879739883,0.9992423145717549,0.9987324509568557,0.9997521781866542,0.9992507955605575,0.9988628632419873,0.9996387278791278,0.9994659907228769,0.9989807352702793,0.9999512461754745,0.0010019905673599153,0.0007524393967899233,0.0012515417379299072,29.655640001638794,27.474358044318286,31.8369219589593,1.2341081684563155,1.0210764328782804,1.4471399040343507,0.011111111111111112,-0.002970600199806262,0.025192822422028485,16.192092836636977,16.02811669341883,16.356068979855124,0.3,0.13321126309423445,0.4667887369057655,24.277929133332872,23.779694601160656,24.776163665505088,0
30,3,3,17,30,120,5624.633333333333,5596.089658132657,5653.1770085340095,5621.933333333333,5593.657543896776,5650.209122769891,0.9995217449654124,0.9994099332984352,0.9996335566323895,0.9996560975754574,0.9989707107077693,1.0003414844431455,2.7,2.061593506788416,3.3384064932115844,0.0021884057971014504,-0.01594101115856229,0.020317822752765193,6.692000525030697,6.261857717266239,7.122143332795155,22.389177432870316,21.452715790110062,23.32563907563057,18.033333333333335,13.766542465888177,22.30012420077849,0.999504450809501,0.9992142870909007,0.9997946145281014,0.9994678621440888,0.9993170217226542,0.9996187025655233,0.9997079749938993,0.9995369644776986,0.9998789855101,0.0009377507675157696,0.0006904307751041544,0.0011850707599273848,39.01607343571827,38.454223984525925,39.57792288691061,0.63250919160074,0.49372967618459196,0.7712887070168881,0.3263888888888888,0.26360659749044046,0.3891711802873371,16.38859359123777,16.224335105720737,16.5528520767548,0.26666666666666666,0.10571623285055712,0.42761710048277624,27.597597200000504,25.702038481274236,29.49315591872677,0
30,4,4,14.05,30,120,5624.633333333333,5596.089658132657,5653.1770085340095,5077.7,5077.3862029354805,5078.013797064519,0.9029373244895532,0.8983354831142346,0.9075391658648718,0.8690618335358328,0.8594484977013148,0.8786751693703507,546.9333333333333,518.2852042016902,575.5814624649763,6.1751304347826075,5.631748983372433,6.718511886192782,4518.215246564587,4276.341471198298,4760.089021930876,4608.60711196767,4366.705231666807,4850.508992268533,5410.066666666667,5142.468194345317,5677.665138988016,0.9028354873853262,0.8977317721472232,0.9079392026234291,0.9026623620234041,0.8979889069026699,0.9073358171441384,0.9038109480615097,0.8986171315058843,0.9090047646171352,0.010435462702349652,0.008275043595701269,0.012595881808998035,14.380227564653303,14.377952177654997,14.38250295165161,0.16340890492903704,0.1618643516402656,0.16495345821780846,0,0,0,14.057248418774437,14.057246627457182,14.057250210091691,0,0,0,39.968823599999936,38.94969778887752,40.98794941112235,0
30,4,4,14.5,30,120,5624.633333333333,5596.089658132657,5653.1770085340095,5232,5232,5232,0.9303748562713402,0.925652406062278,0.9350973064804023,0.8941143118385555,0.8842238520088079,0.9040047716683031,392.6333333333333,364.08965813265735,421.1770085340093,4.896521739130433,4.352154537586106,5.4408889406747605,3144.970705027372,2897.587173688495,3392.3542363662486,3234.790206144532,2988.253320168048,3481.327092121016,3869.4333333333334,3588.4920885957595,4150.374578070907,0.9310788614419158,0.9257859948569068,0.9363717280269247,0.9297131155111515,0.9249294252528777,0.9344968057694254,0.931622467665827,0.9265442743716416,0.9367006609600125,0.00962779426786341,0.007690705305562545,0.011564883230164276,15.074023955247528,15.072886547444329,15.075161363050727,0.14994729756075972,0.14884907387592675,0.1510455212455927,0,0,0,14.436436561929979,14.436435763341926,14.436437360518031,0,0,0,37.35646943333316,36.37102832147856,38.34191054518776,0
30,4,4,15,30,120,5624.633333333333,5596.089658132657,5653.1770085340095,5408.533333333334,5408.160579760509,5408.906086906159,0.9617674580219657,0.9568659747253264,0.966668941318605,0.9268928599831825,0.9165296932890087,0.9372560266773563,216.1,187.44271424167175,244.75728575832824,3.409217391304348,2.853629197684048,3.964805584924648,1573.134328609795,1317.9510868794264,1828.3175703401635,1668.425715655408,1414.2476263802778,1922.6038049305384,2115.4333333333334,1824.8235442192188,2406.043122447448,0.9615919612473895,0.956041974068433,0.967141948426346,0.9612672866413072,0.9564737779432537,0.9660607953393607,0.9634095885004844,0.9579196660772281,0.9688995109237407,0.009574620171287084,0.007453003091142219,0.01169623725143195,15.343787570506043,15.334078999476224,15.353496141535862,0.15532518431564382,0.154244885930086,0.15640548270120164,0,0,0,15.005430754215437,14.996912715423788,15.013948793007087,0,0,0,35.23000696666677,32.563454251787334,37.89655968154621,0
30,4,4,15.5,30,120,5624.633333333333,5596.089658132657,5653.1770085340095,5565.9,5554.930539304321,5576.869460695678,0.989693771243657,0.9859289732125892,0.9934585692747248,0.9724200579903555,0.9618353732193488,0.9830047427613622,58.733333333333334,37.102395767322136,80.36427089934453,1.378072463768116,0.8591452915788707,1.8969996359573615,328.6549842227101,178.1624518342246,479.14751661119556,389.5925658959117,228.7459481704762,550.4391836213472,542.9,336.2370629775174,749.5629370224826,0.9897156779368336,0.9855747242868882,0.993856631586779,0.9895160923111277,0.9858115530407648,0.9932206315814905,0.9901973758022726,0.9862425618984301,0.9941521897061152,0.004111924889900575,0.0026205716823825536,0.005603278097418597,18.46900780888241,17.18478609068195,19.75322952708287,0.7048358591140497,0.45596540154638354,0.9537063166817158,0,0,0,15.732341022166418,15.615525670302414,15.849156374030422,0.13333333333333333,0.009609750681461499,0.2570569159852052,26.245051399999284,24.2688723691587,28.221230430839867,0
30,4,4,16,30,120,5624.633333333333,5596.089658132657,5653.1770085340095,5621.5,5593.9920553837355,5649.0079446162645,0.9994501915322782,0.9990679730274133,0.9998324100371431,0.9988817497075689,0.996959773809631,1.000803725605507,3.1333333333333333,0.917971515328353,5.348695151338314,0.06613043478260869,-0.0486221773454161,0.18088304691063348,5.157230887973511,-1.6930422585059066,12.007504034452928,14.949833337947954,4.2637967041848395,25.635869971711067,24.866666666666667,-0.17664674440903383,49.90998007774237,0.9994150066126279,0.9989334910728093,0.9998965221524466,0.9994263463832666,0.9990798301003626,0.9997728626661705,0.9995525212236324,0.9990727576554761,1.0000322847917886,0.0007607293202984959,0.0005682940274531579,0.0009531646131438338,29.613678760155874,27.423811526314534,31.803545993997215,1.2201976708392228,1.008210194768282,1.4321851469101636,0.01111111111111111,-0.003504861303960818,0.02572708352618304,16.186641564949237,16.019891742881246,16.35339138701723,0.36666666666666664,0.19127499768580342,0.5420583356475299,21.164136033333246,20.77582641169695,21.552445654969542,0
30,4,4,17,30,120,5624.633333333333,5596.089658132657,5653.1770085340095,5622.733333333334,5594.349529246012,5651.117137420655,0.9996632459591622,0.9995832316393957,0.9997432602789288,0.9999164253227815,0.9994283319807294,1.0004045186648334,1.9,1.4458964622594248,2.354103537740575,0.001202898550724638,-0.011475567747611489,0.013881364849060766,1.6232814929230068,1.5182902418681532,1.7282727439778605,9.280128998434884,8.851257799727751,9.709000197142018,10.4,7.6965291954961685,13.103470804503832,0.9996771428503739,0.999467147946693,0.9998871377540548,0.9996149253339218,0.9995070553280635,0.9997227953397801,0.9997945054946548,0.9996588689102459,0.9999301420790636,0.0006873761005009101,0.0005155523690366151,0.000859199831965205,38.99071961423168,38.42506168603025,39.55637754243311,0.662862996611403,0.5211723555397914,0.8045536376830147,0.3333333333333333,0.2736924326272152,0.3929742340394514,16.37345542050647,16.204698066493606,16.542212774519335,0.3,0.13321126309423442,0.46678873690576556,21.620083366666464,20.77754678081495,22.462619952517976,0
35,2,2,14.05,30,120,6545.966666666666,6515.033180054878,6576.900153278454,5077.933333333333,5077.637151138189,5078.229515528477,0.7758645928224291,0.7722220565145704,0.7795071291302879,0.7511762212022206,0.7436122405812964,0.7587402018231448,1468.0333333333333,1437.0550568968822,1499.0116097697844,14.166362318840578,13.517814529731375,14.814910107949782,11095.91460592535,10874.26520834928,11317.564003501422,11143.043256856963,10920.846027593587,11365.24048612034,12589.4,12357.873010745028,12820.926989254971,0.7762777641671179,0.7708671339697059,0.78168839436453,0.7754030456209989,0.7716928206671254,0.7791132705748725,0.7769405554868208,0.772249826973283,0.7816312840003586,0.01605527453961719,0.013213020703020266,0.018897528376214112,14.37619073651279,14.374084894544897,14.378296578480683,0.16052126360580898,0.15912773419173631,0.16191479301988165,0,0,0,14.057249234254089,14.057247874298483,14.057250594209695,0,0,0,49.585506933332844,46.56945263978889,52.6015612268768,0
35,2,2,14.5,30,120,6545.966666666666,6515.033180054878,6576.900153278454,5232,5232,5232,0.7994044150536641,0.7956583803232465,0.8031504497840817,0.7728304065052669,0.7650483787292663,0.7806124342812675,1313.9666666666667,1283.0331800548784,1344.900153278455,12.868246376811596,12.218474155846245,13.518018597776948,9922.809511471429,9700.065613379611,10145.553409563247,9968.488402771056,9745.65536442477,10191.321441117341,11281.6,11057.596728771014,11505.603271228987,0.8000589137483322,0.7949294353994326,0.8051883920972317,0.7987173180714061,0.794833951459296,0.8026006846835162,0.8008857963884815,0.7962056987156187,0.8055658940613442,0.01496378544533649,0.012187972109452373,0.017739598781220608,15.074430706268979,15.073609177785164,15.075252234752794,0.14953532337748796,0.14874443743102336,0.15032620932395255,0,0,0,14.436437089360629,14.436436210708806,14.436437968012452,0,0,0,45.91141376666662,45.26275165740366,46.56007587592958,0
35,2,2,15,30,120,6545.966666666666,6515.033180054878,6576.900153278454,5387,5382.133229917647,5391.866770082353,0.8230826098020556,0.8192799931119871,0.8268852264921241,0.8159560087039811,0.8075013876958572,0.824410629712105,1158.9666666666667,1128.481945610542,1189.4513877227914,10.539086956521738,9.877870499021872,11.200303414021603,8842.704358874535,8627.680716233184,9057.728001515885,8893.613290127878,8678.32165145572,9108.904928800035,9913.6,9686.453140174372,10140.74685982563,0.8219600831222551,0.8164515710216224,0.8274685952228878,0.8226625783981873,0.8187046811941527,0.826620475602222,0.8255084452563362,0.8209262720837711,0.8300906184289012,0.016114799734515586,0.013133022246651865,0.019096577222379306,18.46000202782403,17.922263066143753,18.997740989504305,0.6144853616175917,0.5818918067438015,0.6470789164913819,0,0,0,15.288715927586198,15.271147748938153,15.306284106234243,0,0,0,45.65633606666621,45.098338777570355,46.21433335576207,0
35,2,2,15.5,30,120,6545.966666666666,6515.033180054878,6576.900153278454,5401.5,5395.6021917182115,5407.3978082817885,0.8252966392285443,0.8214903422236376,0.8291029362334511,0.8200523514007805,0.8117048995193421,0.8283998032822188,1144.4666666666667,1114.0779495388522,1174.8553837944812,10.306188405797103,9.656135255613506,10.9562415559807,8744.60151144632,8529.813847862348,8959.389175030294,8794.727408032919,8579.757241293406,9009.697574772432,9781.266666666666,9553.732952319073,10008.80038101426,0.8242534648014874,0.8186757001240746,0.8298312294789002,0.8247696363540691,0.8208370351876065,0.8287022375205316,0.8279701220251358,0.8233253174944153,0.8326149265558562,0.01657587171209117,0.013642029876221583,0.019509713547960755,33.10033075639203,32.51774168910385,33.682919823680216,0.3307532827844157,0.30244612884674976,0.3590604367220816,0,0,0,15.360335724706575,15.347045767300978,15.373625682112172,0,0,0,45.873351366667826,45.30144888264109,46.44525385069456,0
35,2,2,16,30,120,6545.966666666666,6515.033180054878,6576.900153278454,5409.8,5403.82361600889,5415.77638399111,0.8265634137815058,0.8227882377272364,0.8303385898357751,0.8213286938927636,0.81287747405017,0.8297799137353573,1136.1666666666667,1106.0265149561312,1166.3068183772023,10.228956521739132,9.567407876206678,10.890505167271586,8682.222991268553,8468.797421900632,8895.648560636473,8732.26018430746,8518.673605478292,8945.84676313663,9708.933333333332,9485.34321327169,9932.523453394975,0.8257242610075757,0.820186251745997,0.8312622702691543,0.8260450617899117,0.8221340040508462,0.8299561195289771,0.8290130965352323,0.8243434166081304,0.8336827764623341,0.016443518682270893,0.013427945571438681,0.019459091793103105,39.94883502344151,39.93705323103381,39.960616815849214,0.05818895466761163,0.04844029636954851,0.06793761296567474,0.4680555555555554,0.42144765034155085,0.5146634607695599,15.690967484684176,15.651559430957525,15.730375538410827,0,0,0,45.59050689999955,44.98336171024117,46.19765208975794,0
35,2,2,17,30,120,6545.966666666666,6515.033180054878,6576.900153278454,5410.866666666667,5404.658114986792,5417.075218346542,0.8267261072885485,0.8229496134133786,0.8305026011637183,0.8213921741603989,0.8130859002715102,0.8296984480492876,1135.1,1104.9671352686216,1165.2328647313782,10.230521739130435,9.583578809146658,10.877464669114211,8673.764462308724,8458.172792856445,8889.356131761002,8723.616144661075,8507.91975133625,8939.3125379859,9706.966666666667,9481.953032917927,9931.980300415407,0.8258801121036814,0.8203816289835043,0.8313785952238585,0.8262313258378099,0.8223045065424027,0.8301581451332171,0.8291153946702836,0.8245404171429171,0.8336903721976501,0.016141482594705825,0.013171986511603227,0.01911097867780842,40,40,40,0,0,0,1,1,1,15.666113758981943,15.626452430373092,15.705775087590794,0,0,0,45.937669333333176,45.217616328984676,46.657722337681676,0
35,3,3,14.05,30,120,6545.966666666666,6515.033180054878,6576.900153278454,5078.266666666666,5078.019219501362,5078.5141138319705,0.7759153319332884,0.7722779474552264,0.7795527164113505,0.7511762212022206,0.7436122405812964,0.7587402018231448,1467.7,1436.7578546746784,1498.6421453253217,14.162536231884058,13.512576411451143,14.812496052316973,11019.495439493576,10797.862370144472,11241.12850884268,11060.648176127335,10839.166661307918,11282.129690946753,12586.933333333332,12356.19733694928,12817.669329717384,0.7763528268921001,0.7709482616535477,0.7817573921306524,0.7754545663931615,0.7717371494644415,0.7791719833218814,0.7769654682920027,0.7722965796031276,0.7816343569808779,0.016032774599451637,0.013151311837905235,0.018914237360998037,14.376364784000401,14.374300738589593,14.37842882941121,0.16110087035383472,0.15961264801892971,0.16258909268873972,0,0,0,14.057253409779142,14.057251873077771,14.057254946480512,0,0,0,49.10551113333325,48.592464187722065,49.61855807894444,0
35,3,3,14.5,30,120,6545.966666666666,6515.033180054878,6576.900153278454,5232,5232,5232,0.7994044150536641,0.7956583803232465,0.8031504497840817,0.7728304065052669,0.7650483787292663,0.7806124342812675,1313.9666666666667,1283.0331800548784,1344.900153278455,12.868623188405799,12.21887112145031,13.518375255361288,9847.508012664113,9624.752722763395,10070.263302564832,9886.66512185547,9663.987429339053,10109.342814371888,11281.6,11057.596728771014,11505.603271228987,0.8000589137483322,0.7949294353994326,0.8051883920972317,0.7987173180714061,0.794833951459296,0.8026006846835162,0.8008857963884815,0.7962056987156187,0.8055658940613442,0.01496378544533649,0.012187972109452373,0.017739598781220608,15.074381143759648,15.073562948754494,15.075199338764802,0.1495442688126815,0.14875408073561497,0.15033445688974806,0,0,0,14.436437103828698,14.436436145270049,14.436438062387348,0,0,0,48.844295833333796,48.29129994720459,49.397291719463,0
35,3,3,15,30,120,6545.966666666666,6515.033180054878,6576.900153278454,5408.533333333334,5408.0755174959095,5408.991149170758,0.8263769023135102,0.8225115277274061,0.8302422768996144,0.801227996107712,0.7931767708368582,0.8092792213785658,1137.4333333333334,1106.5499626231688,1168.316704043498,11.392000000000003,10.745681890004235,12.038318109995771,8496.467077791878,8272.227277730242,8720.706877853514,8539.61065363044,8315.857700792958,8763.363606467921,9726.466666666667,9492.97098764798,9959.962345685355,0.8254731282326069,0.8199271453300083,0.8310191111352054,0.8259217242619187,0.8219750741876966,0.8298683743361408,0.8286960569660544,0.8238876176927025,0.8335044962394064,0.016124894937036373,0.01318363410813252,0.019066155765940226,15.340576663295447,15.332683921427936,15.348469405162959,0.15538835678367685,0.1544866467982861,0.1562900667690676,0,0,0,15.006835156593802,14.999288372965216,15.014381940222387,0,0,0,48.60942656666642,48.00556304570294,49.2132900876299,0
35,3,3,15.5,30,120,6545.966666666666,6515.033180054878,6576.900153278454,5581,5581,5581,0.8527286009966554,0.848732687420497,0.8567245145728137,0.8295793059201466,0.8212258442204977,0.8379327676197955,964.9666666666667,934.0331800548784,995.900153278455,9.889057971014493,9.239305904059004,10.538810037969983,7184.150689173663,6957.973109746891,7410.328268600434,7228.908137262697,7003.047371611011,7454.768902914383,8217.7,7979.856072569166,8455.543927430836,0.8519244647309534,0.84583321898702,0.8580157104748868,0.8521196779341745,0.848116683351724,0.8561226725166251,0.8554728241721778,0.8503197391129047,0.860625909231451,0.01756527769411005,0.014248994758584412,0.02088156062963569,16.116048552002844,16.116031178323755,16.116065925681934,0.1366180738100111,0.13661770321524744,0.13661844440477475,0,0,0,15.530230994571395,15.530230024285526,15.530231964857265,0,0,0,48.021623566666676,47.14850098464702,48.89474614868633,0
35,3,3,16,30,120,6545.966666666666,6515.033180054878,6576.900153278454,5754.866666666667,5754.558788599546,5755.174544733788,0.8792939954043544,0.8751714159607317,0.8834165748479771,0.8542202754029228,0.8456186910785318,0.8628218597273137,791.1,760.1519757427831,822.048024257217,8.444594202898552,7.794543369179502,9.094645036617601,5827.496506367229,5600.788239898724,6054.204772835734,5873.693365953805,5647.30485785734,6100.081874050271,6751.5,6515.584996854873,6987.415003145127,0.8795334476364878,0.8736904712582373,0.8853764240147383,0.8786587202568488,0.8744584596033775,0.88285898091032,0.8810416858370013,0.8764065010333421,0.8856768706406605,0.015248518498013766,0.012432630344630045,0.018064406651397486,16.339239145534883,16.337017376338412,16.341460914731353,0.15827053908702465,0.15705967100317603,0.15948140717087328,0,0,0,15.995929406762523,15.992165385178005,15.99969342834704,0,0,0,47.500058266665775,46.69966259541885,48.3004539379127,0
35,3,3,17,30,120,6545.966666666666,6515.033180054878,6576.900153278454,6103.266666666666,6102.879959098477,6103.653374234856,0.9325273129415651,0.9281325737184842,0.936922052164646,0.9079088155654288,0.8987514676950068,0.9170661634358508,442.7,411.60255208608555,473.7974479139144,5.445594202898552,4.7937559218070405,6.0974324839900635,3163.6123745166647,2933.46390933486,3393.760839698469,3211.7056384891494,2982.1041088208626,3441.307168157436,3797.3333333333335,3542.991783846725,4051.674882819942,0.9319767820338605,0.9265879401430548,0.9373656239246662,0.9319986816036089,0.9276448965357239,0.9363524666714939,0.9347516653575852,0.9297194373642531,0.9397838933509174,0.011673340622479845,0.009211990149286309,0.01413469109567338,17.327035670255,17.324782710727206,17.329288629782795,0.15449039453802543,0.1540462578524387,0.15493453122361217,0,0,0,17.003185473818228,17.00316233703261,17.003208610603846,0,0,0,49.179426366666306,47.57755336139763,50.781299371934985,0
35,4,4,14.05,30,120,6545.966666666666,6515.033180054878,6576.900153278454,5078.1,5077.845225996021,5078.354774003979,0.7758897986950927,0.7722542623969628,0.7795253349932225,0.7511762212022206,0.7436122405812964,0.7587402018231448,1467.8666666666666,1436.938140876954,1498.795192456379,14.154884057971014,13.509066106698642,14.800702009243386,10983.101029006622,10761.598353927551,11204.603704085694,11048.268054228221,10826.96164222355,11269.574466232893,12587.933333333332,12357.255176702885,12818.61148996378,0.7763511873916928,0.7709506828024366,0.7817516919809491,0.7754289206759657,0.7717198200593949,0.7791380212925365,0.7769151683327209,0.7722277451298749,0.7816025915355669,0.01606701644219572,0.013182670972543258,0.018951361911848184,14.378075243856275,14.375849649628885,14.380300838083665,0.16225748711383184,0.1606828336560621,0.1638321405716016,0,0,0,14.057252797706493,14.05725102152944,14.057254573883545,0,0,0,52.78276240000123,51.626383793219716,53.93914100678275,0
35,4,4,14.5,30,120,6545.966666666666,6515.033180054878,6576.900153278454,5232,5232,5232,0.7994044150536641,0.7956583803232465,0.8031504497840817,0.7728304065052669,0.7650483787292663,0.7806124342812675,1313.9666666666667,1283.0331800548784,1344.900153278455,12.868623188405799,12.21887112145031,13.518375255361288,9809.927032029364,9587.170983070098,10032.683080988629,9874.588086709073,9651.981154638686,10097.19501877946,11281.6,11057.596728771014,11505.603271228987,0.8000589137483322,0.7949294353994326,0.8051883920972317,0.7987173180714061,0.794833951459296,0.8026006846835162,0.8008857963884815,0.7962056987156187,0.8055658940613442,0.01496378544533649,0.012187972109452373,0.017739598781220608,15.074375769101602,15.073556570842932,15.075194967360272,0.14954421864053655,0.14875402717335826,0.15033441010771484,0,0,0,14.436437038621309,14.436436065284964,14.436438011957653,0,0,0,59.70735553333337,50.105182430275754,69.30952863639098,0
35,4,4,15,30,120,6545.966666666666,6515.033180054878,6576.900153278454,5408.233333333334,5407.766444650513,5408.700222016154,0.8263305195577728,0.8224809119525018,0.8301801271630438,0.8011012680993777,0.7930795688762879,0.8091229673224674,1137.7333333333333,1106.9496000601005,1168.5170666065662,11.407985507246378,10.763345425465221,12.052625589027535,8456.858713265268,8232.75355903703,8680.963867493507,8527.310530708297,8303.616388132172,8751.004673284422,9728.4,9496.124565952452,9960.675434047547,0.8253982163265418,0.8199073878983933,0.8308890447546902,0.8258785690436354,0.8219379243652194,0.8298192137220515,0.8286724670470235,0.8238684362301937,0.8334764978638532,0.016052059061868407,0.01309414980970659,0.019009968314030224,15.332255577971376,15.325370130145442,15.339141025797309,0.15630994405854004,0.15556599295725854,0.15705389515982154,0,0,0,14.999890081562917,14.992416239010945,15.00736392411489,0,0,0,50.25594733333419,49.45150977340461,51.06038489326377,0
35,4,4,15.5,30,120,6545.966666666666,6515.033180054878,6576.900153278454,5581,5581,5581,0.8527286009966554,0.848732687420497,0.8567245145728137,0.8295793059201466,0.8212258442204977,0.8379327676197955,964.9666666666667,934.0331800548784,995.900153278455,9.889057971014493,9.239305904059004,10.538810037969983,7143.762554717806,6917.5855965256815,7369.93951290993,7216.75158323996,6990.806589632623,7442.696576847297,8217.7,7979.856072569166,8455.543927430836,0.8519244647309534,0.84583321898702,0.8580157104748868,0.8521196779341745,0.848116683351724,0.8561226725166251,0.8554728241721778,0.8503197391129047,0.860625909231451,0.01756527769411005,0.014248994758584412,0.02088156062963569,16.11604344336252,16.116027249045377,16.116059637679665,0.136618068136624,0.1366176925174192,0.1366184437558288,0,0,0,15.530230926541414,15.530229987183827,15.530231865899001,0,0,0,49.29634716666648,48.43878960459734,50.15390472873562,0
35,4,4,16,30,120,6545.966666666666,6515.033180054878,6576.900153278454,5755.1,5754.783401120383,5755.416598879618,0.8793297207807442,0.8752049662010112,0.8834544753604773,0.8542202754029228,0.8456186910785318,0.8628218597273137,790.8666666666667,759.904323131655,821.8290102016783,8.444942028985507,7.7959100267031145,9.093974031267898,5786.180206413605,5559.56432390586,6012.796088921351,5861.365711799848,5634.883195764712,6087.848227834985,6750.6,6514.533290623667,6986.6667093763335,0.8795854820543215,0.8737494440341841,0.885421520074459,0.8786758139276859,0.8744693089481541,0.8828823189072177,0.88112114011058,0.8765136996661171,0.8857285805550428,0.015140581872601621,0.012361637490942334,0.01791952625426091,16.33754650294581,16.33554466606708,16.33954833982454,0.1584377141439298,0.1572087576628633,0.1596666706249963,0,0,0,15.995928781693298,15.99216452617495,15.999693037211646,0,0,0,49.6337236333328,47.6689865277996,51.598460738865995,0
35,4,4,17,30,120,6545.966666666666,6515.033180054878,6576.900153278454,6103.266666666666,6102.8687043472655,6103.664628986067,0.9325265679186245,0.928152854902114,0.9369002809351351,0.9078840825769322,0.8987248924343635,0.9170432727195009,442.7,411.7383101147285,473.66168988527147,5.445579710144929,4.795280733686865,6.095878686602993,3119.530685548606,2889.3510054196668,3349.7103656775453,3199.028196449865,2969.4332687631454,3428.6231241365845,3798.366666666667,3545.8791905344497,4050.854142798884,0.9319246659327421,0.9265891185544162,0.9372602133110681,0.9320151790348677,0.927682399325796,0.9363479587439395,0.9347516653575852,0.9297194373642531,0.9397838933509174,0.01154388659995165,0.009047779937076686,0.014039993262826615,17.327029451443483,17.32477697954142,17.329281923345548,0.1545645258110377,0.15411163465141675,0.15501741697065863,0,0,0,17.0031780607353,17.00315202827079,17.003204093199813,0,0,0,46.97722926666611,45.56655892894786,48.38789960438435,0
