demand,target,policy,policy_id,comparison,fixed_budget,pairs,delta_completion_rate_mean,delta_completion_rate_ci_low,delta_completion_rate_ci_high,delta_late24_service_ratio_mean,delta_late24_service_ratio_ci_low,delta_late24_service_ratio_ci_high,delta_final_queue_mean,delta_final_queue_ci_low,delta_final_queue_ci_high,delta_population_weighted_exposure_mean_mean,delta_population_weighted_exposure_mean_ci_low,delta_population_weighted_exposure_mean_ci_high,delta_late_mean_wait_minutes_mean,delta_late_mean_wait_minutes_ci_low,delta_late_mean_wait_minutes_ci_high
45,14,P3-D0.50,p3d_05,same_target,14,30,0.04522803340411444,0.045034272584911446,0.04542179422331743,0.03665631097215692,0.03631462313967275,0.036997998804641094,-382.5,-383.7773316295912,-381.2226683704088,1.0462228491433754,1.0428335270542914,1.0496121712324593,-2308.306330153103,-2332.285249792882,-2284.3274105133237
45,14,P3-D0.50,p3d_05,nearest_exposure,14.15,30,0.003145344653313568,0.0028174655149469916,0.0034732237916801447,-0.00484126815218795,-0.004951918504189908,-0.004730617800185992,-26.6,-29.36484039987512,-23.835159600124882,0.048684399969740375,0.04111411674703039,0.05625468319245036,-202.79065375814363,-220.31767838358385,-185.26362913270341
45,14,P3-U,p3u,same_target,14,30,0.04192921260094469,0.04173605489293192,0.04212237030895746,0.03704192388809803,0.03666427915739875,0.03741956861879731,-354.6,-355.8768129864232,-353.32318701357684,0.9670577000021884,0.9636725038019589,0.9704428962024179,-2115.240416121536,-2137.4980938891536,-2092.982738353918
45,14,P3-U,p3u,nearest_exposure,14.15,30,-0.00015347614985617987,-0.0004816421645319703,0.00017468986481961057,-0.00445565523624684,-0.004598736341600801,-0.0043125741308928794,1.3,-1.4689099228612588,4.068909922861259,-0.03048074917144632,-0.038242171198667824,-0.02271932714422482,-9.724739726576201,-27.650292539394655,8.20081308624225
45,14.05,P3-D0.50,p3d_05,same_target,14.05,30,0.04734863527614138,0.047156266650746355,0.047541003901536406,0.04034486859311307,0.039988167448888896,0.04070156973733725,-400.43333333333334,-401.61339401103817,-399.2532726556285,1.0980822000711528,1.0952860992425384,1.1008783008997671,-2406.1588153993766,-2431.4150888184126,-2380.9025419803406
45,14.05,P3-D0.50,p3d_05,nearest_exposure,14.15,30,0.0052659465253404964,0.004949994603681491,0.005581898446999502,-0.0011527105312318005,-0.001162901992495349,-0.001142519069968252,-44.53333333333333,-47.1925602425664,-41.87410642410026,0.10054375089751814,0.09346577999590759,0.1076217217991287,-300.6431390044162,-318.36932218192476,-282.9169558269076
45,14.05,P3-U,p3u,same_target,14.05,30,0.043990522717894574,0.04379229673492067,0.04418874870086848,0.039689390906932506,0.03934089706728719,0.04003788474657782,-372.03333333333336,-373.34724542939176,-370.71942123727496,1.0196817978963229,1.0163149785095544,1.0230486172830913,-2217.3045558495196,-2240.8323131488655,-2193.7767985501737
45,14.05,P3-U,p3u,nearest_exposure,14.15,30,0.0019078339670936862,0.0015767094370761224,0.00223895849711125,-0.001808188217412369,-0.0019631230167262495,-0.0016532534180984883,-16.133333333333333,-18.92540271516291,-13.341263951503755,0.022143348722688097,0.01453481963855224,0.029751877806823954,-111.78887945455924,-129.74462094771837,-93.8331379614001
45,14.1,P3-D0.50,p3d_05,same_target,14.1,30,0.021047458678644222,0.020766886475921405,0.02132803088136704,0.012755784925366854,0.012612906071551694,0.012898663779182013,-178,-180.30573657416133,-175.69426342583867,0.8706766766510975,0.8652538367343352,0.8760995165678598,-1103.6879907443438,-1119.7156307833902,-1087.6603507052973
45,14.1,P3-D0.50,p3d_05,nearest_exposure,14.15,30,0.007039670616282774,0.006702115186920008,0.007377226045645541,-0.001076741449414768,-0.0011819539471247418,-0.0009715289517047942,-59.53333333333333,-62.370895332588475,-56.69577133407819,0.1432446150796898,0.13517743290877113,0.15131179725060848,-401.8080672946892,-419.1193874048091,-384.49674718456924
45,14.1,P3-U,p3u,same_target,14.1,30,0.018071669176352126,0.017805938871942085,0.018337399480762167,0.014292447909844398,0.014155432989454965,0.01442946283023383,-152.83333333333334,-155.02535152549993,-150.64131514116676,0.7967895463908756,0.7918871268087125,0.8016919659730387,-923.401400642227,-938.7507539776758,-908.0520473067783
45,14.1,P3-U,p3u,nearest_exposure,14.15,30,0.004063881113990679,0.003741047668758407,0.004386714559222951,0.00045992153506277573,0.0003760950564799407,0.0005437480136456107,-34.36666666666667,-37.08460806705386,-31.648725266279474,0.06935748481946777,0.06182923094065613,0.07688573869827942,-221.5214771925724,-239.05038474254246,-203.99256964260235
45,14.15,P3-D0.50,p3d_05,same_target,14.15,30,0.008848723520277612,0.008500037529431254,0.00919740951112397,0.0023054210624636156,0.002285038139936517,0.0023258039849907144,-74.83333333333333,-77.7633034533541,-71.90336321331256,0.18528485009208892,0.177508791495865,0.19306090868831285,-495.1460009980674,-511.3915897428713,-478.9004122532635
45,14.15,P3-D0.50,p3d_05,nearest_exposure,14.15,30,0.008848723520277612,0.008500037529431254,0.00919740951112397,0.0023054210624636156,0.002285038139936517,0.0023258039849907144,-74.83333333333333,-77.7633034533541,-71.90336321331256,0.18528485009208892,0.177508791495865,0.19306090868831285,-495.1460009980674,-511.3915897428713,-478.9004122532635
45,14.15,P3-U,p3u,same_target,14.15,30,0.005979404415548458,0.005653336987404943,0.006305471843691974,0.001250278673091502,0.0011672699986475363,0.001333287347535468,-50.56666666666667,-53.30919117418333,-47.82414215915001,0.11690981353689285,0.10918614911092213,0.12463347796286357,-321.20614669820924,-338.83759218192546,-303.574701214493
45,14.15,P3-U,p3u,nearest_exposure,14.15,30,0.005979404415548458,0.005653336987404943,0.006305471843691974,0.001250278673091502,0.0011672699986475363,0.001333287347535468,-50.56666666666667,-53.30919117418333,-47.82414215915001,0.11690981353689285,0.10918614911092213,0.12463347796286357,-321.20614669820924,-338.83759218192546,-303.574701214493
45,18,P3-D0.50,p3d_05,same_target,18,30,-0.0003740705923078624,-0.0005418797177414157,-0.00020626146687430921,-0.00005429935666275698,-0.00029304489769994835,0.00018444618437443437,3.1666666666666665,1.7443110575002376,4.589022275833095,-0.030837504201190195,-0.04271791825494796,-0.01895709014743243,22.120497824402385,12.680062084049235,31.560933564755537
45,18,P3-D0.50,p3d_05,nearest_exposure,18,30,-0.0003740705923078624,-0.0005418797177414157,-0.00020626146687430921,-0.00005429935666275698,-0.00029304489769994835,0.00018444618437443437,3.1666666666666665,1.7443110575002376,4.589022275833095,-0.030837504201190195,-0.04271791825494796,-0.01895709014743243,22.120497824402385,12.680062084049235,31.560933564755537
45,18,P3-U,p3u,same_target,18,30,-0.00019752739379848375,-0.00033102705672878537,-0.00006402773086818214,-0.000039708654180307486,-0.00019527871157757847,0.00011586140321696352,1.6666666666666667,0.541582421204589,2.7917509121287445,-0.014517537167469523,-0.023887509063493288,-0.005147565271445756,11.664060137269553,4.032656347173549,19.295463927365557
45,18,P3-U,p3u,nearest_exposure,18,30,-0.00019752739379848375,-0.00033102705672878537,-0.00006402773086818214,-0.000039708654180307486,-0.00019527871157757847,0.00011586140321696352,1.6666666666666667,0.541582421204589,2.7917509121287445,-0.014517537167469523,-0.023887509063493288,-0.005147565271445756,11.664060137269553,4.032656347173549,19.295463927365557
80,14,P3-D0.50,p3d_05,same_target,14,30,0.02539112652092076,0.025322151502655408,0.025460101539186115,0.02080635330873894,0.020640254733857357,0.020972451883620524,-380.23333333333335,-380.4136898980086,-380.0529767686581,1.0418104500943568,1.0413519461379992,1.0422689540507144,-1290.727721171675,-1305.5096847514465,-1275.9457575919037
80,14,P3-D0.50,p3d_05,nearest_exposure,14.15,30,0.0013555929175033917,0.0013408172763626576,0.0013703685586441258,-0.002600794163592372,-0.00262155648545257,-0.0025800318417321735,-20.3,-20.51326277568824,-20.08673722431176,0.03319032755230366,0.032535570124992357,0.03384508497961496,-89.59795972467097,-91.4476632256529,-87.74825622368904
80,14,P3-U,p3u,same_target,14,30,0.023563652108359378,0.023499667042531022,0.023627637174187734,0.02137045992198216,0.021172894288831092,0.021568025555133225,-352.8666666666667,-352.9903902493185,-352.7429430840148,0.9652363477275858,0.964480954617069,0.9659917408381027,-1179.3271282193882,-1193.0795503240136,-1165.5747061147629
80,14,P3-U,p3u,nearest_exposure,14.15,30,-0.0004718814950579964,-0.0004806135964969654,-0.0004631493936190274,-0.002036687550349153,-0.0021162166972685174,-0.0019571584034297888,7.066666666666666,6.936,7.197333333333333,-0.043383774814467736,-0.04405910898816469,-0.042708440640770784,21.802633227616024,21.24529224762072,22.359974207611327
80,14.05,P3-D0.50,p3d_05,same_target,14.05,30,0.02657529006039112,0.026505250036831733,0.026645330083950508,0.022756948931433214,0.022575278615156482,0.022938619247709947,-397.96666666666664,-398.0811206260226,-397.8522127073107,1.0917772597873747,1.0912134077064728,1.0923411118682766,-1346.6147484216099,-1362.0595353797146,-1331.1699614635052
80,14.05,P3-D0.50,p3d_05,nearest_exposure,14.15,30,0.00253975645697375,0.0025267906998253445,0.0025527222141221552,-0.0006501985408980948,-0.000655389121363144,-0.0006450079604330457,-38.03333333333333,-38.208725002314196,-37.85794166435247,0.08315713724532128,0.08240439404920273,0.08390988044143984,-145.48498697460576,-147.27261766212874,-143.69735628708278
80,14.05,P3-U,p3u,same_target,14.05,30,0.024674395288185276,0.024606494579506352,0.0247422959968642,0.02232364866634272,0.022127405540475466,0.02251989179220997,-369.5,-369.68198143141353,-369.31801856858647,1.0139677567108476,1.0132776041364762,1.014657909285219,-1236.6359180627453,-1251.2562345534266,-1222.015601572064
80,14.05,P3-U,p3u,nearest_exposure,14.15,30,0.0006388616847678978,0.0006250266621121565,0.000652696707423639,-0.0010834988059885955,-0.0011610269102683625,-0.0010059707017088285,-9.566666666666666,-9.770037644904152,-9.363295688429181,0.005347634168794062,0.004500819860560518,0.006194448477027605,-35.506156615741205,-36.90350606144271,-34.1088071700397
80,14.1,P3-D0.50,p3d_05,same_target,14.1,30,0.011554754649881581,0.01152336778790224,0.011586141511860923,0.007195208756087009,0.007116832903241495,0.007273584608932523,-173.03333333333333,-173.1814244309053,-172.88524223576135,0.8603536077993745,0.859778984267777,0.8609282313309721,-604.3998727127957,-611.4545102444732,-597.3452351811183
80,14.1,P3-D0.50,p3d_05,nearest_exposure,14.15,30,0.003543656328378299,0.0035284956399561033,0.0035588170168004947,-0.0006071737346900919,-0.0006664410975329275,-0.0005479063718472562,-53.06666666666667,-53.25304345307906,-52.88028988025428,0.12589632710243706,0.12516741188172908,0.12662524232314504,-203.84962772919764,-206.46521712302297,-201.2340383353723
80,14.1,P3-U,p3u,same_target,14.1,30,0.009791941716390726,0.009756232820102002,0.00982765061267945,0.007737175712615009,0.007645328928880904,0.007829022496349114,-146.63333333333333,-146.90704588216326,-146.3596207845034,0.7850706238042308,0.7847566867344131,0.7853845608740484,-501.4523874376453,-507.33644666173757,-495.56832821355306
80,14.1,P3-U,p3u,nearest_exposure,14.15,30,0.0017808433948874455,0.001758031270488571,0.00180365551928632,-0.00006520677816209131,-0.00013553306327034775,0.000005119506946165117,-26.666666666666668,-26.983033009432848,-26.350300323900488,0.05061334310729328,0.04997787534606686,0.05124881086851969,-100.90214245404725,-102.35395363894935,-99.45033126914515
80,14.15,P3-D0.50,p3d_05,same_target,14.15,30,0.004545368222047882,0.0045292475782751284,0.0045614888658206355,0.0013003970817961803,0.0012900159208660818,0.0013107782427262788,-68.06666666666666,-68.19733333333333,-67.93599999999999,0.16759281512486743,0.16711842012610817,0.1680672101236267,-263.9753880721133,-267.1087712581964,-260.84200488603017
80,14.15,P3-D0.50,p3d_05,nearest_exposure,14.15,30,0.004545368222047882,0.0045292475782751284,0.0045614888658206355,0.0013003970817961803,0.0012900159208660818,0.0013107782427262788,-68.06666666666666,-68.19733333333333,-67.93599999999999,0.16759281512486743,0.16711842012610817,0.1680672101236267,-263.9753880721133,-267.1087712581964,-260.84200488603017
80,14.15,P3-U,p3u,same_target,14.15,30,0.0029427008299657237,0.0029300281338354864,0.002955373526095961,0.0006501985408980856,0.0006450079604330373,0.0006553891213631339,-44.06666666666667,-44.19733333333334,-43.936,0.10035492193235243,0.09988075840119713,0.10082908546350773,-155.6736959883162,-157.7457205639475,-153.60167141268494
80,14.15,P3-U,p3u,nearest_exposure,14.15,30,0.0029427008299657237,0.0029300281338354864,0.002955373526095961,0.0006501985408980856,0.0006450079604330373,0.0006553891213631339,-44.06666666666667,-44.19733333333334,-43.936,0.10035492193235243,0.09988075840119713,0.10082908546350773,-155.6736959883162,-157.7457205639475,-153.60167141268494
80,18,P3-D0.50,p3d_05,same_target,18,30,-0.00018965371638182682,-0.0002633752142396053,-0.0001159322185240483,-0.00004438213618277638,-0.00014883863744724602,0.00006007436508169324,2.8333333333333335,1.7330519342866524,3.933614732380015,-0.03327941319594151,-0.043217959425304805,-0.023340866966578208,10.314398955043119,6.4373278570135035,14.191470053072734
80,18,P3-D0.50,p3d_05,nearest_exposure,18,30,-0.00018965371638182682,-0.0002633752142396053,-0.0001159322185240483,-0.00004438213618277638,-0.00014883863744724602,0.00006007436508169324,2.8333333333333335,1.7330519342866524,3.933614732380015,-0.03327941319594151,-0.043217959425304805,-0.023340866966578208,10.314398955043119,6.4373278570135035,14.191470053072734
80,18,P3-U,p3u,same_target,18,30,-0.00022751127690669263,-0.0003166657371432629,-0.00013835681667012236,-0.0001348031222376441,-0.0003096832018514873,0.000040076957376199124,3.4,2.069003519094093,4.730996480905906,-0.025460557009215932,-0.03699802269498019,-0.013923091323451672,11.96023663112525,7.440218116826457,16.480255145424042
80,18,P3-U,p3u,nearest_exposure,18,30,-0.00022751127690669263,-0.0003166657371432629,-0.00013835681667012236,-0.0001348031222376441,-0.0003096832018514873,0.000040076957376199124,3.4,2.069003519094093,4.730996480905906,-0.025460557009215932,-0.03699802269498019,-0.013923091323451672,11.96023663112525,7.440218116826457,16.480255145424042
