budget,method,cases,requests_mean,requests_ci_low,requests_ci_high,planned_mean,planned_ci_low,planned_ci_high,dispatched_mean,dispatched_ci_low,dispatched_ci_high,completed_mean,completed_ci_low,completed_ci_high,final_queue_mean,final_queue_ci_low,final_queue_ci_high,mean_wait_minutes_mean,mean_wait_minutes_ci_low,mean_wait_minutes_ci_high,schedule_gap_mean,schedule_gap_ci_low,schedule_gap_ci_high,plan_execution_rate_mean,plan_execution_rate_ci_low,plan_execution_rate_ci_high,complete_plan_mean,complete_plan_ci_low,complete_plan_ci_high,north_route_share_mean,north_route_share_ci_low,north_route_share_ci_high,central_route_share_mean,central_route_share_ci_low,central_route_share_ci_high,south_route_share_mean,south_route_share_ci_low,south_route_share_ci_high,peak_budget_use_mean,peak_budget_use_ci_low,peak_budget_use_ci_high
13,Greedy event,480,127.39791666666666,126.40253102192736,128.39330231140596,0,0,0,35.952083333333334,35.85816666666667,36.046,35.952083333333334,35.85816666666667,36.046,91.44583333333334,90.44502723306978,92.4466394335969,112.51002782383286,111.30078757352003,113.71926807414569,0,0,0,0,0,0,0,0,0,0.3326388888888892,0.3312777777777781,0.3340000000000003,0.33472222222222264,0.3320000000000004,0.3374444444444449,0.3326388888888892,0.3312777777777781,0.3340000000000003,0.9324875656818811,0.932211314373241,0.9327638169905211
13,Planned event,480,127.39791666666666,126.40253102192736,128.39330231140596,36,36,36,35.99583333333333,35.99006465897918,36.00160200768748,35.99583333333333,35.99006465897918,36.00160200768748,91.40208333333334,90.40713085845599,92.39703580821069,85.60054666950897,83.8656519998137,87.33544133920425,0.004166666666666667,-0.0016020076874827763,0.00993534102081611,0.9998842592592593,0.9997240183049774,1.0000445002135412,0.9958333333333333,0.9900646589791839,1.0016020076874828,0.3332539682539686,0.333144088742461,0.3333638477654762,0.33337301587301627,0.33331807611726244,0.3334279556287701,0.33337301587301627,0.33331807611726244,0.3334279556287701,0.9323401853535557,0.9323379601322415,0.9323424105748699
13.5,Greedy event,480,127.39791666666666,126.40253102192736,128.39330231140596,0,0,0,39,39,39,39,39,39,88.39791666666666,87.40253102192736,89.39330231140596,122.73781002608503,121.49987429305328,123.97574575911678,0,0,0,0,0,0,0,0,0,0.3333333333333337,0.33333333333333365,0.33333333333333376,0.3333333333333337,0.33333333333333365,0.33333333333333376,0.3333333333333337,0.33333333333333365,0.33333333333333376,0.9726331763387844,0.9726330962429572,0.9726332564346116
13.5,Planned event,480,127.39791666666666,126.40253102192736,128.39330231140596,39,39,39,38.99166666666667,38.9835256142816,38.99980771905174,38.99166666666667,38.9835256142816,38.99980771905174,88.40625,87.41156303280441,89.40093696719559,93.73428019182401,91.93366684160517,95.53489354204285,0.008333333333333333,0.00019228094826414036,0.016474385718402526,0.9997863247863247,0.9995775798533741,0.9999950697192752,0.9916666666666667,0.9835256142815975,0.9998077190517359,0.3331871345029243,0.3330443090224845,0.3333299599833641,0.3334064327485384,0.3333350200083185,0.33347784548875825,0.3334064327485384,0.3333350200083185,0.33347784548875825,0.9726250758525542,0.9726220521622162,0.9726280995428922
13.75,Greedy event,480,127.39791666666666,126.40253102192736,128.39330231140596,0,0,0,39,39,39,39,39,39,88.39791666666666,87.40253102192736,89.39330231140596,122.73781002608503,121.49987429305328,123.97574575911678,0,0,0,0,0,0,0,0,0,0.3333333333333337,0.33333333333333365,0.33333333333333376,0.3333333333333337,0.33333333333333365,0.33333333333333376,0.3333333333333337,0.33333333333333365,0.33333333333333376,0.9549489367689866,0.9549488581294472,0.9549490154085261
13.75,Planned event,480,127.39791666666666,126.40253102192736,128.39330231140596,39,39,39,38.989583333333336,38.98049092598569,38.99867574068098,38.989583333333336,38.98049092598569,38.99867574068098,88.40833333333333,87.41369520305355,89.40297146361311,89.28479838874136,87.403096765872,91.16650001161074,0.010416666666666666,0.001324259319019307,0.019509074014314023,0.9997329059829059,0.9994997673329662,0.9999660446328456,0.9895833333333334,0.980490925985686,0.9986757406809808,0.3332054093567255,0.3330580154851238,0.33335280322832717,0.3334247076023395,0.3333449496431496,0.3335044655615294,0.333369883040936,0.33326851955792425,0.3334712465239478,0.9549403918271421,0.9549370756200449,0.9549437080342392
14,Greedy event,480,127.39791666666666,126.40253102192736,128.39330231140596,0,0,0,38.947916666666664,38.84583333333333,39.05,38.947916666666664,38.84583333333333,39.05,88.45,87.448307720006,89.451692279994,122.54871391406454,121.27756553340747,123.8198622947216,0,0,0,0,0,0,0,0,0,0.3326388888888892,0.3312777777777781,0.3340000000000003,0.33472222222222264,0.3320000000000004,0.3374444444444449,0.3326388888888892,0.3312777777777781,0.3340000000000003,0.9380256592352689,0.9377720690191292,0.9382792494514086
14,Planned event,480,127.39791666666666,126.40253102192736,128.39330231140596,39,39,39,38.99583333333333,38.99006465897918,39.00160200768748,38.99583333333333,38.99006465897918,39.00160200768748,88.40208333333334,87.40713085845599,89.39703580821069,93.71139385977821,91.91829993798832,95.5044877815681,0.004166666666666667,-0.0016020076874827763,0.00993534102081611,0.9998931623931624,0.9997452476661329,1.000041077120192,0.9958333333333333,0.9900646589791839,1.0016020076874828,0.33326023391812903,0.33315902910489836,0.3333614387313597,0.333369883040936,0.33331928063432065,0.3334204854475514,0.333369883040936,0.33331928063432065,0.3334204854475514,0.9378899557601703,0.937887890533142,0.9378920209871986
14.05,Greedy event,480,127.39791666666666,126.40253102192736,128.39330231140596,0,0,0,23,23,23,23,23,23,104.39791666666666,103.40253102192736,105.39330231140596,68.90414232093813,67.99672668918816,69.8115579526881,0,0,0,0,0,0,0,0,0,0.31132246376811623,0.3064467770597137,0.3161981504765188,0.608695652173912,0.6086956521739119,0.6086956521739121,0.0799818840579709,0.07510619734956837,0.08485757076637342,0.9996578927618377,0.9996578544036147,0.9996579311200607
14.05,Planned event,480,127.39791666666666,126.40253102192736,128.39330231140596,39,39,39,38.99166666666667,38.9835256142816,38.99980771905174,38.99166666666667,38.9835256142816,38.99980771905174,88.40625,87.41156303280441,89.40093696719559,93.69755673294088,91.90210867836,95.49300478752177,0.008333333333333333,0.00019228094826414036,0.016474385718402526,0.9997863247863247,0.9995775798533741,0.9999950697192752,0.9916666666666667,0.9835256142815975,0.9998077190517359,0.3331871345029243,0.3330443090224845,0.3333299599833641,0.3334064327485384,0.3333350200083185,0.33347784548875825,0.3334064327485384,0.3333350200083185,0.33347784548875825,0.9345507807750725,0.934547875481611,0.934553686068534
14.1,Greedy event,480,127.39791666666666,126.40253102192736,128.39330231140596,0,0,0,33,33,33,33,33,33,94.39791666666666,93.40253102192736,95.39330231140596,102.23715729394902,101.11216545976036,103.36214912813769,0,0,0,0,0,0,0,0,0,0.41508838383838703,0.4129965512215055,0.41718021645526854,0.4242424242424278,0.4242424242424275,0.42424242424242814,0.1606691919191919,0.1585773593023104,0.1627610245360734,0.9996734928041794,0.9996734349393143,0.9996735506690445
14.1,Planned event,480,127.39791666666666,126.40253102192736,128.39330231140596,41,41,41,40.983333333333334,40.971868623429245,40.994798043237424,40.983333333333334,40.971868623429245,40.994798043237424,86.41458333333334,85.42086508336531,87.40830158330137,96.26494149178953,94.38556568655473,98.14431729702433,0.016666666666666666,0.005201956762579422,0.02813137657075391,0.9995934959349595,0.9993138688641281,0.9998731230057909,0.9833333333333333,0.9718686234292461,0.9947980432374205,0.34124110772357874,0.3410607684149702,0.3414214470321873,0.3172052845528437,0.31711440575482347,0.3172961633508639,0.3415536077235787,0.3414396487005291,0.34166756674662824,0.9982526122725062,0.9982520246192992,0.9982531999257132
14.15,Greedy event,480,127.39791666666666,126.40253102192736,128.39330231140596,0,0,0,42,42,42,42,42,42,85.39791666666666,84.40253102192736,86.39330231140596,132.59222736062765,131.30043270867182,133.88402201258347,0,0,0,0,0,0,0,0,0,0.3333333333333337,0.33333333333333365,0.33333333333333376,0.3333333333333337,0.33333333333333365,0.33333333333333376,0.3333333333333337,0.33333333333333365,0.33333333333333376,0.9993349555403214,0.9993348767049428,0.9993350343756999
14.15,Planned event,480,127.39791666666666,126.40253102192736,128.39330231140596,42,42,42,41.983333333333334,41.971868623429245,41.994798043237424,41.983333333333334,41.971868623429245,41.994798043237424,85.41458333333334,84.42086508336531,86.40830158330137,101.7510631984943,99.89971330944877,103.60241308753982,0.016666666666666666,0.005201956762579422,0.02813137657075391,0.9996031746031747,0.999330205319744,0.9998761438866054,0.9833333333333333,0.9718686234292461,0.9947980432374205,0.3331131436314366,0.33293527100948883,0.3332910162533844,0.3334688346883473,0.33337562566473683,0.3335620437119578,0.3334180216802172,0.33330806330194096,0.3335279800584935,0.9993239300416572,0.9993198667684728,0.9993279933148416
14.2,Greedy event,480,127.39791666666666,126.40253102192736,128.39330231140596,0,0,0,42,42,42,42,42,42,85.39791666666666,84.40253102192736,86.39330231140596,132.59222736062765,131.30043270867182,133.88402201258347,0,0,0,0,0,0,0,0,0,0.3333333333333337,0.33333333333333365,0.33333333333333376,0.3333333333333337,0.33333333333333365,0.33333333333333376,0.3333333333333337,0.33333333333333365,0.33333333333333376,0.9958161704856016,0.9958160919278124,0.9958162490433907
14.2,Planned event,480,127.39791666666666,126.40253102192736,128.39330231140596,42,42,42,41.983333333333334,41.971868623429245,41.994798043237424,41.983333333333334,41.971868623429245,41.994798043237424,85.41458333333334,84.42086508336531,86.40830158330137,101.7510631984943,99.89971330944877,103.60241308753982,0.016666666666666666,0.005201956762579422,0.02813137657075391,0.9996031746031747,0.999330205319744,0.9998761438866054,0.9833333333333333,0.9718686234292461,0.9947980432374205,0.3331131436314366,0.33293527100948883,0.3332910162533844,0.3334688346883473,0.33337562566473683,0.3335620437119578,0.3334180216802172,0.33330806330194096,0.3335279800584935,0.9958051838091265,0.9958011348432422,0.9958092327750109
14.25,Greedy event,480,127.39791666666666,126.40253102192736,128.39330231140596,0,0,0,42,42,42,42,42,42,85.39791666666666,84.40253102192736,86.39330231140596,132.59222736062765,131.30043270867182,133.88402201258347,0,0,0,0,0,0,0,0,0,0.3333333333333337,0.33333333333333365,0.33333333333333376,0.3333333333333337,0.33333333333333365,0.33333333333333376,0.3333333333333337,0.33333333333333365,0.33333333333333376,0.9923220786593377,0.9923220003771899,0.9923221569414856
14.25,Planned event,480,127.39791666666666,126.40253102192736,128.39330231140596,42,42,42,41.983333333333334,41.971868623429245,41.994798043237424,41.983333333333334,41.971868623429245,41.994798043237424,85.41458333333334,84.42086508336531,86.40830158330137,101.76053023359124,99.90827484252219,103.61278562466029,0.016666666666666666,0.005201956762579422,0.02813137657075391,0.9996031746031747,0.999330205319744,0.9998761438866054,0.9833333333333333,0.9718686234292461,0.9947980432374205,0.3331131436314366,0.33293527100948883,0.3332910162533844,0.3334688346883473,0.33337562566473683,0.3335620437119578,0.3334180216802172,0.33330806330194096,0.3335279800584935,0.9923111316622015,0.992307096889851,0.9923151664345521
14.5,Greedy event,480,127.39791666666666,126.40253102192736,128.39330231140596,0,0,0,42,42,42,42,42,42,85.39791666666666,84.40253102192736,86.39330231140596,132.59222736062765,131.30043270867182,133.88402201258347,0,0,0,0,0,0,0,0,0,0.3333333333333337,0.33333333333333365,0.33333333333333376,0.3333333333333337,0.33333333333333365,0.33333333333333376,0.3333333333333337,0.33333333333333365,0.33333333333333376,0.97521307730314,0.9752130003706844,0.9752131542355956
14.5,Planned event,480,127.39791666666666,126.40253102192736,128.39330231140596,42,42,42,41.983333333333334,41.971868623429245,41.994798043237424,41.983333333333334,41.971868623429245,41.994798043237424,85.41458333333334,84.42086508336531,86.40830158330137,101.76053023359124,99.90827484252219,103.61278562466029,0.016666666666666666,0.005201956762579422,0.02813137657075391,0.9996031746031747,0.999330205319744,0.9998761438866054,0.9833333333333333,0.9718686234292461,0.9947980432374205,0.3331131436314366,0.33293527100948883,0.3332910162533844,0.3334688346883473,0.33337562566473683,0.3335620437119578,0.3334180216802172,0.33330806330194096,0.3335279800584935,0.9752023190473493,0.9751983538400393,0.9752062842546594
15,Greedy event,480,127.39791666666666,126.40253102192736,128.39330231140596,0,0,0,41.94375,41.8335,42.054,41.94375,41.8335,42.054,85.45416666666667,84.45152246947441,86.45681086385892,132.38869383462202,131.05950604255284,133.7178816266912,0,0,0,0,0,0,0,0,0,0.3326388888888892,0.3312777777777781,0.3340000000000003,0.33472222222222264,0.3320000000000004,0.3374444444444449,0.3326388888888892,0.3312777777777781,0.3340000000000003,0.9428253369307227,0.9425913863142777,0.9430592875471676
15,Planned event,480,127.39791666666666,126.40253102192736,128.39330231140596,42,42,42,41.985416666666666,41.97468105811383,41.9961522752195,41.985416666666666,41.97468105811383,41.9961522752195,85.4125,84.41839655543805,86.40660344456194,101.80434060700314,99.95906452704699,103.64961668695929,0.014583333333333334,0.0038477247804953197,0.02531894188617135,0.9996527777777778,0.9993971680503293,0.9999083875052264,0.9854166666666667,0.9746810581138287,0.9961522752195048,0.33314701897019006,0.3329816964919043,0.3333123414484758,0.33345189701897054,0.33336461564862224,0.33353917838931885,0.33340108401084045,0.33329616901896764,0.33350599900271327,0.9426962724464383,0.9426926835333729,0.9426998613595037
16,Greedy event,480,127.39791666666666,126.40253102192736,128.39330231140596,0,0,0,44.5125,44.462117197803884,44.56288280219612,44.5125,44.462117197803884,44.56288280219612,82.88541666666667,81.89368277352393,83.87715055980941,140.89894842889535,139.547982817314,142.2499140404767,0,0,0,0,0,0,0,0,0,0.33703841781603544,0.3366527141630887,0.3374241214689822,0.33703841781603544,0.3366527141630887,0.3374241214689822,0.3259231643679307,0.32515175706203714,0.3266945716738242,0.9467614884155292,0.9467456906359911,0.9467772861950673
16,Planned event,480,127.39791666666666,126.40253102192736,128.39330231140596,45,45,45,43.3375,43.25201894995677,43.42298105004323,43.3375,43.25201894995677,43.42298105004323,84.06041666666667,83.05703737214033,85.06379596119301,73.25578020216703,71.3290767715446,75.18248363278946,1.6625,1.5770189499567728,1.7479810500432273,0.963055555555556,0.9611559766657065,0.9649551344454055,0.0375,0.020486082695453975,0.05451391730454602,0.31357949394889134,0.31233322474278974,0.31482576315499294,0.34032438236387674,0.33936041206703815,0.34128835266071533,0.34609612368723497,0.3453736973249998,0.34681855004947015,0.945361860618833,0.9449652253106866,0.9457584959269794
17,Greedy event,480,127.39791666666666,126.40253102192736,128.39330231140596,0,0,0,44.7625,44.6904231966023,44.8345768033977,44.7625,44.6904231966023,44.8345768033977,82.63541666666667,81.64531412880703,83.62551920452631,141.4863695167482,140.11758778977884,142.85515124371756,0,0,0,0,0,0,0,0,0,0.35746291244332223,0.35686571151313623,0.35806011337350824,0.35755760941301923,0.3569819075382547,0.35813331128778375,0.28497947814365854,0.2838211545319199,0.28613780175539716,0.949671560522095,0.9496502844657994,0.9496928365783907
17,Planned event,480,127.39791666666666,126.40253102192736,128.39330231140596,46,46,46,43.604166666666664,43.43960400863636,43.76872932469697,43.604166666666664,43.43960400863636,43.76872932469697,83.79375,82.79164262558913,84.79585737441087,65.97770696220921,63.217548589467306,68.73786533495111,2.3958333333333335,2.2312706753030245,2.5603959913636425,0.9479166666666637,0.9443392175790484,0.9514941157542791,0.12291666666666666,0.09351214418530747,0.15232118914802587,0.3091272338036063,0.30643717021049655,0.31181729739671604,0.33464390902781516,0.33217848867064204,0.3371093293849883,0.3562288571685777,0.3539118682262179,0.35854584611093754,0.9429829349777188,0.941187424531751,0.9447784454236866
18,Greedy event,480,127.39791666666666,126.40253102192736,128.39330231140596,0,0,0,44.8625,44.7913564955497,44.933643504450295,44.8625,44.7913564955497,44.933643504450295,82.53541666666666,81.54514370148657,83.52568963184676,141.62354796246973,140.25879343719967,142.9883024877398,0,0,0,0,0,0,0,0,0,0.378724319486451,0.3780098802899712,0.37943875868293087,0.3790547066918383,0.3784523799755061,0.3796570334081704,0.24222097382170682,0.24096939146685917,0.24347255617655447,0.9522164630239426,0.9521966295299293,0.9522362965179558
18,Planned event,480,127.39791666666666,126.40253102192736,128.39330231140596,46,46,46,43.96041666666667,43.82883374320201,44.09199959013132,43.96041666666667,43.82883374320201,44.09199959013132,83.4375,82.42899762009286,84.44600237990714,68.27193274544949,65.79409925610345,70.74976623479553,2.0395833333333333,1.9080004098686743,2.171166256797992,0.9556612318840557,0.9528007335478674,0.958521730220244,0.12916666666666668,0.09913142968657922,0.15920190364675416,0.3160650167251568,0.3115002253295752,0.3206298081207384,0.3137511545639447,0.3092460514662601,0.3182562576616293,0.3701838287108957,0.36682976081780516,0.3735378966039863,0.9462175986768622,0.944706450585785,0.9477287467679394
